model,perturbation,real_delta_norm,pred_delta_norm,norm_ratio,abs_ratio,top20_sign,top20_recall
VAE,AAAS,2.8417397,1.4716974,0.5178861,0.42136604,0.95,0.35
VAE,AAR2,2.7068954,1.2058461,0.445472,0.34188366,0.8,0.25
VAE,AARS,8.214038,6.8398223,0.8326991,0.8186518,1.0,0.55
VAE,AATF,7.042739,6.1323676,0.8707362,0.83047575,1.0,0.75
VAE,ABCB7,3.2315826,2.4377825,0.7543618,0.67461026,1.0,0.75
VAE,ABHD11,2.9094632,1.5227697,0.5233851,0.44212794,0.85,0.3
VAE,ABT1,4.511051,3.9655712,0.87907916,0.8324454,1.0,0.75
VAE,ACSS2,3.3582509,2.076367,0.6182882,0.4634963,0.9,0.45
VAE,ACTR1B,2.4665847,1.049042,0.42530143,0.33183888,0.9,0.3
VAE,ACTR2,1.9722543,0.9570364,0.48525,0.37066877,0.9,0.25
VAE,ACTR5,3.9357455,2.5649145,0.6516972,0.6114031,1.0,0.45
VAE,ACTR6,3.0164921,1.791537,0.59391403,0.5510514,1.0,0.25
VAE,ACTR8,3.3830342,2.3745816,0.7019088,0.6122408,1.0,0.6
VAE,ADRM1,2.5722651,1.2139931,0.47195488,0.40657815,1.0,0.2
VAE,AFG3L2,4.904261,3.8222873,0.77938086,0.6817188,1.0,0.55
VAE,AGBL5,3.309759,1.8377379,0.55524826,0.4986845,1.0,0.3
VAE,AHCTF1,3.9594572,3.0026267,0.758343,0.6625285,1.0,0.55
VAE,AIFM1,2.7428844,1.4147317,0.5157825,0.41585705,1.0,0.25
VAE,AKIRIN2,2.3656113,1.2943759,0.54716337,0.46424395,0.85,0.4
VAE,ALDOA,1.8659793,0.8956471,0.47998768,0.4172632,0.95,0.15
VAE,ALG11,3.820544,2.7852795,0.7290269,0.59351635,1.0,0.5
VAE,ALG13,3.3853807,2.101151,0.6206543,0.53026825,1.0,0.45
VAE,ALG2,3.6274927,2.5305326,0.6975983,0.58206946,1.0,0.5
VAE,ANAPC1,2.290048,1.2731214,0.5559366,0.44889387,1.0,0.5
VAE,ANAPC10,2.9660687,1.522898,0.5134399,0.39676824,1.0,0.5
VAE,ANAPC11,2.018393,1.1235194,0.55664057,0.42686272,0.95,0.45
VAE,ANAPC13,2.5140176,1.387281,0.5518183,0.48050308,1.0,0.4
VAE,ANAPC5,3.5814726,2.5156338,0.70240206,0.62881976,1.0,0.65
VAE,ANKLE2,1.8615063,0.82821435,0.44491622,0.36597568,0.95,0.2
VAE,ANKRD11,2.0634542,1.2787666,0.61972135,0.48562762,0.85,0.3
VAE,ANKRD39,3.153388,1.7636224,0.5592786,0.48683795,0.95,0.3
VAE,ANKRD49,2.393904,1.0299726,0.43024805,0.33268794,0.85,0.25
VAE,ANKS6,2.0378528,0.9514216,0.46687457,0.37455872,0.95,0.25
VAE,AP2M1,4.7570677,3.3221428,0.6983594,0.6484311,0.95,0.4
VAE,ARGLU1,3.681106,2.0771723,0.5642794,0.5012087,1.0,0.25
VAE,ARL2,2.3168602,1.3162849,0.56813306,0.48161882,1.0,0.45
VAE,ARL4D,2.4184692,1.0439032,0.431638,0.3497167,0.8,0.35
VAE,ARMC7,2.627733,1.6158279,0.6149133,0.5695716,1.0,0.45
VAE,ARPC4,3.4288683,2.395661,0.698674,0.62825793,1.0,0.55
VAE,ASCC3,2.3997734,1.289369,0.53728783,0.40819368,0.9,0.4
VAE,ASF1B,2.8747344,1.4977016,0.5209878,0.41904187,1.0,0.35
VAE,ATF5,6.4738297,5.263689,0.8130719,0.7476683,1.0,0.65
VAE,ATP11B,4.6379232,3.7615106,0.81103337,0.7310942,1.0,0.55
VAE,ATP2A2,2.514716,1.5980932,0.6354965,0.5081905,1.0,0.65
VAE,ATP5ME,5.500448,4.6045265,0.83711845,0.7270095,1.0,0.8
VAE,ATP5MF,5.153291,4.1151166,0.7985414,0.730697,1.0,0.7
VAE,ATP5PD,7.3272867,6.272654,0.8560678,0.8001217,1.0,0.6
VAE,ATP6AP1,8.162866,7.156357,0.87669665,0.8578402,1.0,0.8
VAE,ATP6AP2,5.96801,5.25868,0.88114464,0.86806923,1.0,0.7
VAE,ATP6V0B,5.774681,4.6863837,0.8115398,0.7673551,1.0,0.65
VAE,ATP6V0C,7.020656,5.8771,0.83711547,0.7861478,1.0,0.4
VAE,ATP6V0D1,2.859844,1.939787,0.6782842,0.5369412,1.0,0.75
VAE,ATP6V1A,8.238124,7.10528,0.8624876,0.8263165,1.0,0.8
VAE,ATP6V1B2,7.6592274,6.47859,0.8458542,0.7695457,1.0,0.6
VAE,ATP6V1F,6.8794518,5.514142,0.801538,0.71567905,1.0,0.75
VAE,ATP6V1G1,4.61524,3.729881,0.8081662,0.75478905,1.0,0.7
VAE,ATP6V1H,4.8886704,3.986482,0.8154532,0.7668075,1.0,0.65
VAE,ATR,4.267317,3.649268,0.85516685,0.79552627,1.0,0.75
VAE,ATRIP,3.8537738,2.824068,0.73280585,0.63049626,1.0,0.65
VAE,AURKA,1.9511616,1.084469,0.5558068,0.5006103,0.95,0.4
VAE,AURKAIP1,3.498087,2.381837,0.680897,0.6086884,0.95,0.55
VAE,BAG6,3.9679675,2.3452241,0.5910391,0.53703356,1.0,0.35
VAE,BANP,2.2733197,0.9652978,0.42462036,0.33247268,1.0,0.3
VAE,BAP1,3.046291,2.1823797,0.7164055,0.6018254,1.0,0.5
VAE,BARD1,2.7033207,1.5024719,0.5557875,0.47016254,0.9,0.3
VAE,BCLAF1,2.8296618,1.4601378,0.5160114,0.41740632,1.0,0.3
VAE,BCR,2.6329682,1.3086987,0.4970431,0.41973707,0.9,0.25
VAE,BCS1L,2.8897448,1.4541626,0.5032149,0.38706985,0.95,0.35
VAE,BET1,3.8069553,2.7306886,0.7172894,0.62863517,1.0,0.55
VAE,BMS1,6.7970095,6.012807,0.8846254,0.8712302,1.0,0.75
VAE,BOD1L1,2.8497188,1.3807684,0.48452795,0.42537802,1.0,0.35
VAE,BORA,2.6423495,1.6034921,0.60684335,0.5062387,1.0,0.6
VAE,BPTF,2.4929304,1.499421,0.6014693,0.53876764,0.85,0.4
VAE,BRCA1,3.7833202,2.8203053,0.74545777,0.61990684,1.0,0.6
VAE,BRCA2,2.0821726,1.4933237,0.7171949,0.6144874,1.0,0.5
VAE,BRD2,2.9809525,1.6882384,0.56634194,0.47173122,0.95,0.45
VAE,BRF1,2.8532863,2.0408692,0.7152697,0.6178138,1.0,0.6
VAE,BRF2,2.2942936,1.131637,0.49323982,0.43062598,0.95,0.2
VAE,BRIP1,2.1333947,1.0023323,0.46982977,0.38948238,0.95,0.2
VAE,BRIX1,7.3494267,6.446846,0.8771903,0.8376681,1.0,0.85
VAE,BTAF1,3.5049536,1.7590187,0.50186646,0.41184887,0.85,0.4
VAE,BTF3,2.1621332,1.5036948,0.6954681,0.60091823,0.95,0.6
VAE,BTF3L4,1.9742976,0.96688503,0.4897362,0.4364535,0.95,0.2
VAE,BUB1,2.5973108,1.7134984,0.6597202,0.54720426,1.0,0.65
VAE,BUB1B,1.6710885,0.87142706,0.52147275,0.41976124,0.95,0.55
VAE,BYSL,8.647164,7.4879827,0.86594665,0.8291978,1.0,0.65
VAE,C12orf45,7.145373,6.2263856,0.87138706,0.8364658,1.0,0.7
VAE,C17orf58,2.3859558,1.3635896,0.5715067,0.4761214,1.0,0.2
VAE,C18orf21,5.998008,4.972877,0.82908815,0.7348005,1.0,0.75
VAE,C19orf25,3.7761388,2.5022786,0.66265535,0.5226547,1.0,0.65
VAE,C19orf53,3.060715,1.787535,0.58402526,0.5041002,1.0,0.35
VAE,C1orf131,7.527991,6.5392895,0.8686633,0.81025094,1.0,0.8
VAE,C7orf26,2.494321,1.6571171,0.664356,0.62790287,0.95,0.4
VAE,C9orf16,1.9522483,0.80565566,0.41268092,0.321043,0.9,0.05
VAE,C9orf78,2.72933,1.4707088,0.5388534,0.4695589,1.0,0.3
VAE,CA5A,2.0239155,0.92508805,0.4570784,0.40286157,1.0,0.15
VAE,CABIN1,2.5412745,1.5693212,0.6175331,0.5573072,1.0,0.4
VAE,CACTIN,9.674251,8.708302,0.90015256,0.9099746,1.0,0.5
VAE,CADM4,1.7966632,0.7811801,0.43479496,0.3435843,0.9,0.15
VAE,CALR,3.4101715,1.6585606,0.48635694,0.5800278,1.0,0.4
VAE,CASC3,5.0008264,3.9901888,0.7979059,0.66083896,0.95,0.65
VAE,CBX1,2.2972825,0.8458704,0.36820477,0.29433408,0.8,0.15
VAE,CCAR1,3.2702346,1.8402684,0.5627328,0.45313662,0.95,0.4
VAE,CCDC115,2.1033487,1.0287466,0.4890994,0.39355186,0.9,0.6
VAE,CCDC174,3.8727174,2.770812,0.7154697,0.6418479,1.0,0.45
VAE,CCDC59,2.6367536,2.0784955,0.7882783,0.6522681,1.0,0.85
VAE,CCDC6,1.7449094,1.1830124,0.67797923,0.60946214,0.9,0.45
VAE,CCDC86,7.957981,6.8541636,0.86129427,0.7883707,1.0,0.75
VAE,CCNB1,2.8039417,1.2740577,0.45438096,0.37797353,0.85,0.25
VAE,CCNC,3.4042609,2.0828846,0.6118463,0.5648402,1.0,0.4
VAE,CCND3,2.4929276,0.8956737,0.3592859,0.29744834,0.9,0.1
VAE,CCNH,2.837464,2.0593255,0.72576267,0.6410888,1.0,0.55
VAE,CCP110,2.5641975,1.3304595,0.51886,0.40524244,1.0,0.55
VAE,CCT2,8.164341,7.0984163,0.86944145,0.8453251,1.0,0.7
VAE,CCT3,8.387892,7.1405344,0.8512907,0.8257992,1.0,0.75
VAE,CCT4,5.770814,4.8234143,0.83582914,0.80050385,1.0,0.65
VAE,CCT5,6.7802086,5.714939,0.84288543,0.8064158,1.0,0.65
VAE,CCT6A,6.8315024,5.756892,0.8426978,0.8204082,1.0,0.6
VAE,CCT7,6.2414145,5.3529596,0.85765165,0.82251096,1.0,0.75
VAE,CCT8,4.264387,3.3468597,0.7848396,0.72140837,1.0,0.55
VAE,CD2BP2,2.78854,1.357771,0.48691112,0.42293018,1.0,0.25
VAE,CD3EAP,6.2967153,5.5665364,0.88403815,0.83278686,1.0,0.85
VAE,CDC123,3.120582,2.2493103,0.7207983,0.6067003,1.0,0.65
VAE,CDC16,4.583242,3.2261431,0.7038998,0.6444197,1.0,0.55
VAE,CDC20,2.8000681,1.7657175,0.63059807,0.5217542,0.95,0.55
VAE,CDC42,2.3326755,1.5900961,0.68166196,0.59291476,0.95,0.6
VAE,CDC45,3.9499762,2.8340273,0.7174796,0.602107,1.0,0.7
VAE,CDC6,6.721894,5.9203167,0.8807513,0.840077,1.0,0.85
VAE,CDIPT,2.3009694,1.1424978,0.4965289,0.4389852,0.95,0.25
VAE,CDK1,4.699167,4.150479,0.8832372,0.8565397,1.0,0.8
VAE,CDK2,2.0336025,1.0615128,0.5219864,0.4165155,0.95,0.45
VAE,CDT1,5.114457,4.38608,0.8575846,0.7945278,1.0,0.8
VAE,CEBPZ,6.3724356,5.660975,0.8883534,0.84586805,1.0,0.8
VAE,CENPC,3.7701395,2.490951,0.66070527,0.531345,1.0,0.4
VAE,CENPJ,5.9129405,5.1428013,0.8697536,0.81753063,1.0,0.65
VAE,CENPK,2.3339083,1.6438342,0.7043268,0.57192695,1.0,0.75
VAE,CENPN,3.6221602,2.3302588,0.64333403,0.52858037,1.0,0.45
VAE,CENPT,2.5535648,1.7076199,0.66872,0.5666695,1.0,0.5
VAE,CENPW,3.597341,2.6574464,0.7387252,0.6469966,1.0,0.75
VAE,CEP68,2.7550902,1.4316709,0.51964575,0.42013282,0.95,0.3
VAE,CEP85,2.2706347,1.0701314,0.47129178,0.41026497,0.8,0.25
VAE,CFL1,3.8732996,2.0021157,0.51690185,0.489778,1.0,0.55
VAE,CHAF1B,5.3885446,4.4336996,0.82280093,0.74697554,1.0,0.6
VAE,CHCHD1,2.6615543,1.3743953,0.5163882,0.43212157,0.95,0.35
VAE,CHCHD2,2.5570157,1.1815751,0.46209145,0.37742478,0.95,0.35
VAE,CHCHD4,5.5971537,4.795652,0.8568019,0.7929216,1.0,0.7
VAE,CHD4,4.213932,2.1350012,0.50665295,0.42565703,0.9,0.25
VAE,CHEK1,4.166517,3.2513578,0.78035396,0.7047186,1.0,0.7
VAE,CHERP,3.246897,2.2156308,0.6823841,0.5879328,1.0,0.45
VAE,CHMP4B,3.4683414,1.9586401,0.56471956,0.47054633,1.0,0.3
VAE,CHMP6,7.195433,5.9402914,0.82556415,0.80537933,1.0,0.6
VAE,CHMP7,3.1352239,1.4407024,0.45952138,0.3964272,0.85,0.25
VAE,CHORDC1,2.616024,1.1959141,0.45714954,0.3771756,0.95,0.4
VAE,CHTOP,2.6230154,1.0855895,0.4138708,0.32202396,0.85,0.25
VAE,CIAO1,2.2642858,1.0671939,0.4713159,0.4137279,1.0,0.5
VAE,CIAPIN1,4.352913,3.681092,0.84566176,0.81996006,1.0,0.7
VAE,CLASRP,1.9133962,1.140886,0.5962623,0.54480964,0.85,0.35
VAE,CLPB,2.673408,1.198856,0.44843733,0.35811248,0.85,0.35
VAE,CMPK1,2.425904,1.0126634,0.41743752,0.34266847,0.95,0.1
VAE,CMTR1,3.0378313,1.9060471,0.62743676,0.52215654,1.0,0.4
VAE,CMTR2,3.5574527,1.9058217,0.5357265,0.46677178,1.0,0.35
VAE,CNN2,1.9472327,0.7720612,0.3964915,0.34107453,0.85,0.15
VAE,CNOT1,5.8997264,4.449852,0.7542472,0.76205546,1.0,0.5
VAE,CNOT10,3.0961134,1.7744423,0.5731193,0.529597,1.0,0.4
VAE,CNOT9,2.5006719,0.9870736,0.39472336,0.32619518,0.95,0.2
VAE,COA5,3.166739,2.1633677,0.68315315,0.58298796,1.0,0.45
VAE,COASY,2.6367445,1.1469072,0.43497095,0.3572633,0.9,0.25
VAE,COG1,2.4290633,1.3500085,0.55577326,0.45257843,0.95,0.35
VAE,COG2,3.2646344,2.2099621,0.67694014,0.6367206,1.0,0.4
VAE,COG4,2.6758063,1.3049853,0.48769796,0.38258773,0.95,0.35
VAE,COG6,2.15994,1.237118,0.57275575,0.47078297,1.0,0.45
VAE,COMTD1,3.2039373,1.8786764,0.5863649,0.5230613,0.95,0.45
VAE,COPS2,5.0939717,4.037172,0.7925391,0.77011,1.0,0.7
VAE,COPS3,5.2493796,4.065176,0.7744107,0.72541165,1.0,0.65
VAE,COPS4,5.2514906,4.214568,0.80254704,0.795437,1.0,0.6
VAE,COPS5,4.2860994,3.0262551,0.70606273,0.6188186,1.0,0.6
VAE,COPS8,2.1487765,1.0103501,0.47019786,0.37551126,0.95,0.4
VAE,COQ2,1.8907671,0.7798848,0.41247007,0.34269014,0.95,0.05
VAE,COQ4,2.6271544,1.5299032,0.5823423,0.487814,1.0,0.4
VAE,COQ5,2.9677095,1.2947103,0.43626583,0.34812036,0.8,0.05
VAE,COTL1,2.6951447,1.7857038,0.66256326,0.60949874,1.0,0.35
VAE,COX10,2.3508415,1.2866782,0.5473266,0.4379177,0.95,0.35
VAE,COX11,1.9329418,0.88211215,0.45635733,0.40450132,0.8,0.25
VAE,COX5A,6.7005415,5.5634823,0.8303034,0.7286848,1.0,0.7
VAE,COX7C,5.274693,4.140339,0.78494406,0.6945573,1.0,0.65
VAE,CPSF1,3.3229556,2.0055082,0.6035314,0.5661576,1.0,0.3
VAE,CPSF3,3.9837217,2.9871302,0.74983406,0.71736026,1.0,0.45
VAE,CPSF4,4.684721,3.3477588,0.7146122,0.63704,0.95,0.5
VAE,CPSF6,5.3357635,3.6641853,0.68672186,0.6635999,1.0,0.5
VAE,CS,2.0582144,1.1393988,0.55358607,0.5071785,1.0,0.25
VAE,CSDE1,3.4503205,2.247268,0.65132153,0.54867965,1.0,0.55
VAE,CSE1L,6.8745594,5.5552993,0.80809534,0.7899088,1.0,0.55
VAE,CSNK2B,3.870081,2.3469753,0.6064409,0.57866216,0.85,0.35
VAE,CSTF1,2.8818305,1.7132386,0.59449667,0.5873939,0.8,0.35
VAE,CSTF3,5.5718637,3.8828847,0.6968736,0.657666,0.95,0.3
VAE,CTCF,4.064073,2.766187,0.680644,0.6072,1.0,0.6
VAE,CTDP1,2.0554802,1.0585841,0.5150057,0.43281895,0.9,0.35
VAE,CTNNBL1,3.8150408,2.6109464,0.6843823,0.60771793,1.0,0.4
VAE,CTU2,3.0886848,2.1042469,0.681276,0.56563926,1.0,0.4
VAE,CUL1,3.815453,2.5448356,0.6669812,0.59488493,0.95,0.45
VAE,CUL2,4.5991464,3.6952608,0.8034667,0.732005,1.0,0.75
VAE,CUL7,7.4962406,6.2913523,0.8392677,0.7883321,0.95,0.6
VAE,CWC15,5.3601527,4.388692,0.8187625,0.80447054,1.0,0.55
VAE,CWC22,9.35398,8.125462,0.86866355,0.87339735,1.0,0.65
VAE,CYC1,3.208836,1.9343618,0.6028235,0.5329941,0.95,0.45
VAE,CYFIP1,2.8391442,1.5152754,0.53370845,0.42984676,1.0,0.4
VAE,CYREN,4.3687315,3.1614854,0.7236621,0.5904118,0.95,0.75
VAE,DAP3,2.8658063,1.8076124,0.6307518,0.5181066,1.0,0.3
VAE,DARS,6.848814,5.713439,0.8342231,0.7947423,1.0,0.7
VAE,DAXX,3.9615865,2.6112897,0.6591525,0.5555469,1.0,0.55
VAE,DBR1,4.531109,3.087501,0.6814008,0.65986806,1.0,0.5
VAE,DCAF6,2.4803865,0.93992376,0.37894246,0.3025666,0.8,0.35
VAE,DCTN1,2.7174008,1.8276597,0.6725764,0.6130228,1.0,0.4
VAE,DCTN2,3.1222944,2.3907328,0.7656974,0.6440202,1.0,0.75
VAE,DCTN3,3.0137763,2.266367,0.75200236,0.6712991,1.0,0.6
VAE,DCTN4,3.305847,2.4188213,0.7316798,0.6228079,1.0,0.7
VAE,DCTN6,3.7964935,2.6946626,0.7097767,0.59206676,1.0,0.55
VAE,DCUN1D5,5.448104,4.5827537,0.8411649,0.78076416,1.0,0.75
VAE,DDOST,4.14311,2.9223812,0.70535934,0.61557066,0.95,0.55
VAE,DDX1,2.4329145,1.1530898,0.47395408,0.3845438,0.9,0.4
VAE,DDX10,7.0661535,6.265211,0.88665086,0.87305033,1.0,0.7
VAE,DDX17,2.5215647,1.2262311,0.4862977,0.44894227,0.85,0.3
VAE,DDX18,8.57192,7.308395,0.8525972,0.83969873,1.0,0.7
VAE,DDX19A,1.2120281,0.5023955,0.41450813,0.34180263,0.9,0.2
VAE,DDX20,4.305192,3.085174,0.71661705,0.683059,1.0,0.25
VAE,DDX21,7.3985267,6.5253277,0.88197666,0.85415745,1.0,0.8
VAE,DDX23,5.113131,4.3659053,0.8538614,0.8272551,1.0,0.75
VAE,DDX27,5.8193603,5.195937,0.89287084,0.83103496,1.0,0.8
VAE,DDX3X,3.0759265,1.4091134,0.4581102,0.37539154,0.9,0.25
VAE,DDX41,9.336174,8.235757,0.882134,0.88145304,1.0,0.55
VAE,DDX5,3.34866,2.1952956,0.6555743,0.610115,1.0,0.5
VAE,DDX51,6.226855,5.5819054,0.89642453,0.85865426,1.0,0.75
VAE,DDX52,5.7141747,5.046916,0.88322747,0.8513192,1.0,0.75
VAE,DDX55,4.8562913,4.314172,0.8883676,0.82333094,1.0,0.85
VAE,DDX56,6.1588254,5.1484747,0.83595073,0.78022444,1.0,0.75
VAE,DDX6,3.8481112,2.4387114,0.63374245,0.5726929,0.95,0.3
VAE,DENR,3.1842046,2.160583,0.67853147,0.5684939,1.0,0.65
VAE,DERL2,6.0515347,5.2770724,0.87202215,0.82313246,1.0,0.7
VAE,DESI1,3.0056095,1.7063402,0.5677185,0.51358813,0.9,0.35
VAE,DHODH,2.363267,1.0341737,0.43760344,0.33923814,0.9,0.4
VAE,DHPS,3.0285144,1.61655,0.5337766,0.4446376,1.0,0.35
VAE,DHX15,8.725341,7.290456,0.8355497,0.8162695,1.0,0.6
VAE,DHX16,6.6263657,5.4582906,0.82372314,0.83301646,0.95,0.4
VAE,DHX29,3.2288492,1.7553492,0.54364544,0.46846163,0.95,0.35
VAE,DHX33,4.7829804,3.7808146,0.7904725,0.66160613,0.95,0.7
VAE,DHX36,3.3098216,1.8823185,0.5687069,0.47256708,0.95,0.25
VAE,DHX37,2.1984859,1.655846,0.7531756,0.6186661,1.0,0.8
VAE,DIMT1,6.071774,5.31012,0.87455827,0.8477381,1.0,0.8
VAE,DKC1,5.6854362,4.6280026,0.81401014,0.72643423,1.0,0.7
VAE,DLD,5.6660757,4.5618124,0.8051097,0.78612876,1.0,0.55
VAE,DNAJA1,2.5109007,1.187169,0.472806,0.362563,0.75,0.2
VAE,DNAJA3,5.0829577,4.3953834,0.86472946,0.724789,1.0,0.45
VAE,DNAJC17,6.8240933,6.006962,0.88025784,0.8802849,1.0,0.5
VAE,DNAJC19,2.173951,0.90997016,0.41857898,0.34019923,0.85,0.2
VAE,DNAJC8,2.0071287,1.0349822,0.51565313,0.4202706,1.0,0.1
VAE,DNM1L,2.7501824,1.3331468,0.4847485,0.43238816,0.95,0.25
VAE,DNMT1,3.5638652,2.4579108,0.68967557,0.6312314,0.95,0.6
VAE,DNTTIP2,8.789092,7.608394,0.8656633,0.8538943,1.0,0.75
VAE,DOHH,2.7394986,1.5573093,0.56846505,0.47666955,0.9,0.3
VAE,DOLK,2.175398,1.0998745,0.5055969,0.43121156,0.95,0.2
VAE,DPH2,3.0292106,1.66205,0.5486743,0.46853492,0.95,0.5
VAE,DPH3,2.542153,1.100781,0.43301132,0.3574779,0.85,0.3
VAE,DPH6,2.3699737,1.0313483,0.43517292,0.35919538,1.0,0.2
VAE,DRAP1,2.8901916,1.284345,0.44438058,0.370762,0.95,0.3
VAE,DRG1,2.9887686,1.5350214,0.5135966,0.42498222,0.95,0.35
VAE,DSTYK,2.2476566,1.3804672,0.6141806,0.50819826,1.0,0.45
VAE,DTL,4.6849647,3.9839835,0.8503764,0.7685719,1.0,0.75
VAE,DYNC1I2,3.2085574,2.2088315,0.6884189,0.5779858,1.0,0.55
VAE,DYNLL1,3.6582983,2.4620836,0.6730133,0.5999982,1.0,0.65
VAE,DYNLL2,1.9396892,0.90173405,0.46488586,0.4093587,0.9,0.15
VAE,E2F6,2.3637023,1.2477126,0.5278637,0.4482357,0.8,0.3
VAE,E4F1,4.478256,3.8235674,0.8538072,0.78386456,1.0,0.8
VAE,EARS2,3.1516628,2.0268884,0.64311713,0.55742985,1.0,0.45
VAE,EBNA1BP2,7.620724,6.6760035,0.8760327,0.83356315,1.0,0.7
VAE,ECD,3.6316247,2.379149,0.6551197,0.5432214,1.0,0.55
VAE,EDC4,2.9694228,1.8123033,0.61032176,0.5604846,0.95,0.4
VAE,EFR3A,2.15342,1.1505373,0.53428376,0.45022687,1.0,0.25
VAE,EFTUD2,8.536459,7.0731535,0.8285817,0.79354125,1.0,0.75
VAE,EHMT2,2.188402,1.0985149,0.5019713,0.42751655,1.0,0.5
VAE,EIF1,3.4783504,1.6233864,0.46671158,0.4737106,0.95,0.65
VAE,EIF1AD,2.9545603,1.5966743,0.54041016,0.47739995,1.0,0.45
VAE,EIF1AX,2.248862,1.4563321,0.6475862,0.5874098,1.0,0.45
VAE,EIF2B1,5.1871805,4.6411633,0.8947372,0.8667733,1.0,0.55
VAE,EIF2B2,8.4871855,7.5408196,0.88849473,0.8685167,1.0,0.7
VAE,EIF2B3,10.369284,9.14577,0.882006,0.857701,1.0,0.65
VAE,EIF2B4,8.467552,7.4089932,0.8749864,0.8274987,1.0,0.6
VAE,EIF2B5,8.884261,7.894127,0.8885519,0.862233,1.0,0.6
VAE,EIF2S1,12.378584,10.761185,0.8693389,0.8520441,1.0,0.6
VAE,EIF2S2,6.6984277,5.846234,0.87277704,0.836114,1.0,0.65
VAE,EIF2S3,11.641071,10.156573,0.87247753,0.85392797,1.0,0.65
VAE,EIF3A,8.275316,7.314286,0.88386786,0.8505826,1.0,0.75
VAE,EIF3B,9.4233885,8.230574,0.87341976,0.8724473,1.0,0.65
VAE,EIF3I,10.052192,8.679552,0.86344874,0.8625558,1.0,0.45
VAE,EIF3J,4.4979653,3.489545,0.77580523,0.65603405,1.0,0.7
VAE,EIF3L,3.5939815,2.5885239,0.7202385,0.63504946,1.0,0.75
VAE,EIF4A1,5.2771745,4.103978,0.77768475,0.6833829,1.0,0.6
VAE,EIF4A3,6.512128,5.549479,0.852176,0.82509625,1.0,0.75
VAE,EIF4B,2.4003375,1.2064258,0.50260675,0.56139994,0.7,0.25
VAE,EIF4E,6.390708,5.4693727,0.85583204,0.78182995,1.0,0.7
VAE,EIF4G1,4.593125,3.3558831,0.7306318,0.64486307,1.0,0.5
VAE,EIF4G2,3.375603,1.9951248,0.5910425,0.5083575,0.9,0.3
VAE,EIF4H,2.4194953,1.1732507,0.48491547,0.39289382,0.95,0.35
VAE,EIF5A,5.919408,4.8301506,0.81598544,0.814104,1.0,0.6
VAE,EIF6,4.9383116,4.037488,0.8175847,0.8004813,1.0,0.75
VAE,ELAC2,2.7348154,1.5441325,0.5646204,0.53029144,0.95,0.3
VAE,ELL,2.2000709,1.7302601,0.7864565,0.6958389,1.0,0.5
VAE,ELOB,4.377112,2.976594,0.68003607,0.6109742,1.0,0.65
VAE,ELOF1,4.1423845,2.9713478,0.7173037,0.67716414,1.0,0.5
VAE,ELOVL1,2.2223108,1.1258613,0.50661737,0.45395327,0.95,0.3
VAE,ELP3,3.378304,2.7360995,0.80990326,0.7151769,1.0,0.6
VAE,ELP5,4.6455517,3.621956,0.7796611,0.6865222,1.0,0.55
VAE,ELP6,4.0123744,2.8357666,0.7067552,0.5894423,1.0,0.45
VAE,EMC1,2.4193075,1.374626,0.56818986,0.5275992,0.9,0.15
VAE,EMC4,2.437789,1.2339067,0.5061582,0.46316686,1.0,0.4
VAE,EMC7,1.8855808,0.9882399,0.5241037,0.4390805,1.0,0.45
VAE,ENO1,3.7539685,1.0594803,0.28222942,0.34873632,0.8,0.1
VAE,ENY2,3.7661629,2.728809,0.7245595,0.6580842,0.95,0.55
VAE,EPRS,8.020528,6.506056,0.8111755,0.7888335,1.0,0.55
VAE,ERAL1,2.6776297,1.3764187,0.5140437,0.40830752,1.0,0.4
VAE,ERCC2,3.1335201,2.051074,0.6545591,0.5668507,1.0,0.3
VAE,ERCC3,2.6223364,1.1580402,0.44160625,0.36637992,0.85,0.3
VAE,ESF1,2.0494776,1.5731822,0.76760155,0.65028495,1.0,0.8
VAE,ETF1,7.3671837,6.4270415,0.8723878,0.8259834,1.0,0.6
VAE,EXOC1,3.1260848,1.9039615,0.6090563,0.50190353,1.0,0.6
VAE,EXOC2,2.657122,1.4342374,0.539771,0.45895594,1.0,0.4
VAE,EXOC3,2.4618266,1.0397499,0.42234895,0.32558128,1.0,0.25
VAE,EXOC4,2.7608297,1.5958434,0.5780304,0.49999005,0.9,0.4
VAE,EXOC5,2.3660939,1.2061597,0.5097683,0.41195032,0.95,0.4
VAE,EXOC7,4.175134,3.3420951,0.8004761,0.72381854,1.0,0.65
VAE,EXOSC1,3.0946605,1.7505352,0.5656631,0.45041186,1.0,0.5
VAE,EXOSC2,6.9079905,5.9321685,0.8587401,0.85229594,1.0,0.7
VAE,EXOSC3,6.6064954,5.5111957,0.83420867,0.8087645,1.0,0.65
VAE,EXOSC4,5.9816217,5.0376825,0.8421934,0.8301183,1.0,0.65
VAE,EXOSC5,5.4263563,4.6164656,0.8507487,0.81373054,1.0,0.7
VAE,EXOSC7,5.1486316,3.9201841,0.76140314,0.6843387,1.0,0.65
VAE,EXOSC8,6.4859405,5.4287524,0.8370031,0.81261593,1.0,0.65
VAE,EXOSC9,6.8737555,5.6182585,0.8173492,0.8018337,1.0,0.7
VAE,F8A1,2.7412355,0.9889321,0.36076143,0.29301226,0.7,0.1
VAE,FAM136A,2.375647,2.0001478,0.84193814,0.7834526,1.0,0.65
VAE,FAM207A,2.0909448,1.0519669,0.503106,0.41699284,0.85,0.35
VAE,FAM32A,5.2166467,4.2664385,0.81785077,0.80661213,0.95,0.55
VAE,FARSA,8.538658,7.221828,0.8457802,0.7926933,1.0,0.55
VAE,FASN,3.9478066,2.4696136,0.625566,0.57572645,0.95,0.25
VAE,FASTKD5,3.1744921,1.2380356,0.38999483,0.40970486,0.75,0.4
VAE,FAU,7.7815843,6.641748,0.8535213,0.84664184,1.0,0.8
VAE,FBLIM1,1.9699409,0.810158,0.41126007,0.33252987,0.9,0.15
VAE,FBXO42,1.1680579,0.5814115,0.49775913,0.4247227,0.95,0.2
VAE,FCF1,4.8941092,4.1741056,0.85288364,0.78795624,1.0,0.75
VAE,FDPS,3.7725618,2.200849,0.58338314,0.49501437,1.0,0.3
VAE,FDXR,2.739523,1.1876646,0.43352973,0.37171242,0.95,0.2
VAE,FGFR1OP,3.168161,1.680122,0.5303146,0.44045538,1.0,0.1
VAE,FKBP9,2.7177906,1.8081657,0.6653072,0.60478085,1.0,0.6
VAE,FNBP4,2.0572915,1.1538942,0.56088024,0.49722737,1.0,0.5
VAE,FNTA,3.4954355,2.7566588,0.7886453,0.7483583,0.9,0.55
VAE,FOXO1,2.6301427,1.1927269,0.4534837,0.42120457,0.9,0.15
VAE,FXN,3.3234987,2.0453336,0.6154158,0.5881334,1.0,0.3
VAE,GABPA,2.6278942,1.4911809,0.5674433,0.4779708,1.0,0.7
VAE,GABPB1,5.4189506,3.9343865,0.72604215,0.64375925,0.95,0.65
VAE,GAR1,3.8595247,3.084359,0.7991551,0.6923564,1.0,0.7
VAE,GART,2.53936,1.4508309,0.5713372,0.47026554,1.0,0.3
VAE,GCLC,2.1595564,1.0223792,0.47342092,0.4188806,0.8,0.15
VAE,GEMIN4,3.8883557,2.503357,0.6438086,0.58735234,1.0,0.2
VAE,GEMIN5,6.0335474,4.960325,0.8221241,0.81741583,1.0,0.4
VAE,GFER,3.3071334,2.389019,0.7223836,0.6275921,1.0,0.7
VAE,GFM1,2.5765593,2.2591932,0.87682563,0.8278689,1.0,0.6
VAE,GFOD2,1.7041416,0.9953589,0.58408225,0.47077414,0.95,0.55
VAE,GINS1,4.485465,3.824627,0.8526712,0.79910564,1.0,0.7
VAE,GINS2,3.319973,2.3309133,0.70208806,0.6144782,1.0,0.55
VAE,GINS4,2.976636,2.270471,0.7627641,0.7135324,1.0,0.55
VAE,GLB1,5.771977,4.9795704,0.8627149,0.8285891,1.0,0.7
VAE,GLE1,4.6694922,3.6473706,0.7811065,0.724159,1.0,0.55
VAE,GLRX3,2.8716922,1.35094,0.4704334,0.383038,1.0,0.55
VAE,GLRX5,1.7330208,0.844729,0.48743156,0.3945313,0.9,0.3
VAE,GMPPB,3.4703076,2.3576066,0.67936534,0.5485149,1.0,0.65
VAE,GNB1L,2.2983449,1.2889732,0.5608267,0.47041014,1.0,0.5
VAE,GNL2,8.749113,7.6828675,0.87813103,0.8480925,1.0,0.75
VAE,GNL3,6.8200026,6.017486,0.882329,0.836166,1.0,0.75
VAE,GNL3L,5.388773,4.584403,0.85073227,0.7886387,1.0,0.75
VAE,GNPAT,4.8720703,3.8388,0.78791964,0.6719441,1.0,0.8
VAE,GNPNAT1,2.3276885,1.1888385,0.5107378,0.5358732,0.95,0.35
VAE,GOLT1B,1.9700527,1.0199366,0.51772046,0.43074507,0.85,0.25
VAE,GPKOW,4.8463516,3.6909854,0.76160085,0.7495428,1.0,0.4
VAE,GPN1,5.456439,4.333054,0.79411757,0.7496973,1.0,0.55
VAE,GPN3,7.7960305,6.6721625,0.855841,0.8320915,0.95,0.75
VAE,GPS1,4.2631063,3.5393107,0.83021873,0.8268478,0.95,0.7
VAE,GPS2,2.7780879,1.6496575,0.59381044,0.5068147,1.0,0.2
VAE,GRPEL1,6.1698008,5.4487505,0.88313234,0.82206213,1.0,0.6
VAE,GRSF1,2.801788,1.8620106,0.6645794,0.5249029,1.0,0.55
VAE,GRWD1,2.1769154,0.9106755,0.418333,0.35151917,0.9,0.15
VAE,GSK3B,2.537263,1.1648006,0.45907763,0.40413076,0.85,0.3
VAE,GSPT1,7.785261,6.776306,0.8704019,0.823187,1.0,0.65
VAE,GTF2A1,8.449998,6.99482,0.82778955,0.82853156,1.0,0.65
VAE,GTF2A2,3.7662973,2.0084693,0.53327423,0.48307514,1.0,0.35
VAE,GTF2E1,2.7771094,1.5959499,0.57468027,0.48491508,0.95,0.35
VAE,GTF2E2,4.063715,3.3913927,0.8345548,0.8317583,0.95,0.55
VAE,GTF2F2,4.625296,3.6727848,0.7940648,0.76112455,1.0,0.75
VAE,GTF2H1,5.3733068,4.175597,0.7771001,0.73090506,1.0,0.5
VAE,GTF2H3,3.0379379,1.7068133,0.56183285,0.44903988,1.0,0.45
VAE,GTF2H4,2.8616805,1.6665221,0.5823579,0.48503777,0.9,0.15
VAE,GTF3A,3.847787,2.7278683,0.70894474,0.5995641,1.0,0.55
VAE,GTF3C1,2.1843448,1.1227189,0.5139843,0.463111,0.9,0.2
VAE,GTF3C2,2.7012036,1.6332601,0.6046416,0.5507953,1.0,0.35
VAE,GTF3C6,2.353063,1.1936464,0.50727344,0.40303266,1.0,0.3
VAE,GTPBP4,4.3517094,3.7736042,0.8671545,0.7971386,1.0,0.85
VAE,GUK1,2.8037338,1.306055,0.46582702,0.4293886,0.8,0.35
VAE,GYG1,2.5249965,1.5197566,0.6018846,0.51564085,1.0,0.35
VAE,H2AFX,2.744729,1.5869862,0.57819414,0.51721674,0.95,0.4
VAE,H2AFZ,3.1320133,1.4913175,0.476153,0.50802654,0.9,0.35
VAE,H3F3A,3.3310173,1.4730275,0.4422155,0.4406433,0.95,0.3
VAE,HAMP,3.016944,1.5977808,0.5296024,0.44297165,0.95,0.3
VAE,HARS,8.712028,7.616153,0.87421125,0.81418866,1.0,0.55
VAE,HAUS8,2.4515877,1.4033433,0.57242227,0.47380012,1.0,0.6
VAE,HDAC3,3.400788,2.0086253,0.59063524,0.5617088,1.0,0.45
VAE,HDAC7,3.981686,2.8513489,0.71611595,0.6602378,1.0,0.45
VAE,HECTD1,2.7534902,1.474775,0.53560203,0.44458613,0.95,0.3
VAE,HERC1,1.9103185,1.1516423,0.6028536,0.49288738,1.0,0.55
VAE,HGS,7.2222333,6.3999186,0.8861412,0.8045774,1.0,0.75
VAE,HHEX,2.5375855,1.0968723,0.43225038,0.3668135,0.9,0.1
VAE,HIPK1,3.5062423,2.0542307,0.58587813,0.5679773,1.0,0.45
VAE,HIST1H2BN,3.1941757,1.9355714,0.605969,0.45132464,0.95,0.65
VAE,HJURP,2.4187164,1.4120743,0.58381146,0.495594,1.0,0.3
VAE,HMBOX1,2.0943854,0.9094417,0.43422845,0.36375248,0.9,0.1
VAE,HMGA1,2.5031722,1.2672448,0.50625557,0.43088996,0.85,0.3
VAE,HMGB3,4.2234826,3.2970765,0.7806535,0.65237385,1.0,0.7
VAE,HMGCS1,5.6195426,4.4883776,0.7987087,0.7681746,0.95,0.6
VAE,HNRNPA1,2.8290615,1.6834527,0.59505695,0.48850462,1.0,0.4
VAE,HNRNPDL,3.3933465,2.1123302,0.6224917,0.55021864,0.95,0.55
VAE,HNRNPH1,2.9913836,1.4159744,0.473351,0.42234936,0.85,0.2
VAE,HNRNPK,6.887448,5.5686965,0.8085283,0.7423206,1.0,0.7
VAE,HNRNPL,2.912929,2.0223677,0.6942729,0.59304625,1.0,0.55
VAE,HPS5,3.7727199,2.4280038,0.6435685,0.5714579,0.95,0.4
VAE,HS6ST1,2.1231716,1.0169506,0.4789771,0.39710054,1.0,0.25
VAE,HSCB,1.1860508,0.48224998,0.40660146,0.32055023,0.95,0.4
VAE,HSD17B10,2.6664596,2.232091,0.83709913,0.75298816,0.95,0.7
VAE,HSD17B12,1.48108,0.839874,0.56706864,0.45802197,1.0,0.55
VAE,HSP90B1,3.4773586,1.7111348,0.4920789,0.50888866,0.8,0.2
VAE,HSPA14,2.6715024,1.521466,0.569517,0.46189728,0.95,0.45
VAE,HSPA8,3.6600842,2.5546923,0.69798726,0.6566513,0.95,0.6
VAE,HSPA9,12.051329,10.938079,0.9076243,0.8914198,1.0,0.55
VAE,HSPE1,5.9134407,5.11784,0.8654589,0.8306772,1.0,0.6
VAE,HUS1,2.0296252,0.8341319,0.4109783,0.33544302,0.95,0.35
VAE,HUWE1,3.2699564,2.137984,0.6538265,0.55813175,0.9,0.25
VAE,IARS,4.9768877,3.8912036,0.7818548,0.6970622,1.0,0.65
VAE,IARS2,6.7172365,5.7580166,0.8572002,0.8075496,1.0,0.65
VAE,ICE1,7.245336,6.2623076,0.8643226,0.83332765,1.0,0.65
VAE,ILF2,4.209822,3.116482,0.74028826,0.63058597,1.0,0.75
VAE,ILF3,3.632987,2.2086499,0.60794324,0.5282594,0.95,0.45
VAE,IMP4,7.0153227,6.1238713,0.87292796,0.8349345,1.0,0.8
VAE,IMPA2,4.16291,3.3952243,0.8155892,0.7279998,1.0,0.6
VAE,IMPDH2,2.6355636,1.86364,0.7071125,0.61145556,1.0,0.6
VAE,INF2,2.5986054,1.2609715,0.48524934,0.36441058,1.0,0.5
VAE,INO80,3.6904202,2.1183472,0.57401246,0.5072382,1.0,0.25
VAE,INO80B,2.8891265,1.5621765,0.5407089,0.45298767,0.95,0.4
VAE,INPPL1,3.5098233,2.204038,0.62796265,0.5186203,0.95,0.55
VAE,INTS1,2.316389,1.2459373,0.5378791,0.47366962,0.95,0.25
VAE,INTS10,3.46178,1.863365,0.5382679,0.46074346,0.95,0.4
VAE,INTS11,4.3768563,3.7262843,0.85136086,0.77080667,1.0,0.85
VAE,INTS12,2.0722597,1.0582539,0.51067626,0.44513053,0.95,0.35
VAE,INTS13,2.1413453,1.2072127,0.5637637,0.49373558,1.0,0.5
VAE,INTS14,3.1023693,2.2587962,0.7280875,0.6960636,1.0,0.6
VAE,INTS2,7.388457,6.0089583,0.81329006,0.80863434,1.0,0.55
VAE,INTS3,4.322625,3.430309,0.7935708,0.7438851,1.0,0.65
VAE,INTS4,4.844315,3.9873013,0.82308877,0.75896496,1.0,0.65
VAE,INTS5,7.5061703,6.0646567,0.8079562,0.7950487,1.0,0.5
VAE,INTS6,5.516949,3.895066,0.7060181,0.6206316,1.0,0.45
VAE,INTS7,5.61957,4.169036,0.74187815,0.6780602,1.0,0.5
VAE,INTS8,7.821669,6.4365125,0.8229078,0.8130427,1.0,0.65
VAE,INTS9,4.017051,3.2615402,0.811924,0.77374107,0.95,0.55
VAE,IPO11,2.905123,1.7974951,0.61873287,0.5379903,0.95,0.45
VAE,IPO7,3.4282675,2.8605552,0.83440256,0.7140066,1.0,0.8
VAE,IPO9,3.7055395,2.4371676,0.65770924,0.57612365,1.0,0.4
VAE,ISCA2,2.8335793,1.8485948,0.6523886,0.5560847,1.0,0.7
VAE,ISCU,1.9659,1.0714835,0.5450346,0.47175568,1.0,0.3
VAE,ISG20L2,7.495657,6.6110597,0.88198537,0.83189905,1.0,0.8
VAE,IST1,2.778879,1.5783913,0.5679957,0.45610857,1.0,0.4
VAE,ITGB1BP1,3.187123,1.6527073,0.5185577,0.42689297,0.85,0.25
VAE,IWS1,3.2234616,1.8201342,0.564652,0.52825284,0.85,0.35
VAE,JMJD6,2.1859052,0.8600494,0.3934523,0.31469363,0.9,0.2
VAE,KAT7,3.1229134,1.7928674,0.5741009,0.4823685,1.0,0.3
VAE,KCMF1,2.847496,1.5288705,0.5369175,0.45148447,0.9,0.4
VAE,KDM1A,3.4349482,2.0206418,0.58825976,0.52445763,1.0,0.45
VAE,KDM6A,2.3354812,1.3443058,0.5756012,0.5266808,1.0,0.15
VAE,KEAP1,4.264454,3.1692004,0.74316674,0.7167045,1.0,0.65
VAE,KIAA0586,4.037351,3.1612887,0.7830106,0.69780105,1.0,0.65
VAE,KIAA1143,2.252248,0.91153646,0.40472293,0.33339244,0.95,0.1
VAE,KIF11,2.1134508,1.2849779,0.6079999,0.51027256,1.0,0.6
VAE,KIF18B,4.0873756,3.4765596,0.85056037,0.7568786,1.0,0.75
VAE,KIN,6.620284,5.744827,0.8677614,0.82933396,1.0,0.75
VAE,KRI1,6.525739,5.6743555,0.8695345,0.83267635,1.0,0.85
VAE,KRR1,5.8679576,4.751863,0.8097985,0.7006392,1.0,0.75
VAE,KTI12,2.1902657,1.3503731,0.61653394,0.47931355,1.0,0.75
VAE,LAMB1,4.2201705,3.052022,0.7231987,0.65679896,1.0,0.65
VAE,LAMTOR1,2.0237596,1.0329331,0.5104031,0.43234733,0.95,0.25
VAE,LAMTOR4,3.1992168,1.845957,0.57700276,0.4623176,1.0,0.6
VAE,LARS,9.263174,7.869707,0.84956914,0.8185926,1.0,0.7
VAE,LARS2,3.3086765,2.3614576,0.7137167,0.5833623,1.0,0.6
VAE,LAS1L,5.111237,4.484568,0.8773939,0.8102677,1.0,0.8
VAE,LDB1,2.530503,1.2034004,0.47555777,0.39534327,0.95,0.3
VAE,LETM1,2.8998585,2.1863124,0.75393766,0.6302953,1.0,0.6
VAE,LIMS1,2.535514,1.1044661,0.43559846,0.35878795,0.95,0.35
VAE,LIN52,3.025075,1.6431069,0.5431624,0.5289161,1.0,0.35
VAE,LONP1,4.062392,3.2553957,0.8013494,0.6978869,1.0,0.6
VAE,LPIN1,1.7404985,0.73411924,0.42178676,0.34576118,0.8,0.15
VAE,LRP5,2.963779,1.0531086,0.3553263,0.35243714,0.75,0.2
VAE,LRR1,3.0338945,2.3792484,0.7842225,0.6816966,1.0,0.65
VAE,LSG1,7.408053,6.5913587,0.8897559,0.8396763,1.0,0.9
VAE,LSM10,3.1992652,1.6389744,0.51229715,0.48923644,0.95,0.3
VAE,LSM12,2.945759,2.0497355,0.69582593,0.69083035,1.0,0.4
VAE,LSM2,7.410954,6.065458,0.81844497,0.7814517,1.0,0.55
VAE,LSM3,5.520939,4.1162105,0.7455635,0.6835586,1.0,0.45
VAE,LSM4,7.879846,6.6803827,0.8477809,0.8020288,1.0,0.85
VAE,LSM5,5.3877397,4.4494615,0.82584935,0.7995818,1.0,0.75
VAE,LSM6,8.023715,6.815893,0.8494685,0.8201337,1.0,0.65
VAE,LSM7,5.377205,4.412925,0.82067263,0.7888765,1.0,0.55
VAE,LTBP3,1.9939762,1.0592861,0.5312431,0.4567053,0.9,0.25
VAE,LTV1,8.420017,7.1631703,0.8507311,0.82212645,1.0,0.7
VAE,LYRM4,2.9618468,1.7889887,0.60401124,0.46875322,1.0,0.5
VAE,MAD2L1,2.6148434,1.8688325,0.7147015,0.605396,1.0,0.65
VAE,MAD2L2,2.0505426,1.2529397,0.6110284,0.55385387,1.0,0.5
VAE,MAK16,8.642721,7.476037,0.8650096,0.8057133,1.0,0.8
VAE,MALSU1,2.948768,1.8962889,0.6430784,0.52719,1.0,0.45
VAE,MANF,1.9949783,0.852007,0.4270758,0.34922114,0.95,0.35
VAE,MAP2K7,4.1087403,3.0586457,0.7444242,0.6758718,1.0,0.65
VAE,MARS,6.442479,5.549878,0.8614507,0.80116147,1.0,0.65
VAE,MASTL,2.1750283,0.9509884,0.43723035,0.37325665,0.95,0.45
VAE,MAT2A,1.8053442,0.8524388,0.4721752,0.39281446,0.85,0.3
VAE,MAX,3.9113514,2.4993467,0.63899827,0.5446903,1.0,0.45
VAE,MBD3,3.7491572,2.1280434,0.5676058,0.48952612,0.95,0.45
VAE,MBIP,2.9165587,1.4233842,0.4880355,0.40524974,0.95,0.3
VAE,MBNL1,3.4669125,2.593341,0.74802613,0.6707249,1.0,0.55
VAE,MBTPS1,3.0585241,2.2879944,0.7480714,0.66711307,1.0,0.7
VAE,MBTPS2,2.8758636,2.057985,0.715606,0.6107326,1.0,0.7
VAE,MCL1,2.1409853,1.1075728,0.5173192,0.4447202,0.95,0.35
VAE,MCM2,5.3536215,4.512529,0.84289277,0.76307887,1.0,0.8
VAE,MCM3,3.4456925,2.928373,0.8498649,0.8015598,1.0,0.7
VAE,MCM3AP,2.8702023,1.6333048,0.5690557,0.4565936,1.0,0.5
VAE,MCM5,3.4988186,2.332374,0.66661763,0.57861423,1.0,0.45
VAE,MCM6,5.3751173,4.770226,0.8874645,0.8672466,1.0,0.75
VAE,MCM7,2.595793,1.5222598,0.5864335,0.47559565,1.0,0.4
VAE,MCMBP,3.4135768,2.619882,0.76748884,0.7056129,1.0,0.6
VAE,MDN1,7.535544,6.6342072,0.8803886,0.8381529,1.0,0.8
VAE,MED11,4.8092294,4.1477246,0.862451,0.82576984,1.0,0.85
VAE,MED14,3.5237565,2.9875865,0.8478414,0.82451576,1.0,0.65
VAE,MED16,2.5599403,1.3148203,0.51361364,0.43303397,1.0,0.4
VAE,MED17,7.3975577,6.244339,0.84410816,0.7844439,1.0,0.75
VAE,MED19,4.42775,3.667819,0.8283708,0.7960364,0.95,0.5
VAE,MED20,4.384005,3.6051521,0.82234216,0.77943,1.0,0.65
VAE,MED21,5.57819,4.7670345,0.8545845,0.8133705,1.0,0.75
VAE,MED26,4.279607,2.973848,0.6948882,0.626775,0.95,0.5
VAE,MED29,6.0433197,4.93006,0.8157867,0.75980943,1.0,0.7
VAE,MED30,9.014765,7.8152866,0.86694294,0.83947664,1.0,0.75
VAE,MED4,8.257049,7.4891663,0.9070028,0.8920948,1.0,0.85
VAE,MED6,5.6372056,4.4897666,0.7964525,0.7277822,0.95,0.6
VAE,MED7,7.7300544,6.7923675,0.87869596,0.8604547,1.0,0.75
VAE,MED8,5.232717,4.3865333,0.8382898,0.7968226,1.0,0.75
VAE,MED9,9.540071,8.168854,0.85626763,0.8305341,1.0,0.9
VAE,MEN1,2.3912964,1.2887222,0.53892195,0.44818553,1.0,0.25
VAE,METAP1,3.3737445,2.100671,0.6226527,0.528822,1.0,0.5
VAE,METAP2,3.2931585,1.7630713,0.5353739,0.45567924,0.95,0.25
VAE,METTL1,2.8614938,1.3544252,0.47332802,0.40257728,1.0,0.3
VAE,METTL14,3.349722,1.9887747,0.59371334,0.50898975,0.95,0.45
VAE,METTL17,3.2699554,1.824388,0.55792445,0.47125798,0.95,0.25
VAE,METTL3,2.787392,1.815511,0.65132964,0.5615395,1.0,0.5
VAE,MEX3A,5.3476415,4.081818,0.76329315,0.6844041,1.0,0.65
VAE,MICOS10,2.6269922,1.6327124,0.62151396,0.53517234,1.0,0.55
VAE,MIOS,2.38968,1.2908072,0.54015905,0.45326683,0.85,0.3
VAE,MIPEP,2.684386,1.3705904,0.51057875,0.4342459,0.9,0.3
VAE,MIS18BP1,3.180644,2.5726304,0.80883944,0.6758863,1.0,0.8
VAE,MLLT6,2.8518307,2.151254,0.75434136,0.6967416,0.95,0.45
VAE,MMS19,2.7236493,1.7683936,0.64927363,0.550279,1.0,0.5
VAE,MMS22L,3.6229277,2.5680068,0.7088209,0.60505897,1.0,0.7
VAE,MNAT1,2.8067875,1.8079585,0.644138,0.5706131,0.95,0.3
VAE,MOB4,2.616026,1.9064441,0.72875583,0.595626,1.0,0.65
VAE,MON1A,2.158599,1.4378226,0.66609067,0.531859,0.95,0.6
VAE,MPG,3.6129968,2.1064975,0.5830333,0.48301375,1.0,0.45
VAE,MPHOSPH10,6.449708,5.6163983,0.8707988,0.8407498,1.0,0.75
VAE,MPHOSPH6,3.3717346,2.665121,0.79043025,0.67250293,1.0,0.8
VAE,MRGBP,4.1260953,2.8437274,0.68920547,0.69788027,0.95,0.45
VAE,MRM1,4.801457,3.826857,0.79701996,0.7541026,1.0,0.7
VAE,MRPL1,3.0807881,1.8394997,0.5970874,0.47800514,1.0,0.4
VAE,MRPL10,4.4791646,3.6266434,0.8096696,0.6977732,1.0,0.55
VAE,MRPL14,2.5003812,1.336505,0.5345205,0.41061527,0.95,0.45
VAE,MRPL16,3.6261024,2.885157,0.7956634,0.7333546,1.0,0.6
VAE,MRPL18,4.4774394,3.5108933,0.78412974,0.682783,1.0,0.65
VAE,MRPL20,3.4733713,2.2210543,0.63945204,0.52363294,1.0,0.45
VAE,MRPL24,3.9838293,3.3528464,0.84161395,0.7313865,1.0,0.6
VAE,MRPL27,4.2479496,3.5366766,0.8325609,0.752908,1.0,0.65
VAE,MRPL3,3.055053,2.3103976,0.7562545,0.60307765,1.0,0.55
VAE,MRPL32,3.6355383,2.6769907,0.73633957,0.6242601,1.0,0.4
VAE,MRPL34,3.8393013,3.5171983,0.9161037,0.85993403,1.0,0.8
VAE,MRPL35,3.9905636,3.4755337,0.87093806,0.8276056,1.0,0.75
VAE,MRPL36,3.2954135,2.854182,0.8661074,0.8204268,1.0,0.6
VAE,MRPL37,3.678442,2.5934715,0.7050462,0.55345124,1.0,0.55
VAE,MRPL38,3.1979856,2.2527978,0.70444274,0.5844386,1.0,0.6
VAE,MRPL39,3.4568944,2.5627155,0.7413346,0.6563561,1.0,0.5
VAE,MRPL4,4.1048737,3.0574093,0.74482423,0.6161901,1.0,0.45
VAE,MRPL41,4.536883,3.8170352,0.8413343,0.74450886,1.0,0.6
VAE,MRPL49,5.0192676,4.1452613,0.82586974,0.74750316,1.0,0.65
VAE,MRPL50,3.3395379,2.0055492,0.6005469,0.500351,1.0,0.35
VAE,MRPL51,4.081273,3.1723483,0.7772938,0.68778145,1.0,0.65
VAE,MRPL54,3.737419,2.8698342,0.7678653,0.680624,1.0,0.6
VAE,MRPL9,3.4909706,2.4048266,0.6888705,0.5593492,1.0,0.4
VAE,MRPS10,4.138545,3.075747,0.74319524,0.6259448,1.0,0.55
VAE,MRPS16,2.7248337,1.5758654,0.5783345,0.4707218,0.95,0.35
VAE,MRPS17,3.1859775,2.1244771,0.6668211,0.57363313,1.0,0.25
VAE,MRPS21,3.3194733,2.4394686,0.7348963,0.6458182,1.0,0.5
VAE,MRPS23,3.8450332,2.8076372,0.73019844,0.6263429,1.0,0.65
VAE,MRPS25,3.8212245,2.6693141,0.69854945,0.61226636,1.0,0.5
VAE,MRPS26,4.3428087,3.336163,0.768204,0.6634628,1.0,0.6
VAE,MRPS30,4.875607,3.9394438,0.80799043,0.689118,1.0,0.65
VAE,MRPS33,3.5075333,2.310298,0.65866745,0.5245321,1.0,0.5
VAE,MRPS34,3.7880774,2.7591913,0.7283883,0.62777776,1.0,0.35
VAE,MRPS35,4.95656,3.8797488,0.78275025,0.6655599,1.0,0.75
VAE,MRPS5,4.3981676,3.498154,0.7953662,0.6785845,1.0,0.7
VAE,MRPS6,2.6310282,1.5664752,0.5953852,0.5406336,1.0,0.35
VAE,MRPS7,2.6049404,1.2220434,0.46912527,0.3507964,0.9,0.3
VAE,MRPS9,3.850311,2.5923035,0.6732712,0.54727143,1.0,0.45
VAE,MSL1,3.1754525,1.6866626,0.5311566,0.5213418,0.9,0.3
VAE,MSRB1,2.692217,1.2696307,0.47159296,0.4323036,0.95,0.4
VAE,MST1,2.6930208,1.1273636,0.41862416,0.34060138,0.8,0.3
VAE,MTG2,1.918477,1.0365424,0.5402944,0.43891415,0.95,0.4
VAE,MTHFD1,3.0641184,1.5698587,0.5123362,0.44053954,1.0,0.3
VAE,MTOR,2.4238892,1.5121077,0.6238353,0.52632594,1.0,0.45
VAE,MVD,2.8171098,1.8116398,0.6430845,0.5038628,1.0,0.55
VAE,MVK,1.4152048,0.56765026,0.4011082,0.3183732,0.9,0.15
VAE,MYBBP1A,6.0792375,5.3501167,0.8800638,0.8229077,1.0,0.9
VAE,MYBL2,3.26748,2.754523,0.8430115,0.78613263,1.0,0.75
VAE,MYC,5.52264,4.0667887,0.73638487,0.7114982,1.0,0.55
VAE,MYCBP,2.2617216,0.9757436,0.4314163,0.3619749,0.95,0.1
VAE,MYSM1,2.6892278,1.2687459,0.47178817,0.38213557,0.95,0.15
VAE,MZT1,2.9699922,1.5722162,0.5293671,0.41969448,1.0,0.35
VAE,NAA10,4.9418464,3.684787,0.7456296,0.68997073,1.0,0.65
VAE,NAA15,3.618459,1.9709555,0.5446947,0.4922751,0.95,0.15
VAE,NAA20,2.7310417,1.3906609,0.5092053,0.4300144,0.9,0.3
VAE,NAA25,2.9870884,2.209025,0.7395244,0.6164967,0.95,0.65
VAE,NAA30,3.0348203,1.6336589,0.538305,0.43658316,0.95,0.35
VAE,NAA35,2.0661192,0.93334836,0.45173985,0.36605525,0.95,0.25
VAE,NAA50,2.9839423,2.1157699,0.70905185,0.60102296,1.0,0.55
VAE,NACA,7.6045337,6.601095,0.86804736,0.8158923,1.0,0.85
VAE,NAF1,2.9700363,2.2525105,0.7584118,0.64385545,1.0,0.7
VAE,NAGLU,1.8098263,0.7251307,0.40066314,0.32911527,0.85,0.1
VAE,NAPG,2.050606,1.061261,0.5175353,0.42344272,0.95,0.4
VAE,NARS,6.890522,5.8331637,0.8465489,0.8164373,1.0,0.45
VAE,NARS2,1.8260266,0.8012855,0.43881372,0.35764572,0.8,0.2
VAE,NBAS,4.2610097,3.2192948,0.7555239,0.64128554,1.0,0.6
VAE,NCAPD2,2.1904821,1.0105422,0.46133322,0.399182,0.9,0.15
VAE,NCAPG2,3.428238,2.6144445,0.7626205,0.65411633,1.0,0.6
VAE,NCAPH2,4.1173053,3.4172022,0.8299609,0.74149394,1.0,0.75
VAE,NCKAP1,2.659587,1.2846293,0.48301837,0.42576212,1.0,0.3
VAE,NDC1,2.7883244,1.4142221,0.5071943,0.47931796,0.95,0.2
VAE,NDUFA11,3.4367347,2.1968381,0.6392225,0.52369845,1.0,0.6
VAE,NDUFA2,5.50868,4.0887656,0.74224055,0.71465224,1.0,0.5
VAE,NDUFA3,5.4650493,4.2844405,0.7839711,0.6742343,0.95,0.6
VAE,NDUFA6,4.5166197,3.3854234,0.749548,0.6460378,1.0,0.6
VAE,NDUFAB1,5.5012064,4.5450115,0.8261845,0.7584406,1.0,0.7
VAE,NDUFAF3,2.9961205,1.5462996,0.5161006,0.42429644,0.9,0.45
VAE,NDUFAF5,3.2102706,1.9666884,0.6126239,0.52695334,1.0,0.6
VAE,NDUFAF7,4.2240095,3.4662824,0.8206142,0.6835117,1.0,0.8
VAE,NDUFB3,3.0731711,1.8213727,0.59266883,0.47274566,0.95,0.35
VAE,NDUFB4,5.004232,3.950619,0.7894556,0.6933242,1.0,0.65
VAE,NDUFB8,4.725877,3.583341,0.7582383,0.6442921,1.0,0.6
VAE,NDUFS3,4.044398,2.8613276,0.7074793,0.56401324,1.0,0.45
VAE,NELFA,5.671689,3.8614488,0.6808287,0.6661103,1.0,0.55
VAE,NELFB,3.2485328,2.028527,0.62444407,0.57648355,1.0,0.35
VAE,NELFCD,3.6456141,2.182377,0.59863085,0.53145504,1.0,0.45
VAE,NELFE,4.939256,3.1664648,0.64108133,0.6239527,1.0,0.55
VAE,NEMF,2.28289,0.9271326,0.40612233,0.3356613,0.9,0.1
VAE,NFATC2IP,2.0724843,0.8729356,0.4212025,0.34398553,0.75,0.15
VAE,NFKBIE,3.458813,2.0449805,0.59123766,0.51120776,0.9,0.35
VAE,NFRKB,2.9000826,1.9337441,0.6667893,0.5674918,1.0,0.45
VAE,NFS1,3.995251,3.1859415,0.7974321,0.7139068,1.0,0.65
VAE,NFYB,2.2862356,1.1322054,0.49522692,0.4145893,1.0,0.4
VAE,NFYC,3.867114,2.0909612,0.5407033,0.5517996,0.95,0.1
VAE,NHLRC2,2.7335608,1.2445605,0.45528913,0.39097553,1.0,0.2
VAE,NHP2,4.230118,3.2659035,0.7720597,0.6429866,1.0,0.8
VAE,NIFK,8.214389,7.1351886,0.86862075,0.84311336,0.95,0.75
VAE,NIP7,4.461738,3.6513531,0.8183701,0.7153915,1.0,0.65
VAE,NISCH,1.959341,0.9625081,0.4912407,0.38807747,1.0,0.35
VAE,NKAP,9.031183,8.026726,0.888779,0.87965167,1.0,0.6
VAE,NKAPD1,2.5964892,1.3467071,0.51866466,0.42746875,0.95,0.3
VAE,NLE1,8.111597,7.107014,0.8761547,0.839918,1.0,0.75
VAE,NMD3,6.0975657,5.32664,0.8735683,0.81722486,1.0,0.75
VAE,NOB1,3.492291,2.855192,0.8175699,0.71818405,1.0,0.7
VAE,NOC3L,5.896483,5.20467,0.8826736,0.82544214,1.0,0.75
VAE,NOC4L,6.1957736,5.2882743,0.8535293,0.79102904,1.0,0.75
VAE,NOL10,6.0088263,5.07466,0.8445343,0.8000161,1.0,0.7
VAE,NOL11,8.723909,7.605923,0.87184805,0.82463926,1.0,0.7
VAE,NOL12,5.589335,4.7737494,0.8540818,0.7881667,1.0,0.8
VAE,NOL6,6.8523192,5.984217,0.87331265,0.82520115,1.0,0.8
VAE,NOL7,2.543852,1.3406779,0.52702665,0.4305429,1.0,0.4
VAE,NOL8,7.2623434,6.4086623,0.882451,0.85208446,1.0,0.8
VAE,NOLC1,4.155679,3.4160569,0.8220213,0.73990214,1.0,0.7
VAE,NOM1,5.4370255,4.712623,0.86676496,0.8322102,1.0,0.75
VAE,NOMO1,2.405654,1.2300904,0.51133305,0.45927346,0.9,0.3
VAE,NOP14,6.5395284,5.8100324,0.88844824,0.8747063,1.0,0.75
VAE,NOP16,7.8407316,6.818982,0.86968696,0.7795519,1.0,0.9
VAE,NOP58,7.2462583,6.3160048,0.8716229,0.83252126,1.0,0.7
VAE,NOP9,2.4540231,1.2483484,0.5086946,0.41289443,1.0,0.4
VAE,NOS1AP,2.4504294,1.1232774,0.45840022,0.37955114,0.9,0.2
VAE,NPLOC4,7.7028832,6.5483537,0.8501172,0.82753056,1.0,0.7
VAE,NPM1,4.2525434,2.643386,0.62160116,0.64196354,1.0,0.6
VAE,NRBP1,3.2001288,2.0206027,0.6314129,0.52412236,1.0,0.4
VAE,NRDE2,3.9218519,2.809772,0.71644014,0.6590748,1.0,0.45
VAE,NSA2,6.3431277,5.5213084,0.8704394,0.81399584,1.0,0.75
VAE,NSMCE2,2.4449484,1.528119,0.6250107,0.49583298,0.95,0.5
VAE,NSUN4,2.0275764,0.9305252,0.4589347,0.36504278,0.95,0.4
VAE,NUB1,2.3568194,1.2571735,0.53341955,0.47610924,1.0,0.4
VAE,NUBP2,2.4821768,1.137244,0.45816398,0.3970857,0.9,0.05
VAE,NUDC,3.7853131,2.987066,0.78911996,0.6880358,1.0,0.75
VAE,NUDCD3,3.0324664,2.1022034,0.6932322,0.6225048,0.95,0.6
VAE,NUDT15,2.6026652,1.2501221,0.48032382,0.41768652,1.0,0.2
VAE,NUFIP1,2.635387,1.4856462,0.5637298,0.45655403,1.0,0.5
VAE,NUP107,5.1257577,4.354077,0.8494504,0.82842433,1.0,0.55
VAE,NUP133,2.4604669,1.7861755,0.7259498,0.6461656,1.0,0.5
VAE,NUP153,3.5935073,2.6695364,0.74287766,0.7177547,1.0,0.4
VAE,NUP160,5.806134,4.9503427,0.85260564,0.81876296,1.0,0.75
VAE,NUP214,2.4065409,1.6370647,0.68025637,0.5942958,1.0,0.5
VAE,NUP35,2.3977897,1.0583235,0.4413746,0.35470197,0.95,0.2
VAE,NUP43,1.9736569,0.92450196,0.4684208,0.37721226,1.0,0.35
VAE,NUP54,5.477287,4.477571,0.8174797,0.6941648,1.0,0.7
VAE,NUP62,6.9928794,5.635461,0.8058856,0.7385273,1.0,0.6
VAE,NUP85,2.6938374,1.9506259,0.7241068,0.64884317,1.0,0.4
VAE,NUP88,2.8761017,2.2714746,0.7897755,0.7456739,1.0,0.6
VAE,NUP98,7.5759487,6.601845,0.8714215,0.8488526,1.0,0.8
VAE,NUTF2,4.525183,3.6355517,0.80340433,0.7709376,1.0,0.6
VAE,NVL,7.5347795,6.6783814,0.8863407,0.83806634,1.0,0.8
VAE,OGFOD1,3.2521417,1.9788605,0.6084792,0.5458224,1.0,0.5
VAE,OIP5,2.3759985,0.969256,0.40793628,0.32326734,0.9,0.2
VAE,OLFML3,1.9158112,0.9210189,0.48074618,0.4298256,0.9,0.15
VAE,OPA1,3.7662854,2.8511202,0.7570112,0.6267618,0.95,0.5
VAE,ORC3,2.9007027,1.3707802,0.47256833,0.4108977,0.85,0.3
VAE,ORC4,2.2697535,0.94817895,0.41774535,0.35629484,0.9,0.2
VAE,ORC5,2.0450494,0.9952693,0.4866725,0.4048826,0.95,0.25
VAE,ORC6,3.8671453,3.0959835,0.8005863,0.6807492,1.0,0.75
VAE,OSGEP,3.053641,1.6850319,0.55181074,0.4315107,0.95,0.4
VAE,OSTC,3.3538437,2.0945191,0.62451303,0.495391,1.0,0.45
VAE,PABPC1,9.182985,7.6729574,0.8355624,0.8752298,1.0,0.5
VAE,PABPC4,3.313994,1.8021698,0.543806,0.50706184,0.95,0.4
VAE,PABPN1,4.774321,3.179133,0.6658817,0.6442462,1.0,0.35
VAE,PAF1,9.230793,7.4912252,0.81154734,0.7747598,1.0,0.65
VAE,PALB2,2.5757134,1.3741106,0.5334874,0.44199252,0.95,0.3
VAE,PAM16,7.4587865,6.555889,0.8789485,0.81906307,1.0,0.5
VAE,PARN,1.8544759,0.9693253,0.522695,0.4127855,1.0,0.45
VAE,PAXBP1,3.9335027,2.703618,0.6873309,0.62150943,1.0,0.35
VAE,PCBP1,4.319369,3.4223464,0.79232556,0.7508541,1.0,0.55
VAE,PCID2,2.48529,1.3794376,0.5550409,0.4743353,0.95,0.3
VAE,PCNA,6.6289725,5.698281,0.8596024,0.82578075,1.0,0.75
VAE,PCNX3,2.148493,1.0141056,0.47200784,0.4020085,0.95,0.3
VAE,PDAP1,3.1120107,1.597097,0.5132042,0.41297,0.95,0.3
VAE,PDCD11,7.864855,6.991625,0.8889706,0.88294667,1.0,0.75
VAE,PDCD5,2.0939121,1.2684923,0.60580015,0.4907886,0.95,0.45
VAE,PDCD6,2.7552228,1.4219258,0.5160838,0.47391424,0.95,0.2
VAE,PDCD6IP,1.8501008,0.8552332,0.46226305,0.36058274,0.95,0.3
VAE,PDHA1,2.4189005,1.3197004,0.5455786,0.4800807,0.95,0.45
VAE,PDRG1,4.4421973,3.408925,0.76739615,0.7157479,1.0,0.6
VAE,PELP1,6.712279,5.8677354,0.8741793,0.8286002,1.0,0.75
VAE,PES1,7.502975,6.634153,0.88420296,0.8429703,1.0,0.8
VAE,PET117,2.600553,1.612596,0.62009734,0.5450073,1.0,0.4
VAE,PEX19,2.9326668,1.8249292,0.62227637,0.5394794,1.0,0.5
VAE,PFDN2,5.8189106,4.62859,0.7954393,0.7485422,0.95,0.55
VAE,PFDN4,2.441734,1.1880912,0.4865768,0.41300827,0.95,0.3
VAE,PFDN6,3.1776664,1.730931,0.54471767,0.44698912,1.0,0.4
VAE,PFN1,3.275899,1.7371975,0.53029644,0.60266054,1.0,0.45
VAE,PGAM1,2.8498838,1.2463477,0.4373328,0.47286186,0.9,0.2
VAE,PGD,3.2427683,1.6629415,0.51281536,0.4098373,1.0,0.2
VAE,PGK1,2.341899,1.0686299,0.45630914,0.46094075,0.9,0.4
VAE,PGPEP1,3.665766,2.4204988,0.6602982,0.56391233,1.0,0.35
VAE,PGS1,3.2084532,2.0209765,0.6298912,0.4886836,1.0,0.5
VAE,PHB,9.429797,8.134097,0.86259514,0.82728165,1.0,0.65
VAE,PHB2,9.270094,8.145658,0.8787028,0.8349188,1.0,0.8
VAE,PHF12,2.7863822,1.4979566,0.53759915,0.4442288,1.0,0.35
VAE,PI4KA,1.7726814,1.0622154,0.59921396,0.52153933,1.0,0.45
VAE,PIAS1,2.697004,1.6039045,0.59469855,0.5606334,0.9,0.3
VAE,PIGH,2.9868457,1.5291673,0.5119673,0.40150174,1.0,0.5
VAE,PITRM1,1.9630673,0.9004061,0.4586731,0.3923339,1.0,0.25
VAE,PLEKHN1,3.0462012,1.6758617,0.55014807,0.42811316,0.95,0.55
VAE,PLK1,3.485482,2.4051535,0.69004905,0.624325,0.95,0.6
VAE,PLK4,2.7341022,2.2808352,0.8342172,0.77307004,1.0,0.55
VAE,PMF1,3.8617268,3.3195198,0.8595947,0.7967362,1.0,0.85
VAE,PMPCA,4.31582,3.3756716,0.78216225,0.67653227,1.0,0.7
VAE,PMPCB,5.819714,5.187716,0.8914039,0.86755055,1.0,0.5
VAE,PNKP,2.9738925,1.7801528,0.59859353,0.4871771,0.95,0.3
VAE,PNN,4.2518167,3.0336976,0.7135062,0.6576414,1.0,0.7
VAE,PNO1,7.515352,6.437785,0.8566179,0.8394061,1.0,0.75
VAE,PNPT1,4.512686,3.3407662,0.74030554,0.6865788,0.95,0.4
VAE,POGLUT3,0.949327,0.52136487,0.5491942,0.45540595,0.95,0.35
VAE,POGZ,2.786352,1.4280131,0.5125028,0.40498415,0.9,0.4
VAE,POLA1,6.3263416,5.232199,0.82704973,0.7849475,1.0,0.65
VAE,POLD1,7.0685563,5.920533,0.8375873,0.77962196,1.0,0.7
VAE,POLD2,6.841735,5.5885267,0.8168289,0.74784374,1.0,0.7
VAE,POLE,7.468443,6.1799555,0.8274758,0.7530714,1.0,0.65
VAE,POLG2,2.8670516,1.3345658,0.4654837,0.33373368,0.85,0.35
VAE,POLL,4.7656493,3.816624,0.80086124,0.7523949,0.95,0.55
VAE,POLR1D,6.1337156,5.317842,0.86698544,0.81924796,1.0,0.75
VAE,POLR1E,6.502315,5.788478,0.890218,0.853033,1.0,0.75
VAE,POLR2B,8.220969,7.1270294,0.866933,0.85340637,1.0,0.7
VAE,POLR2C,8.111291,6.851041,0.8446301,0.8238766,1.0,0.7
VAE,POLR2E,8.471163,7.359285,0.86874557,0.84293574,1.0,0.75
VAE,POLR2F,5.708194,4.6752915,0.8190492,0.768926,1.0,0.75
VAE,POLR2G,9.817696,8.509859,0.86678785,0.8413808,1.0,0.8
VAE,POLR2H,10.308628,8.649577,0.8390619,0.7938581,1.0,0.75
VAE,POLR2I,8.550869,7.3842125,0.8635628,0.8535759,1.0,0.65
VAE,POLR2K,7.5864253,6.5315475,0.86095196,0.82676834,0.95,0.75
VAE,POLR2M,2.8026521,1.7211587,0.61411786,0.5484563,0.95,0.55
VAE,POLR3B,4.444381,3.463523,0.7793037,0.69799733,1.0,0.6
VAE,POLR3C,3.664156,2.313775,0.631462,0.542475,1.0,0.4
VAE,POLR3D,5.435463,4.425555,0.8142002,0.75874203,1.0,0.45
VAE,POLR3E,2.67347,1.4353182,0.53687465,0.42884463,0.95,0.5
VAE,POLR3F,3.0851068,2.0340526,0.6593135,0.59392816,1.0,0.4
VAE,POLR3K,3.6976974,2.3902347,0.64641166,0.5963858,1.0,0.25
VAE,POLRMT,5.5225143,5.0151067,0.90812016,0.7863931,1.0,0.65
VAE,POP1,6.382973,5.5658283,0.87198055,0.81917304,1.0,0.75
VAE,POP4,6.5103474,5.774145,0.8869181,0.86266565,1.0,0.75
VAE,POP5,3.902972,3.247116,0.8319599,0.73637414,1.0,0.75
VAE,POP7,5.975526,5.16255,0.86394906,0.80881023,1.0,0.7
VAE,PPA1,2.5124793,1.365235,0.5433816,0.46054256,1.0,0.45
VAE,PPA2,3.0455315,1.7876428,0.58697236,0.45473778,1.0,0.45
VAE,PPAN,8.434944,7.360745,0.87264895,0.82029647,1.0,0.75
VAE,PPIA,2.623257,1.3872287,0.52881926,0.5110042,0.9,0.35
VAE,PPIL2,5.719928,4.6604223,0.81476945,0.74719054,1.0,0.7
VAE,PPME1,2.9963443,1.8446795,0.6156434,0.48317248,1.0,0.45
VAE,PPP1R11,4.0964713,3.1607118,0.7715694,0.69145715,1.0,0.6
VAE,PPP1R15B,3.9625382,2.7158375,0.68537825,0.6008077,1.0,0.45
VAE,PPP1R2,2.183785,1.437164,0.6581069,0.62030977,1.0,0.4
VAE,PPP1R37,1.120843,0.54371357,0.4850934,0.4043119,0.9,0.25
VAE,PPP1R8,2.8400283,1.7451694,0.61449015,0.53346974,1.0,0.4
VAE,PPP2CA,2.3964267,1.253844,0.52321404,0.41489643,1.0,0.55
VAE,PPP2R1A,1.9330583,1.1963587,0.6188943,0.5261186,1.0,0.6
VAE,PPP2R3C,2.9446683,1.789751,0.60779375,0.52413744,0.95,0.6
VAE,PPP6C,2.4193652,1.8527591,0.7658038,0.7538283,1.0,0.5
VAE,PPRC1,4.025551,2.9798365,0.74023074,0.5760323,1.0,0.7
VAE,PRC1,2.201568,1.0459298,0.47508404,0.38402712,0.9,0.35
VAE,PRDM4,2.626531,1.1988093,0.45642307,0.3679519,0.85,0.45
VAE,PRELID1,7.8782907,6.7242265,0.85351336,0.7955647,1.0,0.5
VAE,PRELID3B,8.093668,7.4157896,0.9162458,0.8631577,1.0,0.7
VAE,PRIM1,7.350192,5.9772305,0.8132074,0.76443434,1.0,0.75
VAE,PRIM2,5.914118,4.665359,0.7888512,0.7160647,1.0,0.6
VAE,PRKCA,2.9135432,1.3861767,0.4757701,0.41339248,1.0,0.2
VAE,PRORP,3.2150621,1.6905075,0.5258087,0.4256407,0.9,0.45
VAE,PRPF19,5.062123,3.937925,0.7779197,0.75590557,1.0,0.5
VAE,PRPF3,8.517435,7.2816873,0.8549155,0.84539396,1.0,0.7
VAE,PRPF31,7.5718865,6.510569,0.8598345,0.8366921,1.0,0.65
VAE,PRPF39,2.619714,1.7115749,0.65334415,0.54005754,1.0,0.4
VAE,PRPF4,7.469994,6.380941,0.85420966,0.83931464,1.0,0.75
VAE,PRPF40A,7.494878,5.9642015,0.79577035,0.7465638,1.0,0.65
VAE,PRPF4B,4.3616486,3.0599542,0.70155907,0.60004604,1.0,0.65
VAE,PRPF8,7.399146,6.3035226,0.8519257,0.81871045,1.0,0.75
VAE,PRRC2A,4.0957303,3.2358413,0.79005235,0.7248005,1.0,0.6
VAE,PSAT1,2.31228,1.1682556,0.50523967,0.45402685,0.95,0.3
VAE,PSMA3,12.1766405,11.102318,0.91177183,0.9166505,1.0,0.65
VAE,PSMA4,11.405958,10.261837,0.8996909,0.9152696,1.0,0.6
VAE,PSMB1,7.6881657,6.577143,0.85548925,0.8179407,1.0,0.7
VAE,PSMB2,11.1824875,10.011763,0.8953073,0.9060421,1.0,0.7
VAE,PSMB3,11.879647,10.658531,0.8972094,0.89485276,1.0,0.65
VAE,PSMB5,12.717336,11.341432,0.8918088,0.9063514,1.0,0.7
VAE,PSMC1,11.927312,10.453196,0.87640834,0.8826602,1.0,0.65
VAE,PSMC4,11.1264105,9.846139,0.884934,0.8823205,1.0,0.8
VAE,PSMC5,12.196046,10.965036,0.8990649,0.9218069,1.0,0.7
VAE,PSMD11,11.161508,9.7319,0.8719163,0.8755913,1.0,0.65
VAE,PSMD14,10.443808,9.102777,0.87159556,0.8689313,1.0,0.7
VAE,PSMD4,5.6347804,4.5117655,0.8006994,0.733738,1.0,0.6
VAE,PSME1,2.9218533,1.3069657,0.44730708,0.37138978,0.95,0.3
VAE,PSME2,2.4369998,1.1249909,0.46162948,0.40627468,0.95,0.35
VAE,PSMG1,2.3799803,1.131009,0.4752178,0.44434735,0.95,0.1
VAE,PSMG2,3.0185103,1.3627318,0.4514584,0.35735753,1.0,0.35
VAE,PTCD1,2.670896,1.6822548,0.6298466,0.5067924,1.0,0.35
VAE,PTCD3,3.2130241,1.7077725,0.5315156,0.44356307,1.0,0.2
VAE,PTEN,2.4123833,1.4165074,0.5871817,0.5057763,1.0,0.4
VAE,PTGR2,2.9667213,1.400182,0.47196278,0.38382903,0.95,0.2
VAE,PTMA,4.3319173,2.8940682,0.6680802,0.70534664,1.0,0.6
VAE,PTPMT1,2.5474365,1.1625371,0.4563557,0.37757912,0.9,0.15
VAE,PTPN1,2.0563,0.91465396,0.4448057,0.36080962,1.0,0.3
VAE,PTPN11,2.1654105,1.0719279,0.49502295,0.38773316,1.0,0.4
VAE,PUF60,4.171093,2.7742088,0.66510355,0.6223848,0.9,0.25
VAE,PXN,3.353547,2.3948107,0.71411276,0.6091638,1.0,0.65
VAE,PYROXD1,2.440845,1.401781,0.5743015,0.44886237,0.95,0.55
VAE,PYURF,4.194021,3.329609,0.7938942,0.69110477,1.0,0.7
VAE,QARS,9.195697,8.10092,0.8809468,0.86636996,1.0,0.6
VAE,QRSL1,2.392809,1.2447386,0.5201997,0.41740283,0.95,0.4
VAE,RAB4A,1.9438928,1.0341953,0.5320228,0.43952918,1.0,0.35
VAE,RAB4B,1.3419507,0.6031266,0.4494402,0.3649219,0.95,0.3
VAE,RAB6A,3.4113154,2.0205345,0.59230363,0.50721556,0.95,0.55
VAE,RABGGTA,7.417123,6.30981,0.8507086,0.86158264,1.0,0.6
VAE,RABGGTB,5.1473956,4.1598663,0.8081497,0.76228666,1.0,0.7
VAE,RAC1,2.639205,1.2560118,0.4759054,0.4010351,0.85,0.2
VAE,RAC3,3.8730638,3.1012008,0.80070996,0.75466794,1.0,0.5
VAE,RAD51,4.504777,3.6451719,0.8091792,0.7095769,1.0,0.75
VAE,RAD51C,3.0688848,1.6159769,0.5265681,0.43981996,1.0,0.35
VAE,RAD51D,2.6051042,1.1476718,0.44054738,0.34895754,0.7,0.15
VAE,RAD9A,2.6560853,1.4945635,0.5626941,0.44967613,0.95,0.4
VAE,RAE1,5.603784,4.573102,0.8160739,0.73362094,0.95,0.8
VAE,RAMAC,3.6252515,2.2102835,0.6096911,0.43014595,1.0,0.5
VAE,RAN,5.06697,4.176369,0.82423407,0.7766878,1.0,0.7
VAE,RARS,6.135986,5.0341177,0.8204253,0.7657395,1.0,0.6
VAE,RARS2,2.768286,2.1136236,0.76351345,0.68900836,1.0,0.7
VAE,RBBP4,2.580681,0.9490661,0.367758,0.29484344,0.9,0.25
VAE,RBBP5,5.19759,3.8424668,0.73927855,0.6592763,1.0,0.55
VAE,RBBP8,5.041733,4.2363267,0.8402521,0.73759484,1.0,0.7
VAE,RBM10,2.240855,1.3237468,0.59073293,0.53269076,1.0,0.25
VAE,RBM15,2.6989276,1.5864649,0.587813,0.5126646,1.0,0.35
VAE,RBM17,4.2347484,2.844334,0.6716654,0.60048306,0.9,0.45
VAE,RBM19,5.994122,4.954813,0.826612,0.75332564,1.0,0.7
VAE,RBM28,7.2685018,6.393897,0.87967193,0.83348536,1.0,0.8
VAE,RBM33,3.0499184,1.6318352,0.5350422,0.46116322,0.9,0.25
VAE,RBM4,3.1815329,1.5454508,0.48575667,0.4056997,0.95,0.25
VAE,RBM42,4.3152475,3.3868458,0.78485554,0.69326293,1.0,0.6
VAE,RBM48,2.8003404,1.6202128,0.5785771,0.46178445,1.0,0.6
VAE,RBMX2,5.307366,4.2769794,0.8058573,0.8223648,1.0,0.3
VAE,RBMXL1,3.0192463,1.6768166,0.5553759,0.4418203,1.0,0.3
VAE,RBX1,4.1425667,2.9646935,0.7156659,0.62755394,1.0,0.55
VAE,RCC1,2.1277063,1.5491709,0.72809434,0.6369863,1.0,0.4
VAE,RCL1,7.1070647,6.295858,0.8858591,0.86620206,1.0,0.7
VAE,RFC2,3.4225717,2.5702627,0.7509741,0.6309101,1.0,0.7
VAE,RFC3,3.6692512,2.9181066,0.79528666,0.70755243,1.0,0.6
VAE,RFC4,4.124379,3.0089943,0.729563,0.6020765,1.0,0.65
VAE,RFC5,2.6234992,1.5838565,0.60371906,0.49696925,1.0,0.3
VAE,RHOQ,1.4645094,0.7702729,0.52595973,0.45101434,1.0,0.25
VAE,RINT1,3.2096305,2.0252178,0.6309816,0.5333293,1.0,0.45
VAE,RIOK1,6.1813912,5.2148414,0.84363556,0.80094665,1.0,0.75
VAE,RMI1,2.7569377,1.2962967,0.4701944,0.3785241,0.9,0.2
VAE,RNASEH2C,1.9666724,1.2310817,0.6259719,0.64330417,0.95,0.45
VAE,RNF103,2.9997485,1.657205,0.552448,0.4276081,0.95,0.4
VAE,RNF113A,7.4675617,6.490811,0.8692008,0.8638529,1.0,0.5
VAE,RNF123,2.1035423,0.8385543,0.39863914,0.3198083,0.85,0.05
VAE,RNF14,1.9447635,0.814739,0.41893986,0.31955096,0.85,0.25
VAE,RNF8,1.4187824,0.5529516,0.3897367,0.32207537,0.95,0.15
VAE,RNGTT,2.5256832,1.4192452,0.5619253,0.47477904,0.95,0.25
VAE,RNPC3,3.728963,2.4470332,0.65622354,0.5812435,1.0,0.55
VAE,ROMO1,3.381459,2.169762,0.6416644,0.5018535,1.0,0.5
VAE,RPA1,7.9715743,6.738335,0.8452954,0.78623486,1.0,0.75
VAE,RPA2,8.846294,7.5497565,0.8534372,0.81282485,1.0,0.65
VAE,RPA3,5.558235,4.5787787,0.82378286,0.7800539,1.0,0.65
VAE,RPAP1,9.053667,7.741687,0.85508853,0.81886524,0.95,0.75
VAE,RPAP2,8.580495,7.3821845,0.8603448,0.80337846,1.0,0.85
VAE,RPAP3,3.8152003,2.6063435,0.68314725,0.61340606,1.0,0.5
VAE,RPF1,6.757993,5.8002176,0.8582752,0.81187433,1.0,0.7
VAE,RPIA,2.5160086,1.3913574,0.5530019,0.46909365,1.0,0.3
VAE,RPL10,10.042094,8.397351,0.83621514,0.8551034,1.0,0.65
VAE,RPL10A,9.833056,8.580213,0.8725886,0.86414963,1.0,0.65
VAE,RPL11,8.354897,7.1089416,0.85087126,0.8322614,1.0,0.7
VAE,RPL13,10.019,8.090432,0.80750895,0.826752,1.0,0.65
VAE,RPL14,10.927844,9.069504,0.8299445,0.83727765,1.0,0.55
VAE,RPL15,9.132358,7.8252683,0.85687274,0.8177031,1.0,0.5
VAE,RPL17,11.065269,9.201875,0.8315997,0.8506953,1.0,0.6
VAE,RPL18,10.149169,8.710882,0.85828525,0.84531635,1.0,0.7
VAE,RPL18A,9.051449,7.790871,0.86073196,0.8194564,1.0,0.7
VAE,RPL23,10.120117,8.826073,0.87213147,0.8620336,1.0,0.6
VAE,RPL23A,10.681197,9.15334,0.85695827,0.84268445,1.0,0.65
VAE,RPL24,9.356082,8.206037,0.87708044,0.8607037,1.0,0.8
VAE,RPL26,8.648739,7.511742,0.8685361,0.8393951,1.0,0.8
VAE,RPL27A,9.2276,7.8970675,0.85580945,0.8189033,1.0,0.65
VAE,RPL28,3.6694295,2.3659844,0.64478266,0.55335593,1.0,0.5
VAE,RPL29,4.3226657,1.6478302,0.38120696,0.47246033,1.0,0.25
VAE,RPL30,10.676313,9.044882,0.8471915,0.8399425,1.0,0.65
VAE,RPL31,9.980876,8.520277,0.8536602,0.83837086,1.0,0.55
VAE,RPL32,10.38073,8.725383,0.84053653,0.8472267,1.0,0.65
VAE,RPL34,10.675786,8.965901,0.8398352,0.84181017,1.0,0.7
VAE,RPL35,9.82529,8.436555,0.8586571,0.8469476,1.0,0.65
VAE,RPL35A,9.7720175,8.409833,0.8606036,0.8541368,1.0,0.65
VAE,RPL36,10.6323395,9.073857,0.85342056,0.8396845,1.0,0.65
VAE,RPL36A,4.1270814,2.931655,0.7103458,0.7055711,1.0,0.75
VAE,RPL37A,10.386874,8.675974,0.83528244,0.8423485,1.0,0.6
VAE,RPL38,10.023395,8.564633,0.85446435,0.8173739,1.0,0.65
VAE,RPL4,9.933278,8.630173,0.8688142,0.85986596,1.0,0.75
VAE,RPL41,1.7619928,0.75064415,0.42602,0.34789133,0.6,0.25
VAE,RPL5,9.132043,7.861423,0.86086136,0.8408057,1.0,0.6
VAE,RPL6,10.028546,8.61214,0.8587625,0.8348575,1.0,0.6
VAE,RPL7,10.189982,8.773875,0.8610295,0.8450156,1.0,0.7
VAE,RPL7L1,8.2286825,7.1918583,0.87399876,0.83575493,1.0,0.8
VAE,RPL8,10.088408,8.581923,0.8506716,0.8290539,1.0,0.7
VAE,RPL9,9.974445,8.673831,0.86960536,0.8382614,1.0,0.7
VAE,RPLP0,9.099444,8.029628,0.88243055,0.8771383,1.0,0.6
VAE,RPP14,6.7922993,6.0052724,0.8841295,0.85855836,1.0,0.8
VAE,RPP21,2.09347,1.1878138,0.5673899,0.45812982,1.0,0.5
VAE,RPP30,6.224553,5.437319,0.8735276,0.8458035,1.0,0.65
VAE,RPP40,5.890893,4.843672,0.82223046,0.74212074,1.0,0.7
VAE,RPS11,8.212224,6.914868,0.84202135,0.8165721,1.0,0.7
VAE,RPS12,7.557144,6.339474,0.83887166,0.8230296,1.0,0.75
VAE,RPS13,8.168534,7.085175,0.8673741,0.86320424,1.0,0.75
VAE,RPS14,7.082369,6.077845,0.85816556,0.8302891,1.0,0.8
VAE,RPS15,7.2382135,5.9925184,0.8279002,0.8233086,1.0,0.65
VAE,RPS15A,8.318317,6.967054,0.83755565,0.8131601,1.0,0.6
VAE,RPS18,11.096683,8.870914,0.7994204,0.83990556,1.0,0.7
VAE,RPS19,9.852957,8.279229,0.8402786,0.8230335,1.0,0.7
VAE,RPS19BP1,5.8141565,5.126969,0.88180786,0.8249248,1.0,0.7
VAE,RPS2,7.271668,6.250102,0.85951424,0.8517744,1.0,0.75
VAE,RPS20,8.353264,7.0838604,0.84803504,0.8280683,1.0,0.65
VAE,RPS21,5.964163,5.007642,0.8396219,0.7519631,1.0,0.7
VAE,RPS24,9.098284,7.3191075,0.80444926,0.8481763,1.0,0.7
VAE,RPS26,7.880711,6.7381716,0.85502076,0.852368,1.0,0.6
VAE,RPS27,3.2861266,1.4241979,0.43339714,0.5249266,0.95,0.3
VAE,RPS27A,8.519187,7.2863474,0.8552867,0.8605678,1.0,0.6
VAE,RPS28,8.108038,6.784706,0.83678764,0.7852123,1.0,0.65
VAE,RPS3,9.042701,7.738132,0.8557324,0.8404494,1.0,0.7
VAE,RPS3A,8.746764,7.524036,0.8602079,0.8489731,1.0,0.65
VAE,RPS4X,5.469515,4.6089845,0.8426679,0.787597,1.0,0.7
VAE,RPS6,9.426762,7.752964,0.82244194,0.8582005,1.0,0.65
VAE,RPS7,8.453964,7.3701463,0.8717977,0.8602544,1.0,0.7
VAE,RPS8,9.37697,7.7238245,0.8237015,0.84689975,1.0,0.65
VAE,RPS9,8.2843485,7.1292076,0.86056346,0.8482401,1.0,0.75
VAE,RPSA,8.756517,7.3616138,0.8407011,0.8263828,1.0,0.6
VAE,RPUSD3,2.6484165,1.9387491,0.7320408,0.62132794,1.0,0.6
VAE,RPUSD4,3.149464,1.7823527,0.56592256,0.44873577,1.0,0.35
VAE,RRN3,5.025676,4.072354,0.8103097,0.752281,0.95,0.65
VAE,RRP12,7.4894366,6.6128654,0.882959,0.83808386,1.0,0.65
VAE,RRP15,3.0901313,2.1454172,0.69428027,0.5727811,1.0,0.55
VAE,RRP7A,6.4164085,5.5030327,0.85765,0.82156414,1.0,0.7
VAE,RRP9,2.9665956,2.309487,0.77849746,0.6657904,0.95,0.65
VAE,RRS1,8.167405,7.2631965,0.8892906,0.8604153,1.0,0.75
VAE,RSL24D1,7.563947,6.571359,0.8687738,0.8066786,1.0,0.85
VAE,RTCB,2.7636282,1.3572164,0.49109948,0.36819515,0.9,0.3
VAE,RTEL1,1.162008,0.49760813,0.4282312,0.36903444,0.9,0.15
VAE,RTRAF,2.362303,1.4492515,0.61349094,0.5883344,1.0,0.6
VAE,RTTN,2.7683623,1.2156959,0.439139,0.365906,0.8,0.2
VAE,RUVBL1,10.654391,9.09256,0.8534096,0.81433,1.0,0.65
VAE,RUVBL2,11.064944,9.229643,0.8341337,0.7900601,1.0,0.65
VAE,S100A1,2.60043,1.2167617,0.46790788,0.4050158,0.95,0.3
VAE,SAE1,3.6244586,2.0460005,0.56449825,0.5145536,0.7,0.25
VAE,SAMD4B,3.238288,2.2346897,0.6900837,0.5407789,1.0,0.6
VAE,SAP18,2.8488398,1.3096771,0.459723,0.39162022,1.0,0.25
VAE,SARS2,3.054932,1.7885706,0.58546984,0.45420024,1.0,0.45
VAE,SART1,9.582974,8.506598,0.8876783,0.87986153,1.0,0.65
VAE,SART3,3.5399268,2.8976338,0.81855756,0.8024098,0.95,0.5
VAE,SASS6,2.51345,1.5154154,0.6029225,0.48939657,1.0,0.45
VAE,SBNO1,2.5783646,1.3825091,0.5361961,0.44800457,0.85,0.2
VAE,SCAF1,4.845561,4.0145726,0.8285052,0.8121588,1.0,0.75
VAE,SCAP,2.9373188,2.1997101,0.74888366,0.65253735,0.95,0.65
VAE,SCD,4.5182295,3.223236,0.71338475,0.68980926,0.95,0.7
VAE,SCFD1,5.8278937,4.6863623,0.80412626,0.747471,1.0,0.6
VAE,SDAD1,7.7064342,6.7373247,0.8742467,0.8262338,1.0,0.8
VAE,SDC1,4.3620005,3.4830463,0.79849744,0.68558115,1.0,0.75
VAE,SDHAF2,2.329146,1.0713282,0.4599661,0.42362806,0.85,0.25
VAE,SDHC,3.0642931,1.5550815,0.50748456,0.41941065,1.0,0.45
VAE,SDR39U1,4.1857967,3.1456888,0.7515149,0.6301841,1.0,0.7
VAE,SEC61B,3.6663785,2.6767426,0.7300781,0.6559651,1.0,0.55
VAE,SEC61G,8.160151,7.088423,0.86866325,0.8511095,1.0,0.55
VAE,SEH1L,2.9285698,2.0568419,0.7023366,0.62509775,1.0,0.5
VAE,SEM1,3.455617,2.4230115,0.7011806,0.6359339,1.0,0.5
VAE,SEPHS2,2.395524,0.90197897,0.3765268,0.32557213,0.85,0.2
VAE,SEPSECS,2.3072917,1.0159801,0.4403345,0.357515,0.95,0.4
VAE,SERPINB1,2.6639295,1.3303586,0.4993971,0.45688328,1.0,0.25
VAE,SETD1A,6.821001,5.797525,0.8499522,0.8063896,1.0,0.6
VAE,SETD5,3.2378068,2.142445,0.6616964,0.61197776,0.95,0.55
VAE,SETDB1,2.2730646,0.97816825,0.43033016,0.36395472,0.9,0.15
VAE,SETX,2.2649374,1.1352681,0.50123596,0.45537448,0.95,0.15
VAE,SF3B3,10.680645,9.813635,0.9188242,0.9320267,1.0,0.65
VAE,SF3B4,7.6689167,6.37271,0.83097917,0.7941168,1.0,0.75
VAE,SF3B5,9.950703,8.96142,0.90058166,0.9073468,1.0,0.6
VAE,SHC1,2.1718717,0.81450856,0.3750261,0.3125597,0.9,0.15
VAE,SHOC2,3.412278,2.1667938,0.6349992,0.60662854,1.0,0.4
VAE,SHQ1,1.4659641,0.7464327,0.5091753,0.47032195,0.95,0.2
VAE,SKA3,3.8517194,2.999364,0.7787078,0.6985811,1.0,0.65
VAE,SKP1,4.592577,3.4977481,0.761609,0.7102192,1.0,0.7
VAE,SLBP,4.1405554,3.0550606,0.7378384,0.6909292,1.0,0.5
VAE,SLC16A5,4.617712,3.6571496,0.791983,0.7123393,1.0,0.65
VAE,SLC1A5,0.81171,0.36232886,0.44637722,0.37216502,1.0,0.4
VAE,SLC2A8,3.8835845,3.0721853,0.7910695,0.7050226,1.0,0.65
VAE,SLC39A7,5.044678,4.084996,0.8097635,0.7013593,1.0,0.75
VAE,SLC39A9,2.5565164,1.2778326,0.49983352,0.42675507,0.9,0.25
VAE,SLC7A6OS,6.5316954,5.4190626,0.82965636,0.7729857,1.0,0.85
VAE,SLU7,4.551432,4.0771666,0.8957986,0.8895536,1.0,0.7
VAE,SMC1A,5.0083027,3.6551101,0.7298101,0.68537647,0.9,0.5
VAE,SMC5,1.8915925,0.8140808,0.43036795,0.3542382,0.85,0.25
VAE,SMC6,2.934146,1.754631,0.59800404,0.46651825,1.0,0.6
VAE,SMG5,6.217179,5.9548426,0.9578046,0.95936596,1.0,0.9
VAE,SMG7,6.5312924,5.946703,0.910494,0.8047278,1.0,0.9
VAE,SMN2,6.927236,6.052967,0.8737925,0.8804399,1.0,0.65
VAE,SMNDC1,5.1867113,3.9969347,0.7706106,0.7312091,1.0,0.4
VAE,SMUG1,2.9109807,2.0456798,0.7027459,0.5665392,1.0,0.7
VAE,SNAPC2,5.05814,4.0011063,0.79102325,0.7646771,1.0,0.35
VAE,SNAPC3,1.8777555,0.9523448,0.50717187,0.40317914,0.95,0.4
VAE,SNAPC5,2.4249907,1.1163642,0.46035817,0.3718402,0.95,0.2
VAE,SNRNP200,6.40802,5.4862685,0.8561566,0.85929924,1.0,0.65
VAE,SNRNP25,3.2413626,1.9674497,0.6069823,0.53049344,0.9,0.25
VAE,SNRNP27,4.0343847,2.745138,0.68043536,0.5714341,1.0,0.5
VAE,SNRNP35,5.269858,4.157217,0.788867,0.70790225,1.0,0.7
VAE,SNRNP40,2.8012505,1.7403158,0.6212639,0.5526241,1.0,0.45
VAE,SNRNP48,4.5149655,3.6258397,0.8030714,0.7002826,1.0,0.65
VAE,SNRNP70,7.5070047,5.913871,0.78778034,0.77148676,0.95,0.45
VAE,SNRPA1,7.831105,6.821743,0.8711086,0.84085405,1.0,0.65
VAE,SNRPB,8.359874,7.286498,0.87160385,0.82469964,1.0,0.65
VAE,SNRPC,5.2667775,4.0768194,0.77406335,0.73018533,1.0,0.7
VAE,SNRPD1,9.841963,8.723368,0.8863443,0.8437843,1.0,0.65
VAE,SNRPD3,9.660367,8.5208645,0.88204354,0.8395666,1.0,0.6
VAE,SNRPE,9.868652,8.774048,0.8890827,0.8636444,1.0,0.7
VAE,SNRPF,10.044484,8.884879,0.8845531,0.8515496,1.0,0.75
VAE,SNUPN,2.576783,1.3293849,0.5159088,0.4615765,1.0,0.25
VAE,SOD2,2.4949462,1.1037879,0.4424095,0.37132725,0.9,0.25
VAE,SP1,2.926917,1.7475492,0.5970614,0.50298375,0.95,0.35
VAE,SPAG7,3.0394552,1.5818224,0.5204296,0.4209133,1.0,0.25
VAE,SPATA5L1,4.1184993,3.0908844,0.75048804,0.6371204,1.0,0.55
VAE,SPC25,7.9739327,6.9850297,0.875983,0.83527863,1.0,0.75
VAE,SPCS3,3.4369016,2.424826,0.7055267,0.62882984,1.0,0.65
VAE,SPG7,2.6187878,1.1932379,0.45564514,0.3554915,0.95,0.3
VAE,SPOUT1,6.0911646,5.1852555,0.8512749,0.7733327,1.0,0.65
VAE,SPRTN,2.7012708,1.175359,0.43511337,0.37384418,0.9,0.3
VAE,SPTSSA,2.5142415,0.94023764,0.37396473,0.31727028,0.85,0.05
VAE,SRA1,1.5356357,0.7676589,0.4998965,0.4080071,1.0,0.25
VAE,SRBD1,2.3318732,1.811108,0.77667516,0.6853438,1.0,0.75
VAE,SRF,2.7066197,1.2744442,0.47086194,0.39636847,0.9,0.3
VAE,SRFBP1,6.600271,5.643241,0.8550014,0.8059473,1.0,0.65
VAE,SRP14,2.451885,1.5193304,0.6196581,0.54273313,1.0,0.25
VAE,SRP54,7.320365,6.804535,0.9295349,0.9331384,1.0,0.75
VAE,SRP68,5.7868466,4.9091125,0.8483226,0.835748,1.0,0.55
VAE,SRP72,3.4957786,2.7058783,0.77404165,0.739024,1.0,0.35
VAE,SRP9,2.177329,1.1070734,0.5084548,0.42914715,1.0,0.3
VAE,SRPRB,2.8635526,1.9983865,0.69786966,0.59977704,0.95,0.55
VAE,SRRM1,3.1358218,1.7064135,0.5441679,0.4427141,1.0,0.5
VAE,SRRM2,3.330313,1.9125991,0.5743001,0.4969173,1.0,0.3
VAE,SRSF1,5.5885625,3.7380881,0.6688819,0.59133375,1.0,0.65
VAE,SRSF6,2.1997156,1.2554033,0.5707116,0.47680086,0.9,0.45
VAE,SRSF7,5.521056,4.570728,0.827872,0.7672178,1.0,0.85
VAE,SS18L2,3.179091,1.9192284,0.6037035,0.49636734,0.9,0.55
VAE,SSBP3,1.283071,0.58063257,0.45253345,0.3923953,0.9,0.2
VAE,SSU72,3.3172016,2.4925485,0.75140095,0.7025514,1.0,0.6
VAE,STAT5B,3.1810682,2.3871524,0.7504248,0.69703054,1.0,0.55
VAE,STIL,2.6517859,2.0427449,0.770328,0.69996256,1.0,0.6
VAE,STRAP,3.6580126,2.576033,0.7042166,0.6172602,1.0,0.55
VAE,STRIP1,3.0739992,1.7465357,0.568164,0.4522516,1.0,0.45
VAE,STT3B,2.6691363,1.2015498,0.45016426,0.3963661,0.9,0.25
VAE,STX5,3.2808726,2.189157,0.6672484,0.5851406,1.0,0.35
VAE,STXBP4,2.2225313,1.1935697,0.53703165,0.48475617,0.9,0.3
VAE,SUDS3,4.6037226,2.8498487,0.61903137,0.59187466,0.95,0.25
VAE,SUGT1,3.721862,2.1406207,0.5751478,0.5244953,1.0,0.5
VAE,SUMO2,3.2298703,1.5603406,0.483097,0.42248225,0.9,0.25
VAE,SUPT16H,4.5403447,3.725926,0.8206262,0.7298603,1.0,0.85
VAE,SUPT20H,3.3212209,2.163649,0.65146196,0.6318862,0.9,0.35
VAE,SURF6,7.0395627,6.204559,0.88138413,0.8254903,1.0,0.75
VAE,SYMPK,7.7410927,6.073707,0.7846059,0.74848825,1.0,0.55
VAE,SYS1,3.8779187,3.1298695,0.8071003,0.6956664,1.0,0.75
VAE,TACC3,3.6205525,2.7356133,0.755579,0.68281496,1.0,0.75
VAE,TADA1,3.43288,2.2819314,0.664728,0.61895186,0.9,0.2
VAE,TADA2B,3.570446,1.9920833,0.55793685,0.4983318,0.9,0.4
VAE,TADA3,3.2110271,1.5348029,0.4779788,0.37350157,0.9,0.35
VAE,TAF10,6.1041,4.9178743,0.80566734,0.7505754,1.0,0.6
VAE,TAF11,3.0204148,1.5342561,0.50796205,0.43351215,1.0,0.45
VAE,TAF12,6.9454713,5.607798,0.80740356,0.7479269,1.0,0.65
VAE,TAF13,3.5028448,2.346763,0.6699591,0.6206906,1.0,0.4
VAE,TAF1B,2.7834961,1.6950698,0.6089715,0.4953193,1.0,0.45
VAE,TAF1C,3.602113,2.6504676,0.73580915,0.5882974,1.0,0.75
VAE,TAF1D,2.8390155,2.2130373,0.7795087,0.6820292,1.0,0.6
VAE,TAF2,7.579458,5.788898,0.76376146,0.72187185,0.95,0.55
VAE,TAF3,3.886852,2.5387945,0.653175,0.57356393,0.95,0.55
VAE,TAF5,6.4834256,5.0557547,0.77979684,0.72554475,1.0,0.55
VAE,TAF6,4.0202837,2.757722,0.68595207,0.6076311,1.0,0.6
VAE,TAF6L,3.2337847,1.784025,0.5516833,0.4869899,0.85,0.3
VAE,TAF7,6.3117795,4.6782756,0.7411976,0.69769144,0.95,0.4
VAE,TAF8,7.954769,6.3123236,0.79352695,0.77608085,1.0,0.55
VAE,TAMM41,2.989592,1.6576685,0.55447984,0.49738708,1.0,0.3
VAE,TARS,4.721358,3.828535,0.81089705,0.6886428,1.0,0.8
VAE,TARS2,3.8028927,2.947863,0.77516335,0.74488443,1.0,0.3
VAE,TAZ,2.349884,1.0995362,0.46791083,0.4164159,0.9,0.1
VAE,TBCA,1.9228299,0.91052145,0.473532,0.3665258,1.0,0.35
VAE,TBCB,4.7123394,3.603224,0.7646359,0.72027653,1.0,0.4
VAE,TBCD,2.5055203,1.5182577,0.605965,0.5072013,0.95,0.7
VAE,TBP,2.6812782,1.6137079,0.60184276,0.4825773,0.95,0.5
VAE,TBPL1,2.392343,1.1088796,0.46351194,0.42018458,0.9,0.2
VAE,TCERG1,3.8528304,2.1592166,0.5604235,0.46286878,0.9,0.35
VAE,TCOF1,2.9750855,1.9503033,0.6555453,0.64925456,0.95,0.2
VAE,TEAD3,2.0539668,1.077384,0.52453816,0.4113315,0.9,0.45
VAE,TEN1,2.726634,1.5245534,0.5591339,0.43632862,1.0,0.5
VAE,TERF2,6.1607814,5.349702,0.86834794,0.7961677,1.0,0.85
VAE,TEX10,6.2831783,5.6388254,0.89744794,0.8701677,1.0,0.75
VAE,TFAM,1.3565681,1.1676837,0.8607631,0.87707675,1.0,0.35
VAE,TFB1M,2.7362351,1.5451375,0.5646947,0.47990888,0.95,0.35
VAE,TFDP1,1.8496147,1.1945103,0.64581573,0.5953621,1.0,0.55
VAE,TFRC,3.7719295,2.846465,0.7546443,0.6528283,1.0,0.75
VAE,TGS1,2.9333897,1.7555554,0.5984733,0.5202874,1.0,0.2
VAE,THAP1,5.718785,5.0455346,0.8822739,0.8706079,1.0,0.8
VAE,THAP11,2.4080286,1.2607453,0.5235591,0.45663947,0.9,0.35
VAE,THOC1,4.2339025,2.8367946,0.6700189,0.58982,1.0,0.4
VAE,THOC2,7.573121,6.139263,0.8106649,0.80204177,1.0,0.45
VAE,THOC3,3.6890426,2.2696013,0.61522776,0.49586657,1.0,0.4
VAE,THOC5,3.8526134,2.895764,0.7516363,0.70307934,0.95,0.5
VAE,THOC6,2.355453,1.2872059,0.54647917,0.45790926,0.95,0.35
VAE,THOC7,1.6186626,0.97320163,0.60123813,0.51693535,0.95,0.4
VAE,THRAP3,2.7184277,1.3698717,0.5039206,0.41993105,1.0,0.2
VAE,TIGD1,2.4874241,1.1925138,0.47941718,0.40741715,0.95,0.25
VAE,TIMM10,2.6811867,1.4672651,0.54724467,0.44288957,0.95,0.3
VAE,TIMM13,3.4981098,2.7499354,0.78612036,0.6856662,1.0,0.6
VAE,TIMM23B,5.9249,5.3165193,0.89731795,0.8684229,1.0,0.65
VAE,TIMM44,7.7842402,6.693771,0.8599132,0.8041795,1.0,0.75
VAE,TIMM8A,2.0676436,0.9135393,0.44182628,0.34515417,0.9,0.4
VAE,TIMM9,3.3537204,2.212096,0.65959466,0.55140823,0.95,0.6
VAE,TINF2,3.4830987,2.6018703,0.7469987,0.6412579,1.0,0.65
VAE,TLCD1,2.1713848,1.3742132,0.63287413,0.50053185,1.0,0.5
VAE,TM7SF2,2.3157058,0.9425713,0.40703413,0.3453752,0.95,0.1
VAE,TMA16,6.14994,5.0989747,0.82910967,0.7402166,1.0,0.75
VAE,TMED10,3.915462,2.5674508,0.655721,0.58544993,1.0,0.6
VAE,TMEM127,2.5573764,1.1408842,0.44611508,0.42352134,0.8,0.15
VAE,TMEM199,3.309286,2.0433414,0.61745685,0.4861942,1.0,0.7
VAE,TMEM214,1.5804188,1.0205513,0.64574736,0.5442483,0.95,0.45
VAE,TMEM242,2.313225,1.7186512,0.74296755,0.6663731,1.0,0.45
VAE,TMSB10,3.828079,1.9985485,0.5220761,0.63261336,0.95,0.25
VAE,TMX2,3.5869427,2.7604,0.76956904,0.7093297,0.95,0.5
VAE,TNPO3,5.615362,4.24361,0.75571436,0.68097216,1.0,0.55
VAE,TNRC6A,2.5135493,1.3172561,0.52406216,0.48865554,1.0,0.25
VAE,TOE1,2.7108662,1.252912,0.46218145,0.39052838,0.95,0.25
VAE,TOMM22,4.4783726,3.7281175,0.8324715,0.7379047,1.0,0.6
VAE,TOMM40,3.7983494,2.660006,0.70030576,0.57241225,1.0,0.6
VAE,TOP3A,2.5700555,1.0358322,0.40303883,0.32105237,0.95,0.3
VAE,TOPBP1,4.039427,2.951674,0.73071605,0.6274509,1.0,0.75
VAE,TP53I13,2.9389684,1.8905611,0.6432737,0.50288796,0.95,0.6
VAE,TP53RK,5.0744176,3.9805102,0.784427,0.68484217,1.0,0.65
VAE,TPR,3.8538642,2.9091923,0.75487673,0.69420177,1.0,0.6
VAE,TPRKB,5.0269666,4.129691,0.8215076,0.74458003,0.95,0.7
VAE,TPT1,6.2528367,4.44605,0.7110453,0.7812571,1.0,0.65
VAE,TPX2,5.903584,5.069014,0.85863334,0.82628244,1.0,0.5
VAE,TRA2B,3.2572343,2.1316087,0.6544229,0.5315453,1.0,0.4
VAE,TRAIP,1.8138866,0.98495024,0.5430054,0.4381425,1.0,0.5
VAE,TRAPPC1,3.5547402,2.1560466,0.6065272,0.51357996,0.95,0.4
VAE,TRAPPC11,1.3938531,0.8257638,0.5924325,0.5055728,0.95,0.4
VAE,TRAPPC3,2.1553123,1.016343,0.47155255,0.39320683,1.0,0.25
VAE,TRAPPC4,3.0185783,1.6468679,0.54557735,0.4674455,1.0,0.3
VAE,TRAPPC5,3.0786712,2.332914,0.75776654,0.68490696,1.0,0.6
VAE,TRAPPC8,2.866423,1.6084442,0.5611329,0.48052293,1.0,0.35
VAE,TRIAP1,3.0549395,1.7732483,0.58045286,0.4553971,1.0,0.55
VAE,TRMT112,5.912744,4.8930287,0.8275394,0.792558,1.0,0.75
VAE,TRMT5,3.503912,2.300923,0.65667266,0.5250016,1.0,0.55
VAE,TRMT6,3.0334687,1.6058158,0.5293662,0.43619153,1.0,0.2
VAE,TRNT1,4.0908856,3.4974122,0.8549279,0.83103585,1.0,0.6
VAE,TSEN2,3.472371,2.6405494,0.76044565,0.6543435,1.0,0.55
VAE,TSEN54,2.569963,1.2432511,0.48376226,0.38339385,0.95,0.3
VAE,TSFM,2.8732748,1.6361529,0.56943834,0.5201329,0.95,0.55
VAE,TSR1,5.324223,4.7112703,0.8848747,0.8615507,1.0,0.75
VAE,TSR2,8.03054,6.904086,0.8597287,0.8562369,1.0,0.65
VAE,TTC1,2.100767,1.2465563,0.5933815,0.4529175,1.0,0.55
VAE,TTC27,3.6053329,2.2055666,0.6117512,0.50410837,0.95,0.75
VAE,TTC4,3.258736,2.186958,0.6711063,0.49478745,0.95,0.8
VAE,TTI1,4.2002077,3.0414984,0.72413045,0.64249027,1.0,0.6
VAE,TTK,6.609605,5.9892654,0.90614575,0.89301324,1.0,0.8
VAE,TUBA1B,3.4629188,1.9360081,0.5590683,0.6293468,0.8,0.65
VAE,TUBB,3.19895,1.7891817,0.5593028,0.5823515,0.95,0.35
VAE,TUBB2A,2.306239,1.3964368,0.605504,0.5445124,0.95,0.4
VAE,TUBD1,2.5931535,1.5486342,0.5972011,0.5241297,1.0,0.4
VAE,TUBE1,2.22133,0.91465986,0.41176227,0.33123657,0.95,0.1
VAE,TUBG1,1.9133879,0.9747321,0.5094273,0.4631313,1.0,0.65
VAE,TUBGCP2,3.0612082,1.8963913,0.6194911,0.5431405,1.0,0.5
VAE,TUBGCP4,3.1424959,1.9032246,0.60564107,0.5295355,1.0,0.35
VAE,TUBGCP5,2.7510455,1.9615009,0.71300197,0.6221075,1.0,0.65
VAE,TUFM,2.7961695,1.3841517,0.49501708,0.38307804,0.95,0.45
VAE,TVP23C,3.549535,2.1261475,0.59899324,0.4863469,1.0,0.45
VAE,TXNL4B,1.8986416,0.86558706,0.45589808,0.4200026,1.0,0.15
VAE,U2SURP,5.002582,3.6566374,0.73095,0.6785834,0.95,0.5
VAE,UBA2,3.3666286,2.0311844,0.60332894,0.570676,0.85,0.3
VAE,UBAP1,8.439861,7.1595993,0.84830767,0.8234216,1.0,0.65
VAE,UBE2H,2.5108383,1.1446902,0.4558996,0.3788105,0.95,0.25
VAE,UBE2I,3.931105,2.4982061,0.6354972,0.59612656,0.85,0.25
VAE,UBE2L3,3.2314165,2.0654926,0.6391911,0.5615241,1.0,0.5
VAE,UBE3C,3.4640293,1.91436,0.55263966,0.4411188,1.0,0.4
VAE,UBE3D,2.3040848,1.2207013,0.5297988,0.46920514,0.95,0.2
VAE,UBL5,5.8853345,4.697365,0.79814744,0.77783906,1.0,0.6
VAE,UBQLN4,7.045355,5.890578,0.83609384,0.8155946,0.95,0.65
VAE,UBR5,3.1487637,1.7980902,0.5710464,0.5079676,0.95,0.25
VAE,UCHL5,3.1161504,1.6943042,0.5437171,0.4259301,1.0,0.6
VAE,UFL1,3.2532187,2.246094,0.69042206,0.61292535,1.0,0.5
VAE,UFM1,5.2426224,4.0316634,0.76901656,0.68948376,1.0,0.75
VAE,UHRF1,3.7533467,2.393253,0.6376318,0.6119003,0.95,0.2
VAE,UMPS,2.9574838,1.4868706,0.50274855,0.41791573,0.95,0.3
VAE,UPF2,4.6543627,3.4660912,0.7446973,0.62796676,1.0,0.6
VAE,UQCC2,3.0174074,1.6047907,0.5318442,0.45853236,0.95,0.35
VAE,URB1,5.315926,4.4970655,0.8459609,0.7869799,0.95,0.7
VAE,URB2,5.7374616,5.129976,0.89411944,0.8320945,1.0,0.8
VAE,URI1,4.9958243,4.133972,0.8274855,0.80852234,0.95,0.55
VAE,URM1,3.0567017,1.6899058,0.5528527,0.45180014,1.0,0.4
VAE,UROD,2.2823584,0.9520829,0.4171487,0.34292033,0.9,0.15
VAE,USP10,2.988923,1.7384143,0.58161896,0.5440695,1.0,0.2
VAE,USP14,1.8435439,0.8098326,0.43928033,0.39665517,0.95,0.2
VAE,USP5,2.7464807,1.9891995,0.7242722,0.6375326,1.0,0.7
VAE,USP8,3.138236,1.8355573,0.584901,0.48085445,0.95,0.5
VAE,USP9X,3.2562404,1.5802794,0.48530796,0.41560206,1.0,0.2
VAE,UTP11,8.075253,6.80781,0.84304607,0.777185,1.0,0.8
VAE,UTP15,8.528151,7.325383,0.85896504,0.81605905,1.0,0.75
VAE,UTP18,4.7114015,3.9305227,0.83425766,0.79614335,1.0,0.7
VAE,UTP20,6.008057,5.367323,0.8933542,0.8513093,1.0,0.8
VAE,UTP23,4.7064714,4.078512,0.86657536,0.81722337,1.0,0.8
VAE,UTP6,4.5339518,3.7777095,0.8332046,0.76140285,1.0,0.7
VAE,UXS1,2.6936846,1.1968026,0.44429946,0.39814454,1.0,0.3
VAE,UXT,4.7183347,3.3352828,0.7068771,0.6476527,0.95,0.4
VAE,VARS,8.375609,7.0216174,0.83834106,0.84446764,1.0,0.55
VAE,VARS2,3.1000223,1.7524009,0.5652865,0.46774805,1.0,0.3
VAE,VPS13D,2.62327,1.3758012,0.5244604,0.43522406,0.95,0.25
VAE,VPS29,3.065587,1.588043,0.5180225,0.42473114,0.95,0.35
VAE,VPS35,2.1461756,1.348647,0.62839544,0.529936,1.0,0.4
VAE,VPS41,3.0108898,2.3131123,0.76824874,0.64498335,0.95,0.45
VAE,VPS54,1.9157406,1.0219986,0.53347445,0.51463497,1.0,0.4
VAE,WARS,5.451333,4.168094,0.7646009,0.6386435,1.0,0.5
VAE,WBP1,2.6933463,1.3986771,0.5193083,0.4636707,0.9,0.3
VAE,WBP1L,3.0742033,1.3157567,0.42799926,0.3492817,0.95,0.25
VAE,WDFY3,2.9160266,1.1633041,0.39893466,0.32247457,0.9,0.1
VAE,WDHD1,2.8219633,1.7839571,0.63216877,0.528786,1.0,0.3
VAE,WDR1,4.3228874,3.6379013,0.84154433,0.8333392,0.95,0.55
VAE,WDR12,6.465856,5.777836,0.89359176,0.8508046,1.0,0.85
VAE,WDR18,3.5401764,2.6322198,0.7435279,0.69571114,1.0,0.6
VAE,WDR26,2.218774,1.2004608,0.54104686,0.5245786,0.95,0.2
VAE,WDR3,5.897043,5.1867085,0.8795439,0.81461537,1.0,0.85
VAE,WDR33,5.9923725,4.8707643,0.81282735,0.7179438,1.0,0.7
VAE,WDR36,6.1791244,5.160279,0.8351149,0.7782421,1.0,0.8
VAE,WDR4,1.6984094,0.9199799,0.54167145,0.45039093,0.95,0.25
VAE,WDR43,8.212644,7.0356164,0.85668105,0.8246169,1.0,0.8
VAE,WDR46,4.6850886,4.1180067,0.87896025,0.82736766,1.0,0.75
VAE,WDR5,5.647655,4.059561,0.71880466,0.69463605,0.95,0.4
VAE,WDR70,4.6298504,3.9810839,0.8598731,0.8744978,1.0,0.4
VAE,WDR75,8.645987,7.447239,0.86135215,0.81822515,1.0,0.75
VAE,WDR77,2.7072537,1.7403338,0.64284104,0.5979748,1.0,0.45
VAE,WDR83OS,2.5586047,1.5252049,0.5961081,0.5294695,0.95,0.4
VAE,WTAP,1.8161284,1.0774397,0.59326184,0.5125947,1.0,0.25
VAE,XPO1,8.959661,7.6620173,0.8551683,0.82354873,1.0,0.75
VAE,XPO5,2.3954906,1.3790836,0.57569987,0.4491005,0.95,0.45
VAE,XRCC1,2.3854697,0.92286223,0.38686815,0.3118157,0.9,0.25
VAE,XRCC2,2.432319,1.1708066,0.4813541,0.44137216,0.95,0.3
VAE,XRCC5,5.1625485,4.2062693,0.81476605,0.6977637,1.0,0.85
VAE,XRCC6,3.7881808,2.8501918,0.7523906,0.62587696,1.0,0.65
VAE,XRN2,2.9508002,1.5327917,0.51944953,0.41595402,0.95,0.4
VAE,YARS,4.861742,3.940667,0.8105463,0.72881305,0.95,0.6
VAE,YARS2,3.7362943,2.449761,0.65566593,0.5416016,0.95,0.45
VAE,YEATS2,3.096274,1.85288,0.5984225,0.53259194,1.0,0.75
VAE,YPEL5,2.8021543,1.3703263,0.48902598,0.407715,0.85,0.3
VAE,YTHDC1,5.738836,4.521392,0.7878587,0.7487799,1.0,0.4
VAE,ZBTB17,1.8754094,1.101394,0.58728194,0.48457974,1.0,0.35
VAE,ZC3H13,5.511404,3.9203434,0.7113148,0.63703877,0.95,0.4
VAE,ZC3H4,3.0673366,1.7575042,0.572974,0.5392991,0.8,0.2
VAE,ZCCHC9,8.360827,7.356625,0.879892,0.8537388,1.0,0.7
VAE,ZCRB1,3.1213155,1.579879,0.50615805,0.4591664,0.9,0.4
VAE,ZDHHC7,2.5571747,2.0079834,0.78523517,0.7798144,0.95,0.55
VAE,ZFC3H1,4.681221,3.3162935,0.70842487,0.5841342,1.0,0.65
VAE,ZMAT2,4.260974,3.4065943,0.79948723,0.7803195,1.0,0.4
VAE,ZNF143,3.9994364,2.7222648,0.6806621,0.607088,0.9,0.35
VAE,ZNF207,4.2963605,3.2576385,0.7582321,0.68606764,1.0,0.45
VAE,ZNF236,5.6974053,4.753083,0.834254,0.83509743,1.0,0.55
VAE,ZNF292,2.0966105,0.9249583,0.4411684,0.36363044,0.95,0.2
VAE,ZNF574,3.44319,2.7639725,0.802736,0.6917267,1.0,0.7
VAE,ZNF720,2.535555,1.4573537,0.5747672,0.4576836,0.95,0.4
VAE,ZNF787,4.53555,3.745438,0.82579577,0.7400408,1.0,0.7
VAE,ZNF84,5.0546823,4.316981,0.8540558,0.83627164,1.0,0.75
VAE,ZNHIT1,4.0081925,2.5055046,0.62509584,0.54480666,1.0,0.35
VAE,ZNHIT2,4.225561,3.2645469,0.7725712,0.75272447,1.0,0.4
VAE,ZNHIT3,2.054583,1.5654588,0.761935,0.6392716,1.0,0.55
VAE,ZNHIT6,5.259348,4.346755,0.82648176,0.76130545,1.0,0.7
VAE,ZNRD1,4.916311,4.0537276,0.82454664,0.7344902,1.0,0.65
VAE_no_norm,AAAS,2.8417397,1.4707711,0.5175601,0.41550726,0.95,0.35
VAE_no_norm,AAR2,2.7068954,1.1521742,0.42564416,0.32693547,0.75,0.25
VAE_no_norm,AARS,8.214038,6.9023547,0.840312,0.81409365,1.0,0.6
VAE_no_norm,AATF,7.042739,6.2363033,0.88549405,0.8360344,1.0,0.7
VAE_no_norm,ABCB7,3.2315826,2.4323766,0.75268894,0.6674952,1.0,0.75
VAE_no_norm,ABHD11,2.9094632,1.4819275,0.5093474,0.42124802,0.9,0.25
VAE_no_norm,ABT1,4.511051,4.058364,0.89964926,0.8397645,1.0,0.8
VAE_no_norm,ACSS2,3.3582509,2.0691607,0.6161424,0.4574613,0.85,0.5
VAE_no_norm,ACTR1B,2.4665847,1.0224745,0.4145305,0.3228493,0.9,0.35
VAE_no_norm,ACTR2,1.9722543,0.9448905,0.4790916,0.36196622,0.9,0.25
VAE_no_norm,ACTR5,3.9357455,2.5737064,0.6539311,0.6117927,1.0,0.5
VAE_no_norm,ACTR6,3.0164921,1.8039334,0.5980236,0.5514493,1.0,0.35
VAE_no_norm,ACTR8,3.3830342,2.337885,0.69106156,0.6009846,1.0,0.55
VAE_no_norm,ADRM1,2.5722651,1.2254243,0.47639892,0.40621704,1.0,0.2
VAE_no_norm,AFG3L2,4.904261,3.7608757,0.76685876,0.66898483,1.0,0.55
VAE_no_norm,AGBL5,3.309759,1.8423327,0.5566365,0.49408862,1.0,0.2
VAE_no_norm,AHCTF1,3.9594572,3.0097396,0.76013947,0.670273,1.0,0.55
VAE_no_norm,AIFM1,2.7428844,1.4498909,0.5286008,0.4383281,0.95,0.2
VAE_no_norm,AKIRIN2,2.3656113,1.332842,0.56342393,0.46813414,0.8,0.4
VAE_no_norm,ALDOA,1.8659793,0.89398456,0.4790967,0.40755087,0.95,0.05
VAE_no_norm,ALG11,3.820544,2.7869601,0.72946686,0.58834004,1.0,0.45
VAE_no_norm,ALG13,3.3853807,2.123289,0.62719357,0.5373723,1.0,0.45
VAE_no_norm,ALG2,3.6274927,2.5510237,0.70324713,0.58348584,1.0,0.55
VAE_no_norm,ANAPC1,2.290048,1.2878598,0.56237245,0.45402166,1.0,0.45
VAE_no_norm,ANAPC10,2.9660687,1.537997,0.5185305,0.4113575,0.9,0.5
VAE_no_norm,ANAPC11,2.018393,1.1558276,0.57264745,0.434579,0.95,0.45
VAE_no_norm,ANAPC13,2.5140176,1.4121457,0.56170875,0.47920233,1.0,0.45
VAE_no_norm,ANAPC5,3.5814726,2.5011606,0.6983609,0.61601055,1.0,0.65
VAE_no_norm,ANKLE2,1.8615063,0.8494744,0.4563371,0.37608743,0.9,0.25
VAE_no_norm,ANKRD11,2.0634542,1.2990764,0.629564,0.4933638,0.85,0.3
VAE_no_norm,ANKRD39,3.153388,1.6897756,0.53586036,0.47138593,0.95,0.25
VAE_no_norm,ANKRD49,2.393904,1.0750136,0.44906297,0.34000918,0.85,0.25
VAE_no_norm,ANKS6,2.0378528,1.0196708,0.5003653,0.40675557,0.9,0.3
VAE_no_norm,AP2M1,4.7570677,3.254312,0.68410045,0.63097584,0.95,0.45
VAE_no_norm,ARGLU1,3.681106,2.062905,0.5604036,0.5044701,1.0,0.25
VAE_no_norm,ARL2,2.3168602,1.2976476,0.5600889,0.4724413,1.0,0.35
VAE_no_norm,ARL4D,2.4184692,1.1320946,0.4681038,0.37628603,0.85,0.3
VAE_no_norm,ARMC7,2.627733,1.6165863,0.6152019,0.55121756,1.0,0.45
VAE_no_norm,ARPC4,3.4288683,2.4367335,0.7106524,0.63476664,1.0,0.55
VAE_no_norm,ASCC3,2.3997734,1.317203,0.5488864,0.4190389,0.9,0.45
VAE_no_norm,ASF1B,2.8747344,1.5192889,0.52849716,0.42654312,1.0,0.4
VAE_no_norm,ATF5,6.4738297,5.238479,0.80917776,0.7355386,1.0,0.7
VAE_no_norm,ATP11B,4.6379232,3.7974331,0.81877875,0.7390904,1.0,0.6
VAE_no_norm,ATP2A2,2.514716,1.5963289,0.6347949,0.5052569,1.0,0.7
VAE_no_norm,ATP5ME,5.500448,4.568476,0.8305643,0.7300636,1.0,0.8
VAE_no_norm,ATP5MF,5.153291,4.158307,0.80692255,0.7460587,1.0,0.65
VAE_no_norm,ATP5PD,7.3272867,6.3893156,0.8719893,0.82294405,1.0,0.65
VAE_no_norm,ATP6AP1,8.162866,7.168554,0.8781908,0.8554625,1.0,0.7
VAE_no_norm,ATP6AP2,5.96801,5.272793,0.8835094,0.8704322,1.0,0.7
VAE_no_norm,ATP6V0B,5.774681,4.6644907,0.8077486,0.76565754,1.0,0.7
VAE_no_norm,ATP6V0C,7.020656,5.9380803,0.84580135,0.7989196,1.0,0.45
VAE_no_norm,ATP6V0D1,2.859844,1.973075,0.689924,0.54417086,1.0,0.7
VAE_no_norm,ATP6V1A,8.238124,7.1521745,0.86818004,0.83193773,1.0,0.85
VAE_no_norm,ATP6V1B2,7.6592274,6.5330787,0.8529684,0.7798836,1.0,0.6
VAE_no_norm,ATP6V1F,6.8794518,5.6157937,0.81631416,0.7330204,1.0,0.8
VAE_no_norm,ATP6V1G1,4.61524,3.754549,0.8135111,0.77149415,1.0,0.75
VAE_no_norm,ATP6V1H,4.8886704,3.9876592,0.81569403,0.7644763,1.0,0.65
VAE_no_norm,ATR,4.267317,3.663345,0.8584657,0.7947256,1.0,0.75
VAE_no_norm,ATRIP,3.8537738,2.9213362,0.75804555,0.6548446,1.0,0.7
VAE_no_norm,AURKA,1.9511616,1.1005325,0.56403965,0.50291544,0.95,0.3
VAE_no_norm,AURKAIP1,3.498087,2.4421186,0.6981298,0.6116604,0.95,0.55
VAE_no_norm,BAG6,3.9679675,2.49094,0.6277622,0.5669124,1.0,0.25
VAE_no_norm,BANP,2.2733197,0.99613565,0.43818545,0.33502987,0.95,0.35
VAE_no_norm,BAP1,3.046291,2.189545,0.7187576,0.60430175,0.95,0.6
VAE_no_norm,BARD1,2.7033207,1.5805047,0.584653,0.49728656,0.9,0.25
VAE_no_norm,BCLAF1,2.8296618,1.4696851,0.5193854,0.42803374,1.0,0.25
VAE_no_norm,BCR,2.6329682,1.3837441,0.5255453,0.4443171,1.0,0.25
VAE_no_norm,BCS1L,2.8897448,1.4475788,0.50093657,0.39718983,1.0,0.25
VAE_no_norm,BET1,3.8069553,2.754435,0.723527,0.6253007,1.0,0.55
VAE_no_norm,BMS1,6.7970095,6.1637917,0.9068388,0.88246065,1.0,0.8
VAE_no_norm,BOD1L1,2.8497188,1.3641981,0.4787132,0.40832943,1.0,0.3
VAE_no_norm,BORA,2.6423495,1.709392,0.6469212,0.5347851,0.95,0.65
VAE_no_norm,BPTF,2.4929304,1.5088887,0.6052671,0.5354082,0.85,0.35
VAE_no_norm,BRCA1,3.7833202,2.8601644,0.75599325,0.63116,1.0,0.6
VAE_no_norm,BRCA2,2.0821726,1.5332743,0.73638195,0.62863773,1.0,0.5
VAE_no_norm,BRD2,2.9809525,1.701233,0.5707012,0.46754065,0.95,0.4
VAE_no_norm,BRF1,2.8532863,2.0809326,0.72931087,0.62710625,1.0,0.55
VAE_no_norm,BRF2,2.2942936,1.1359317,0.49511173,0.4330551,0.95,0.25
VAE_no_norm,BRIP1,2.1333947,1.0091423,0.47302184,0.39338,0.95,0.25
VAE_no_norm,BRIX1,7.3494267,6.537124,0.88947403,0.8503514,1.0,0.85
VAE_no_norm,BTAF1,3.5049536,1.733494,0.49458402,0.41149098,0.9,0.45
VAE_no_norm,BTF3,2.1621332,1.5184212,0.7022792,0.60772115,0.95,0.45
VAE_no_norm,BTF3L4,1.9742976,0.95165026,0.48201966,0.42710483,0.95,0.25
VAE_no_norm,BUB1,2.5973108,1.733903,0.66757625,0.547901,1.0,0.6
VAE_no_norm,BUB1B,1.6710885,0.87354714,0.52274144,0.41987202,0.95,0.4
VAE_no_norm,BYSL,8.647164,7.5901423,0.8777608,0.83662564,1.0,0.65
VAE_no_norm,C12orf45,7.145373,6.2970133,0.8812715,0.83810455,1.0,0.7
VAE_no_norm,C17orf58,2.3859558,1.34199,0.5624538,0.46867236,1.0,0.25
VAE_no_norm,C18orf21,5.998008,5.025158,0.8378045,0.7410535,1.0,0.75
VAE_no_norm,C19orf25,3.7761388,2.4357853,0.64504653,0.50471205,1.0,0.65
VAE_no_norm,C19orf53,3.060715,1.8014264,0.5885639,0.49794507,1.0,0.35
VAE_no_norm,C1orf131,7.527991,6.7194266,0.8925923,0.82458067,1.0,0.8
VAE_no_norm,C7orf26,2.494321,1.721223,0.6900567,0.6462984,0.95,0.45
VAE_no_norm,C9orf16,1.9522483,0.80259085,0.41111106,0.32441136,0.9,0.1
VAE_no_norm,C9orf78,2.72933,1.4826217,0.54321814,0.48242933,1.0,0.3
VAE_no_norm,CA5A,2.0239155,0.91831183,0.45373031,0.41150606,0.95,0.15
VAE_no_norm,CABIN1,2.5412745,1.5678247,0.61694425,0.5439612,1.0,0.45
VAE_no_norm,CACTIN,9.674251,8.8243475,0.91214794,0.92427665,1.0,0.4
VAE_no_norm,CADM4,1.7966632,0.8097468,0.45069483,0.35153577,0.85,0.1
VAE_no_norm,CALR,3.4101715,1.582634,0.4640922,0.55679625,1.0,0.45
VAE_no_norm,CASC3,5.0008264,3.789743,0.75782335,0.60548353,1.0,0.7
VAE_no_norm,CBX1,2.2972825,0.8462736,0.3683803,0.30466342,0.85,0.15
VAE_no_norm,CCAR1,3.2702346,1.8331783,0.56056476,0.4559881,0.95,0.35
VAE_no_norm,CCDC115,2.1033487,1.0620831,0.5049487,0.38385665,0.95,0.6
VAE_no_norm,CCDC174,3.8727174,2.7319157,0.70542604,0.6282606,1.0,0.45
VAE_no_norm,CCDC59,2.6367536,2.04729,0.7764435,0.6297449,1.0,0.8
VAE_no_norm,CCDC6,1.7449094,1.2039086,0.68995476,0.6124407,0.9,0.5
VAE_no_norm,CCDC86,7.957981,6.9305816,0.87089694,0.7961185,1.0,0.8
VAE_no_norm,CCNB1,2.8039417,1.2442907,0.44376484,0.36671293,0.9,0.3
VAE_no_norm,CCNC,3.4042609,2.1062243,0.61870235,0.5723234,0.95,0.45
VAE_no_norm,CCND3,2.4929276,0.9556459,0.38334283,0.3186301,0.8,0.1
VAE_no_norm,CCNH,2.837464,1.99083,0.70162296,0.61623776,1.0,0.65
VAE_no_norm,CCP110,2.5641975,1.3580688,0.5296272,0.4128791,1.0,0.55
VAE_no_norm,CCT2,8.164341,7.0874195,0.8680945,0.83968544,1.0,0.7
VAE_no_norm,CCT3,8.387892,7.0622344,0.84195584,0.8152116,1.0,0.8
VAE_no_norm,CCT4,5.770814,4.822621,0.83569163,0.7970985,1.0,0.6
VAE_no_norm,CCT5,6.7802086,5.752144,0.8483727,0.808788,1.0,0.65
VAE_no_norm,CCT6A,6.8315024,5.7374153,0.8398468,0.8170455,1.0,0.6
VAE_no_norm,CCT7,6.2414145,5.362563,0.85919034,0.82523394,1.0,0.7
VAE_no_norm,CCT8,4.264387,3.2637246,0.7653443,0.70081085,1.0,0.55
VAE_no_norm,CD2BP2,2.78854,1.3890622,0.49813244,0.43335402,0.95,0.3
VAE_no_norm,CD3EAP,6.2967153,5.6619825,0.8991962,0.846493,1.0,0.85
VAE_no_norm,CDC123,3.120582,2.1917148,0.7023416,0.5868092,1.0,0.7
VAE_no_norm,CDC16,4.583242,3.2589471,0.7110572,0.64475286,1.0,0.55
VAE_no_norm,CDC20,2.8000681,1.7542213,0.6264924,0.51115483,0.95,0.6
VAE_no_norm,CDC42,2.3326755,1.621646,0.69518715,0.6009517,0.95,0.55
VAE_no_norm,CDC45,3.9499762,2.8072207,0.71069306,0.58707094,1.0,0.65
VAE_no_norm,CDC6,6.721894,5.9589324,0.88649607,0.83877677,1.0,0.85
VAE_no_norm,CDIPT,2.3009694,1.1166697,0.485304,0.428433,0.9,0.2
VAE_no_norm,CDK1,4.699167,4.190801,0.8918179,0.8601466,1.0,0.8
VAE_no_norm,CDK2,2.0336025,1.0785439,0.53036124,0.42086715,0.95,0.5
VAE_no_norm,CDT1,5.114457,4.4471135,0.8695182,0.8063621,1.0,0.7
VAE_no_norm,CEBPZ,6.3724356,5.7927623,0.90903425,0.86426413,1.0,0.85
VAE_no_norm,CENPC,3.7701395,2.4304934,0.64466935,0.5297656,1.0,0.4
VAE_no_norm,CENPJ,5.9129405,5.1966953,0.87886816,0.8251174,1.0,0.7
VAE_no_norm,CENPK,2.3339083,1.7047385,0.7304222,0.58551043,1.0,0.8
VAE_no_norm,CENPN,3.6221602,2.332263,0.64388734,0.53142077,1.0,0.45
VAE_no_norm,CENPT,2.5535648,1.7197062,0.6734531,0.576408,1.0,0.5
VAE_no_norm,CENPW,3.597341,2.6386807,0.73350865,0.63337225,1.0,0.75
VAE_no_norm,CEP68,2.7550902,1.4384714,0.5221141,0.41863322,1.0,0.3
VAE_no_norm,CEP85,2.2706347,1.0940392,0.48182088,0.42145967,0.9,0.35
VAE_no_norm,CFL1,3.8732996,2.0156677,0.52040064,0.48480394,1.0,0.65
VAE_no_norm,CHAF1B,5.3885446,4.4294076,0.82200444,0.7507046,1.0,0.6
VAE_no_norm,CHCHD1,2.6615543,1.3712248,0.515197,0.4419114,0.95,0.45
VAE_no_norm,CHCHD2,2.5570157,1.1881763,0.46467304,0.3865062,0.95,0.35
VAE_no_norm,CHCHD4,5.5971537,4.7945247,0.8566005,0.80178237,1.0,0.7
VAE_no_norm,CHD4,4.213932,2.0514894,0.48683494,0.41763416,0.95,0.3
VAE_no_norm,CHEK1,4.166517,3.2918406,0.7900702,0.71419567,1.0,0.65
VAE_no_norm,CHERP,3.246897,2.1947098,0.6759407,0.592685,1.0,0.45
VAE_no_norm,CHMP4B,3.4683414,1.9433703,0.5603169,0.4653631,1.0,0.3
VAE_no_norm,CHMP6,7.195433,5.954517,0.8275411,0.80383486,1.0,0.65
VAE_no_norm,CHMP7,3.1352239,1.4405144,0.45946142,0.39086235,0.95,0.2
VAE_no_norm,CHORDC1,2.616024,1.2012156,0.45917606,0.36915785,0.95,0.3
VAE_no_norm,CHTOP,2.6230154,1.0846459,0.41351107,0.32779124,0.9,0.2
VAE_no_norm,CIAO1,2.2642858,1.102234,0.486791,0.4193954,1.0,0.5
VAE_no_norm,CIAPIN1,4.352913,3.6834788,0.8462101,0.8201336,1.0,0.65
VAE_no_norm,CLASRP,1.9133962,1.1680812,0.6104753,0.5389765,0.85,0.3
VAE_no_norm,CLPB,2.673408,1.2165679,0.45506254,0.35890615,0.9,0.25
VAE_no_norm,CMPK1,2.425904,1.0548472,0.43482646,0.34200242,0.95,0.1
VAE_no_norm,CMTR1,3.0378313,1.9075698,0.62793803,0.53050536,1.0,0.4
VAE_no_norm,CMTR2,3.5574527,1.9486719,0.5477717,0.47262487,1.0,0.35
VAE_no_norm,CNN2,1.9472327,0.7625401,0.39160192,0.33281255,0.85,0.15
VAE_no_norm,CNOT1,5.8997264,4.724835,0.8008566,0.78538716,1.0,0.55
VAE_no_norm,CNOT10,3.0961134,1.8779203,0.60654116,0.5583756,1.0,0.45
VAE_no_norm,CNOT9,2.5006719,1.0261447,0.4103476,0.33840695,0.95,0.2
VAE_no_norm,COA5,3.166739,2.1318119,0.6731884,0.5853487,1.0,0.45
VAE_no_norm,COASY,2.6367445,1.1377331,0.4314916,0.35446554,0.85,0.25
VAE_no_norm,COG1,2.4290633,1.3964025,0.5748728,0.4704066,1.0,0.35
VAE_no_norm,COG2,3.2646344,2.1873994,0.6700289,0.62836313,1.0,0.6
VAE_no_norm,COG4,2.6758063,1.2906933,0.4823568,0.38501647,0.95,0.3
VAE_no_norm,COG6,2.15994,1.2985314,0.60118866,0.49369293,1.0,0.4
VAE_no_norm,COMTD1,3.2039373,1.9030691,0.5939783,0.52434784,0.95,0.4
VAE_no_norm,COPS2,5.0939717,3.948887,0.7752079,0.7457259,1.0,0.7
VAE_no_norm,COPS3,5.2493796,3.9883058,0.75976706,0.70533526,1.0,0.6
VAE_no_norm,COPS4,5.2514906,4.1318383,0.7867934,0.7758364,1.0,0.55
VAE_no_norm,COPS5,4.2860994,2.9549859,0.68943477,0.5995595,1.0,0.6
VAE_no_norm,COPS8,2.1487765,1.0134465,0.47163883,0.38400212,0.95,0.4
VAE_no_norm,COQ2,1.8907671,0.7302488,0.38621828,0.33103022,0.85,0.1
VAE_no_norm,COQ4,2.6271544,1.5046777,0.5727405,0.4873005,1.0,0.45
VAE_no_norm,COQ5,2.9677095,1.3023636,0.4388447,0.35433665,0.85,0.1
VAE_no_norm,COTL1,2.6951447,1.798169,0.6671883,0.606068,1.0,0.45
VAE_no_norm,COX10,2.3508415,1.2242692,0.52077913,0.43511823,0.9,0.35
VAE_no_norm,COX11,1.9329418,0.87600195,0.45319623,0.3967263,0.9,0.4
VAE_no_norm,COX5A,6.7005415,5.5919757,0.8345558,0.74443847,1.0,0.8
VAE_no_norm,COX7C,5.274693,4.163644,0.7893623,0.7100203,1.0,0.65
VAE_no_norm,CPSF1,3.3229556,2.0332637,0.6118841,0.56633824,0.95,0.45
VAE_no_norm,CPSF3,3.9837217,2.9419703,0.738498,0.70300746,1.0,0.45
VAE_no_norm,CPSF4,4.684721,3.3164876,0.70793706,0.6323242,0.95,0.5
VAE_no_norm,CPSF6,5.3357635,3.6936755,0.69224876,0.65307784,1.0,0.55
VAE_no_norm,CS,2.0582144,1.1787679,0.57271385,0.5213572,1.0,0.35
VAE_no_norm,CSDE1,3.4503205,2.242298,0.64988106,0.55047613,1.0,0.6
VAE_no_norm,CSE1L,6.8745594,5.5962977,0.81405914,0.79427254,1.0,0.5
VAE_no_norm,CSNK2B,3.870081,2.3574939,0.6091588,0.57954776,0.85,0.4
VAE_no_norm,CSTF1,2.8818305,1.7447499,0.60543114,0.60001117,0.8,0.4
VAE_no_norm,CSTF3,5.5718637,3.87668,0.69576,0.6513678,0.95,0.3
VAE_no_norm,CTCF,4.064073,2.8441048,0.69981635,0.6236844,1.0,0.55
VAE_no_norm,CTDP1,2.0554802,1.1598288,0.5642617,0.46840772,0.95,0.35
VAE_no_norm,CTNNBL1,3.8150408,2.5859222,0.67782295,0.599415,1.0,0.35
VAE_no_norm,CTU2,3.0886848,2.0532074,0.66475135,0.5533689,1.0,0.5
VAE_no_norm,CUL1,3.815453,2.5062087,0.65685743,0.5829269,0.95,0.45
VAE_no_norm,CUL2,4.5991464,3.790656,0.8242086,0.7511493,1.0,0.75
VAE_no_norm,CUL7,7.4962406,6.4451857,0.8597891,0.80514044,0.95,0.65
VAE_no_norm,CWC15,5.3601527,4.3241696,0.8067251,0.7914517,1.0,0.55
VAE_no_norm,CWC22,9.35398,8.10379,0.8663468,0.8713684,1.0,0.65
VAE_no_norm,CYC1,3.208836,1.9172323,0.59748524,0.52967715,0.95,0.45
VAE_no_norm,CYFIP1,2.8391442,1.5642885,0.5509718,0.43897098,1.0,0.4
VAE_no_norm,CYREN,4.3687315,3.2192593,0.7368865,0.59438837,0.95,0.75
VAE_no_norm,DAP3,2.8658063,1.8438694,0.64340335,0.5402343,1.0,0.35
VAE_no_norm,DARS,6.848814,5.819271,0.8496757,0.8044437,1.0,0.75
VAE_no_norm,DAXX,3.9615865,2.614106,0.6598634,0.560991,1.0,0.5
VAE_no_norm,DBR1,4.531109,3.2130806,0.70911574,0.67723054,1.0,0.55
VAE_no_norm,DCAF6,2.4803865,0.941468,0.37956503,0.30739716,0.8,0.25
VAE_no_norm,DCTN1,2.7174008,1.8023314,0.66325563,0.5990403,1.0,0.4
VAE_no_norm,DCTN2,3.1222944,2.4630687,0.788865,0.66710085,1.0,0.7
VAE_no_norm,DCTN3,3.0137763,2.2860844,0.7585448,0.68032956,1.0,0.5
VAE_no_norm,DCTN4,3.305847,2.4327407,0.7358903,0.62280864,1.0,0.55
VAE_no_norm,DCTN6,3.7964935,2.753172,0.7251881,0.6049616,1.0,0.6
VAE_no_norm,DCUN1D5,5.448104,4.628296,0.84952414,0.7759591,1.0,0.75
VAE_no_norm,DDOST,4.14311,2.9928558,0.72236943,0.63016087,1.0,0.65
VAE_no_norm,DDX1,2.4329145,1.1846257,0.4869163,0.39999166,0.95,0.3
VAE_no_norm,DDX10,7.0661535,6.410632,0.9072308,0.881466,1.0,0.75
VAE_no_norm,DDX17,2.5215647,1.1921378,0.472777,0.45009965,0.85,0.2
VAE_no_norm,DDX18,8.57192,7.502794,0.87527573,0.85105246,1.0,0.7
VAE_no_norm,DDX19A,1.2120281,0.5345919,0.4410722,0.37334946,0.9,0.3
VAE_no_norm,DDX20,4.305192,3.06669,0.7123236,0.6741885,1.0,0.2
VAE_no_norm,DDX21,7.3985267,6.6271987,0.89574575,0.86194086,1.0,0.75
VAE_no_norm,DDX23,5.113131,4.3276467,0.846379,0.82013756,1.0,0.7
VAE_no_norm,DDX27,5.8193603,5.261862,0.90419936,0.84196776,1.0,0.85
VAE_no_norm,DDX3X,3.0759265,1.4960895,0.4863866,0.39660612,0.95,0.3
VAE_no_norm,DDX41,9.336174,8.200529,0.8783608,0.8852348,1.0,0.5
VAE_no_norm,DDX5,3.34866,2.1920109,0.65459347,0.5976929,1.0,0.5
VAE_no_norm,DDX51,6.226855,5.717037,0.918126,0.87652946,1.0,0.8
VAE_no_norm,DDX52,5.7141747,5.1516013,0.90154773,0.85532767,1.0,0.75
VAE_no_norm,DDX55,4.8562913,4.3660355,0.89904726,0.83501595,1.0,0.85
VAE_no_norm,DDX56,6.1588254,5.265659,0.8549778,0.7924037,1.0,0.8
VAE_no_norm,DDX6,3.8481112,2.438218,0.63361424,0.5780717,1.0,0.35
VAE_no_norm,DENR,3.1842046,2.1228764,0.6666897,0.55636305,1.0,0.6
VAE_no_norm,DERL2,6.0515347,5.4839945,0.9062155,0.84391,1.0,0.7
VAE_no_norm,DESI1,3.0056095,1.7206445,0.5724777,0.5196743,0.9,0.4
VAE_no_norm,DHODH,2.363267,1.0334382,0.4372922,0.32670584,0.9,0.4
VAE_no_norm,DHPS,3.0285144,1.5900409,0.5250234,0.4468769,0.8,0.3
VAE_no_norm,DHX15,8.725341,7.3869567,0.84660953,0.82586825,1.0,0.55
VAE_no_norm,DHX16,6.6263657,5.41999,0.8179431,0.8193401,0.95,0.45
VAE_no_norm,DHX29,3.2288492,1.7548792,0.5434999,0.47540194,0.95,0.45
VAE_no_norm,DHX33,4.7829804,3.7984014,0.79414946,0.66722625,0.95,0.75
VAE_no_norm,DHX36,3.3098216,1.8419069,0.55649734,0.4609016,0.95,0.35
VAE_no_norm,DHX37,2.1984859,1.6337941,0.7431451,0.60345036,1.0,0.7
VAE_no_norm,DIMT1,6.071774,5.4318995,0.89461493,0.85286397,1.0,0.8
VAE_no_norm,DKC1,5.6854362,4.7788568,0.84054357,0.7443397,1.0,0.75
VAE_no_norm,DLD,5.6660757,4.5911427,0.81028616,0.78418595,1.0,0.6
VAE_no_norm,DNAJA1,2.5109007,1.1660285,0.46438655,0.34840298,0.65,0.15
VAE_no_norm,DNAJA3,5.0829577,4.122146,0.81097394,0.6833859,1.0,0.45
VAE_no_norm,DNAJC17,6.8240933,5.954353,0.8725486,0.87439597,1.0,0.65
VAE_no_norm,DNAJC19,2.173951,0.9442521,0.43434837,0.34581274,0.9,0.25
VAE_no_norm,DNAJC8,2.0071287,1.007365,0.5018936,0.41186914,1.0,0.1
VAE_no_norm,DNM1L,2.7501824,1.4323151,0.5208073,0.44928256,0.9,0.3
VAE_no_norm,DNMT1,3.5638652,2.4888728,0.6983633,0.6233613,1.0,0.65
VAE_no_norm,DNTTIP2,8.789092,7.808593,0.8884413,0.8596601,1.0,0.7
VAE_no_norm,DOHH,2.7394986,1.4960482,0.54610294,0.4542525,0.9,0.35
VAE_no_norm,DOLK,2.175398,1.1390924,0.52362484,0.43546775,0.95,0.2
VAE_no_norm,DPH2,3.0292106,1.6541888,0.54607916,0.4632545,0.95,0.45
VAE_no_norm,DPH3,2.542153,1.1265787,0.4431593,0.36370927,0.9,0.25
VAE_no_norm,DPH6,2.3699737,1.0421765,0.4397418,0.36092106,0.95,0.2
VAE_no_norm,DRAP1,2.8901916,1.2670841,0.43840834,0.35926247,0.95,0.35
VAE_no_norm,DRG1,2.9887686,1.6092237,0.53842366,0.45149794,0.95,0.35
VAE_no_norm,DSTYK,2.2476566,1.3839244,0.6157188,0.50365263,1.0,0.4
VAE_no_norm,DTL,4.6849647,4.0026574,0.85436237,0.7652179,1.0,0.65
VAE_no_norm,DYNC1I2,3.2085574,2.2435663,0.69924456,0.5866827,1.0,0.5
VAE_no_norm,DYNLL1,3.6582983,2.505727,0.6849433,0.61586106,1.0,0.65
VAE_no_norm,DYNLL2,1.9396892,0.907385,0.4677992,0.40156636,0.9,0.2
VAE_no_norm,E2F6,2.3637023,1.2773162,0.5403879,0.46155792,0.95,0.4
VAE_no_norm,E4F1,4.478256,3.8303123,0.85531336,0.76719105,1.0,0.85
VAE_no_norm,EARS2,3.1516628,2.0956914,0.66494787,0.57113546,1.0,0.6
VAE_no_norm,EBNA1BP2,7.620724,6.7633505,0.88749444,0.84499156,1.0,0.7
VAE_no_norm,ECD,3.6316247,2.3809304,0.65561026,0.5380133,1.0,0.55
VAE_no_norm,EDC4,2.9694228,1.8599997,0.62638426,0.5653981,0.95,0.4
VAE_no_norm,EFR3A,2.15342,1.1935279,0.5542476,0.47320044,1.0,0.25
VAE_no_norm,EFTUD2,8.536459,7.0151787,0.8217902,0.78334075,1.0,0.75
VAE_no_norm,EHMT2,2.188402,1.090162,0.4981544,0.42328605,1.0,0.45
VAE_no_norm,EIF1,3.4783504,1.6843201,0.48422956,0.4907613,0.95,0.55
VAE_no_norm,EIF1AD,2.9545603,1.6164817,0.54711413,0.49078974,1.0,0.4
VAE_no_norm,EIF1AX,2.248862,1.398139,0.6217095,0.56224,1.0,0.4
VAE_no_norm,EIF2B1,5.1871805,4.5363727,0.8745353,0.8491921,1.0,0.55
VAE_no_norm,EIF2B2,8.4871855,7.6342916,0.89950806,0.88567567,1.0,0.65
VAE_no_norm,EIF2B3,10.369284,9.326961,0.89947975,0.8740799,1.0,0.65
VAE_no_norm,EIF2B4,8.467552,7.5245357,0.88863176,0.8459746,1.0,0.65
VAE_no_norm,EIF2B5,8.884261,7.9653187,0.89656514,0.87359244,1.0,0.65
VAE_no_norm,EIF2S1,12.378584,11.123507,0.898609,0.8730625,1.0,0.55
VAE_no_norm,EIF2S2,6.6984277,5.947006,0.8878212,0.84257376,1.0,0.65
VAE_no_norm,EIF2S3,11.641071,10.578861,0.9087532,0.87910575,1.0,0.6
VAE_no_norm,EIF3A,8.275316,7.373565,0.8910312,0.8537971,1.0,0.7
VAE_no_norm,EIF3B,9.4233885,8.293988,0.88014925,0.8731503,1.0,0.7
VAE_no_norm,EIF3I,10.052192,8.731465,0.86861306,0.8617133,1.0,0.5
VAE_no_norm,EIF3J,4.4979653,3.4425635,0.7653602,0.64790887,1.0,0.6
VAE_no_norm,EIF3L,3.5939815,2.564029,0.71342295,0.6356065,1.0,0.75
VAE_no_norm,EIF4A1,5.2771745,4.0878916,0.77463645,0.67561924,1.0,0.55
VAE_no_norm,EIF4A3,6.512128,5.5434656,0.85125256,0.8108468,1.0,0.65
VAE_no_norm,EIF4B,2.4003375,1.1832023,0.49293163,0.5500804,0.8,0.2
VAE_no_norm,EIF4E,6.390708,5.455346,0.8536372,0.7735232,1.0,0.8
VAE_no_norm,EIF4G1,4.593125,3.3669236,0.7330355,0.65669256,1.0,0.55
VAE_no_norm,EIF4G2,3.375603,2.042024,0.60493606,0.5270068,0.9,0.4
VAE_no_norm,EIF4H,2.4194953,1.2073833,0.49902278,0.39542097,0.95,0.35
VAE_no_norm,EIF5A,5.919408,4.7021666,0.79436433,0.795289,1.0,0.55
VAE_no_norm,EIF6,4.9383116,4.1694007,0.8442968,0.8290065,1.0,0.8
VAE_no_norm,ELAC2,2.7348154,1.5125046,0.55305547,0.5235849,0.95,0.4
VAE_no_norm,ELL,2.2000709,1.7183081,0.781024,0.6863617,1.0,0.65
VAE_no_norm,ELOB,4.377112,3.0778592,0.70317125,0.62142915,1.0,0.7
VAE_no_norm,ELOF1,4.1423845,2.9099813,0.70248944,0.6645991,1.0,0.55
VAE_no_norm,ELOVL1,2.2223108,1.1083096,0.49871945,0.44215688,0.95,0.35
VAE_no_norm,ELP3,3.378304,2.6767414,0.7923329,0.70061094,1.0,0.5
VAE_no_norm,ELP5,4.6455517,3.6025581,0.7754855,0.6856338,1.0,0.55
VAE_no_norm,ELP6,4.0123744,2.8467267,0.7094868,0.5890482,1.0,0.55
VAE_no_norm,EMC1,2.4193075,1.3623345,0.5631093,0.5140069,0.9,0.15
VAE_no_norm,EMC4,2.437789,1.2467638,0.51143223,0.46797657,1.0,0.4
VAE_no_norm,EMC7,1.8855808,1.0059425,0.5334921,0.44664362,1.0,0.45
VAE_no_norm,ENO1,3.7539685,1.101398,0.29339564,0.35176134,0.8,0.15
VAE_no_norm,ENY2,3.7661629,2.66527,0.7076885,0.6372325,1.0,0.6
VAE_no_norm,EPRS,8.020528,6.62407,0.8258895,0.79565203,1.0,0.5
VAE_no_norm,ERAL1,2.6776297,1.3409046,0.50078046,0.39018288,1.0,0.3
VAE_no_norm,ERCC2,3.1335201,2.0280428,0.6472091,0.5582073,1.0,0.4
VAE_no_norm,ERCC3,2.6223364,1.1057489,0.42166555,0.34106618,0.9,0.25
VAE_no_norm,ESF1,2.0494776,1.6037091,0.7824965,0.65523744,1.0,0.8
VAE_no_norm,ETF1,7.3671837,6.511754,0.88388646,0.83790046,1.0,0.7
VAE_no_norm,EXOC1,3.1260848,1.8820255,0.60203916,0.48714966,1.0,0.55
VAE_no_norm,EXOC2,2.657122,1.3762885,0.51796216,0.43577418,1.0,0.45
VAE_no_norm,EXOC3,2.4618266,1.0432204,0.4237587,0.32798615,1.0,0.2
VAE_no_norm,EXOC4,2.7608297,1.6070833,0.5821016,0.50572103,0.9,0.35
VAE_no_norm,EXOC5,2.3660939,1.2001911,0.5072458,0.4007601,0.9,0.4
VAE_no_norm,EXOC7,4.175134,3.3988369,0.81406647,0.73128444,1.0,0.65
VAE_no_norm,EXOSC1,3.0946605,1.8093891,0.584681,0.46596405,1.0,0.55
VAE_no_norm,EXOSC2,6.9079905,5.825718,0.8433303,0.82279456,1.0,0.65
VAE_no_norm,EXOSC3,6.6064954,5.463561,0.8269984,0.79582757,1.0,0.6
VAE_no_norm,EXOSC4,5.9816217,4.9721036,0.83123004,0.8083632,1.0,0.6
VAE_no_norm,EXOSC5,5.4263563,4.5765047,0.8433845,0.7983737,1.0,0.7
VAE_no_norm,EXOSC7,5.1486316,3.9673254,0.7705592,0.6959803,1.0,0.65
VAE_no_norm,EXOSC8,6.4859405,5.3710766,0.8281107,0.7961083,1.0,0.55
VAE_no_norm,EXOSC9,6.8737555,5.6261716,0.8185004,0.7891809,1.0,0.65
VAE_no_norm,F8A1,2.7412355,1.0746052,0.39201492,0.31693822,0.85,0.1
VAE_no_norm,FAM136A,2.375647,2.0240936,0.8520178,0.7885166,1.0,0.7
VAE_no_norm,FAM207A,2.0909448,1.0758913,0.5145479,0.41823477,0.9,0.35
VAE_no_norm,FAM32A,5.2166467,4.2839794,0.82121325,0.8077906,0.95,0.55
VAE_no_norm,FARSA,8.538658,7.4187236,0.8688395,0.8200061,1.0,0.6
VAE_no_norm,FASN,3.9478066,2.5134895,0.63668,0.58918715,0.95,0.25
VAE_no_norm,FASTKD5,3.1744921,1.2556723,0.3955506,0.4118455,0.75,0.35
VAE_no_norm,FAU,7.7815843,6.816549,0.8759847,0.8562108,1.0,0.8
VAE_no_norm,FBLIM1,1.9699409,0.79856104,0.4053731,0.33013716,0.95,0.15
VAE_no_norm,FBXO42,1.1680579,0.5806819,0.49713454,0.41766974,0.95,0.4
VAE_no_norm,FCF1,4.8941092,4.256878,0.8697963,0.79370266,1.0,0.75
VAE_no_norm,FDPS,3.7725618,2.2362573,0.5927689,0.5002043,1.0,0.25
VAE_no_norm,FDXR,2.739523,1.1545203,0.42143115,0.35792503,1.0,0.2
VAE_no_norm,FGFR1OP,3.168161,1.6573454,0.5231254,0.43916753,0.95,0.1
VAE_no_norm,FKBP9,2.7177906,1.8274971,0.67242014,0.61210424,1.0,0.6
VAE_no_norm,FNBP4,2.0572915,1.1075208,0.53833926,0.4712324,1.0,0.5
VAE_no_norm,FNTA,3.4954355,2.7684133,0.7920081,0.7401518,0.95,0.6
VAE_no_norm,FOXO1,2.6301427,1.2403289,0.47158235,0.42517117,0.9,0.25
VAE_no_norm,FXN,3.3234987,2.0244708,0.6091384,0.58739895,1.0,0.4
VAE_no_norm,GABPA,2.6278942,1.4794319,0.56297237,0.47363627,1.0,0.65
VAE_no_norm,GABPB1,5.4189506,3.9659312,0.7318633,0.6456878,0.9,0.6
VAE_no_norm,GAR1,3.8595247,3.0905871,0.80076885,0.6921671,1.0,0.7
VAE_no_norm,GART,2.53936,1.4546101,0.5728255,0.4788408,1.0,0.25
VAE_no_norm,GCLC,2.1595564,1.0479003,0.4852387,0.42261216,0.8,0.25
VAE_no_norm,GEMIN4,3.8883557,2.473728,0.6361887,0.574532,1.0,0.2
VAE_no_norm,GEMIN5,6.0335474,4.889956,0.81046116,0.79595447,1.0,0.35
VAE_no_norm,GFER,3.3071334,2.411669,0.72923243,0.6257441,1.0,0.7
VAE_no_norm,GFM1,2.5765593,2.2584622,0.8765419,0.83618295,1.0,0.65
VAE_no_norm,GFOD2,1.7041416,1.0125377,0.5941629,0.48761383,0.95,0.45
VAE_no_norm,GINS1,4.485465,3.806625,0.8486578,0.7906181,1.0,0.7
VAE_no_norm,GINS2,3.319973,2.3724115,0.71458757,0.6153606,1.0,0.7
VAE_no_norm,GINS4,2.976636,2.3186517,0.7789504,0.72127503,1.0,0.55
VAE_no_norm,GLB1,5.771977,4.9966435,0.8656728,0.81148505,1.0,0.8
VAE_no_norm,GLE1,4.6694922,3.626946,0.7767324,0.709443,1.0,0.5
VAE_no_norm,GLRX3,2.8716922,1.3884796,0.48350573,0.3853799,0.95,0.45
VAE_no_norm,GLRX5,1.7330208,0.8455457,0.48790282,0.40024444,0.95,0.35
VAE_no_norm,GMPPB,3.4703076,2.4227507,0.69813716,0.5515968,1.0,0.65
VAE_no_norm,GNB1L,2.2983449,1.2347344,0.53722763,0.44805965,1.0,0.55
VAE_no_norm,GNL2,8.749113,7.8121147,0.8929036,0.8638856,1.0,0.75
VAE_no_norm,GNL3,6.8200026,6.166371,0.9041596,0.85801214,1.0,0.75
VAE_no_norm,GNL3L,5.388773,4.6402483,0.86109555,0.7982995,1.0,0.75
VAE_no_norm,GNPAT,4.8720703,3.7606814,0.7718857,0.6505944,1.0,0.8
VAE_no_norm,GNPNAT1,2.3276885,1.1981308,0.5147299,0.5180783,0.9,0.25
VAE_no_norm,GOLT1B,1.9700527,1.0493369,0.5326441,0.44011274,0.95,0.25
VAE_no_norm,GPKOW,4.8463516,3.7792041,0.77980393,0.7549572,1.0,0.4
VAE_no_norm,GPN1,5.456439,4.395054,0.80548024,0.754823,1.0,0.55
VAE_no_norm,GPN3,7.7960305,6.8169084,0.8744076,0.83990747,0.95,0.75
VAE_no_norm,GPS1,4.2631063,3.511422,0.8236768,0.8097802,0.95,0.75
VAE_no_norm,GPS2,2.7780879,1.6345286,0.58836466,0.5064972,1.0,0.35
VAE_no_norm,GRPEL1,6.1698008,5.3996644,0.8751765,0.8196113,1.0,0.8
VAE_no_norm,GRSF1,2.801788,1.9488198,0.69556284,0.5509199,1.0,0.65
VAE_no_norm,GRWD1,2.1769154,0.90445006,0.41547322,0.34574527,0.8,0.2
VAE_no_norm,GSK3B,2.537263,1.2588372,0.49613985,0.42664722,0.85,0.3
VAE_no_norm,GSPT1,7.785261,6.9742436,0.8958266,0.84459025,1.0,0.75
VAE_no_norm,GTF2A1,8.449998,7.017005,0.830415,0.82842374,1.0,0.65
VAE_no_norm,GTF2A2,3.7662973,2.0713685,0.54997474,0.49791172,1.0,0.3
VAE_no_norm,GTF2E1,2.7771094,1.5961177,0.5747407,0.48107702,0.9,0.4
VAE_no_norm,GTF2E2,4.063715,3.3514745,0.8247317,0.82139945,0.95,0.55
VAE_no_norm,GTF2F2,4.625296,3.6554317,0.790313,0.75743127,1.0,0.65
VAE_no_norm,GTF2H1,5.3733068,4.0539417,0.7544594,0.70858777,1.0,0.5
VAE_no_norm,GTF2H3,3.0379379,1.6284999,0.5360544,0.42592174,1.0,0.45
VAE_no_norm,GTF2H4,2.8616805,1.5590017,0.5447854,0.4629126,0.85,0.2
VAE_no_norm,GTF3A,3.847787,2.7521415,0.7152531,0.6005214,1.0,0.55
VAE_no_norm,GTF3C1,2.1843448,1.1697519,0.53551614,0.488959,0.9,0.25
VAE_no_norm,GTF3C2,2.7012036,1.6728473,0.619297,0.5715942,1.0,0.4
VAE_no_norm,GTF3C6,2.353063,1.2309535,0.5231281,0.41818208,1.0,0.25
VAE_no_norm,GTPBP4,4.3517094,3.8282566,0.8797133,0.80938107,1.0,0.85
VAE_no_norm,GUK1,2.8037338,1.2962549,0.46233165,0.4132319,0.85,0.35
VAE_no_norm,GYG1,2.5249965,1.4911683,0.5905625,0.50001764,1.0,0.25
VAE_no_norm,H2AFX,2.744729,1.5788952,0.5752463,0.5214632,0.95,0.25
VAE_no_norm,H2AFZ,3.1320133,1.5226219,0.48614794,0.5194744,0.9,0.45
VAE_no_norm,H3F3A,3.3310173,1.5403916,0.4624388,0.4709784,0.95,0.3
VAE_no_norm,HAMP,3.016944,1.6089352,0.5332997,0.44164875,0.95,0.3
VAE_no_norm,HARS,8.712028,7.6689587,0.88027257,0.82047635,1.0,0.65
VAE_no_norm,HAUS8,2.4515877,1.4415143,0.58799213,0.46828282,1.0,0.6
VAE_no_norm,HDAC3,3.400788,1.976828,0.58128524,0.54736423,1.0,0.45
VAE_no_norm,HDAC7,3.981686,2.9162984,0.732428,0.6762554,1.0,0.45
VAE_no_norm,HECTD1,2.7534902,1.4479108,0.52584565,0.4407774,0.9,0.35
VAE_no_norm,HERC1,1.9103185,1.1691885,0.6120385,0.5051038,1.0,0.55
VAE_no_norm,HGS,7.2222333,6.423417,0.8893948,0.8121614,1.0,0.75
VAE_no_norm,HHEX,2.5375855,1.1270207,0.44413114,0.37322506,0.9,0.1
VAE_no_norm,HIPK1,3.5062423,2.0958948,0.597761,0.5751845,1.0,0.3
VAE_no_norm,HIST1H2BN,3.1941757,1.9121373,0.59863245,0.44261026,0.95,0.65
VAE_no_norm,HJURP,2.4187164,1.4483937,0.5988274,0.5004872,1.0,0.35
VAE_no_norm,HMBOX1,2.0943854,0.9582501,0.45753285,0.3760868,0.9,0.1
VAE_no_norm,HMGA1,2.5031722,1.2555168,0.5015703,0.42823634,0.95,0.3
VAE_no_norm,HMGB3,4.2234826,3.23708,0.7664481,0.6380891,1.0,0.75
VAE_no_norm,HMGCS1,5.6195426,4.6355886,0.824905,0.7973278,0.95,0.55
VAE_no_norm,HNRNPA1,2.8290615,1.6638322,0.5881216,0.4851472,0.95,0.35
VAE_no_norm,HNRNPDL,3.3933465,2.0881295,0.61535996,0.54125845,0.95,0.6
VAE_no_norm,HNRNPH1,2.9913836,1.4931098,0.49913687,0.43091363,0.85,0.2
VAE_no_norm,HNRNPK,6.887448,5.683909,0.82525617,0.75622404,1.0,0.7
VAE_no_norm,HNRNPL,2.912929,2.0295048,0.69672304,0.5988379,1.0,0.55
VAE_no_norm,HPS5,3.7727199,2.3311405,0.6178939,0.53967273,0.9,0.4
VAE_no_norm,HS6ST1,2.1231716,0.9729218,0.45823982,0.3716951,0.95,0.3
VAE_no_norm,HSCB,1.1860508,0.4944003,0.4168458,0.3375642,0.9,0.3
VAE_no_norm,HSD17B10,2.6664596,2.2123575,0.8296985,0.74662334,0.95,0.7
VAE_no_norm,HSD17B12,1.48108,0.8692269,0.5868872,0.46729594,1.0,0.5
VAE_no_norm,HSP90B1,3.4773586,1.6387094,0.47125122,0.49191308,0.8,0.3
VAE_no_norm,HSPA14,2.6715024,1.5233142,0.57020885,0.45984617,0.95,0.4
VAE_no_norm,HSPA8,3.6600842,2.5353632,0.6927062,0.6449862,1.0,0.65
VAE_no_norm,HSPA9,12.051329,10.847195,0.9000829,0.8886903,1.0,0.55
VAE_no_norm,HSPE1,5.9134407,5.099169,0.86230147,0.83074254,1.0,0.65
VAE_no_norm,HUS1,2.0296252,0.8430056,0.41535038,0.33357796,0.95,0.35
VAE_no_norm,HUWE1,3.2699564,2.1577961,0.6598853,0.5634826,0.95,0.3
VAE_no_norm,IARS,4.9768877,3.7876313,0.76104414,0.68304336,1.0,0.55
VAE_no_norm,IARS2,6.7172365,5.7617216,0.8577518,0.8094774,1.0,0.65
VAE_no_norm,ICE1,7.245336,6.3132186,0.87134933,0.8346032,1.0,0.6
VAE_no_norm,ILF2,4.209822,3.209306,0.7623377,0.64486206,1.0,0.75
VAE_no_norm,ILF3,3.632987,2.2995636,0.63296777,0.54370135,0.95,0.45
VAE_no_norm,IMP4,7.0153227,6.2601833,0.8923586,0.8438999,1.0,0.75
VAE_no_norm,IMPA2,4.16291,3.4176939,0.82098675,0.7226857,1.0,0.65
VAE_no_norm,IMPDH2,2.6355636,1.8538636,0.7034031,0.6068811,1.0,0.65
VAE_no_norm,INF2,2.5986054,1.2820001,0.49334157,0.36729223,0.9,0.4
VAE_no_norm,INO80,3.6904202,2.1058886,0.5706366,0.49916673,1.0,0.3
VAE_no_norm,INO80B,2.8891265,1.5867437,0.5492123,0.46906304,0.85,0.45
VAE_no_norm,INPPL1,3.5098233,2.279316,0.6494104,0.5401044,0.95,0.6
VAE_no_norm,INTS1,2.316389,1.2782509,0.5518291,0.49086168,0.9,0.2
VAE_no_norm,INTS10,3.46178,2.0002646,0.5778139,0.48620594,1.0,0.4
VAE_no_norm,INTS11,4.3768563,3.7969007,0.86749494,0.77792066,1.0,0.9
VAE_no_norm,INTS12,2.0722597,1.0661802,0.5145013,0.45140758,0.95,0.4
VAE_no_norm,INTS13,2.1413453,1.2264448,0.572745,0.49704638,0.95,0.45
VAE_no_norm,INTS14,3.1023693,2.3173666,0.7469667,0.7098211,1.0,0.65
VAE_no_norm,INTS2,7.388457,6.143202,0.8314594,0.8238329,1.0,0.55
VAE_no_norm,INTS3,4.322625,3.3447094,0.77376807,0.729967,1.0,0.65
VAE_no_norm,INTS4,4.844315,3.9065645,0.8064225,0.7462783,1.0,0.65
VAE_no_norm,INTS5,7.5061703,6.1703506,0.8220371,0.80305624,1.0,0.55
VAE_no_norm,INTS6,5.516949,3.8947387,0.7059588,0.61333793,1.0,0.6
VAE_no_norm,INTS7,5.61957,4.263678,0.7587197,0.6929261,1.0,0.6
VAE_no_norm,INTS8,7.821669,6.60258,0.8441395,0.83286136,1.0,0.7
VAE_no_norm,INTS9,4.017051,3.2191997,0.8013838,0.75892836,0.95,0.55
VAE_no_norm,IPO11,2.905123,1.8166595,0.6253296,0.54148376,0.9,0.5
VAE_no_norm,IPO7,3.4282675,2.9316676,0.8551455,0.7264646,1.0,0.8
VAE_no_norm,IPO9,3.7055395,2.4828687,0.67004246,0.57867897,1.0,0.35
VAE_no_norm,ISCA2,2.8335793,1.8286464,0.6453486,0.5615475,1.0,0.5
VAE_no_norm,ISCU,1.9659,1.0783396,0.5485221,0.4721355,0.9,0.3
VAE_no_norm,ISG20L2,7.495657,6.73185,0.8981001,0.8492233,1.0,0.8
VAE_no_norm,IST1,2.778879,1.5731267,0.5661012,0.45520204,1.0,0.45
VAE_no_norm,ITGB1BP1,3.187123,1.6832132,0.52812934,0.4387801,0.9,0.3
VAE_no_norm,IWS1,3.2234616,1.86271,0.5778601,0.5315713,0.85,0.4
VAE_no_norm,JMJD6,2.1859052,0.8793151,0.40226588,0.316381,1.0,0.25
VAE_no_norm,KAT7,3.1229134,1.7769537,0.56900513,0.47438386,1.0,0.25
VAE_no_norm,KCMF1,2.847496,1.5354191,0.5392173,0.45980117,0.9,0.45
VAE_no_norm,KDM1A,3.4349482,2.0662482,0.6015369,0.53681934,0.95,0.35
VAE_no_norm,KDM6A,2.3354812,1.3199152,0.5651577,0.51604545,0.95,0.2
VAE_no_norm,KEAP1,4.264454,3.074859,0.721044,0.68678933,1.0,0.65
VAE_no_norm,KIAA0586,4.037351,3.1534932,0.7810797,0.68068624,1.0,0.7
VAE_no_norm,KIAA1143,2.252248,0.9615362,0.4269229,0.3527936,0.95,0.1
VAE_no_norm,KIF11,2.1134508,1.344034,0.6359429,0.5296641,1.0,0.55
VAE_no_norm,KIF18B,4.0873756,3.5129776,0.8594702,0.76494247,1.0,0.85
VAE_no_norm,KIN,6.620284,5.8535395,0.8841825,0.8424631,1.0,0.8
VAE_no_norm,KRI1,6.525739,5.796779,0.88829464,0.8373123,1.0,0.8
VAE_no_norm,KRR1,5.8679576,4.7950206,0.8171532,0.7051569,1.0,0.8
VAE_no_norm,KTI12,2.1902657,1.3352805,0.60964316,0.47743505,1.0,0.65
VAE_no_norm,LAMB1,4.2201705,3.1604886,0.7489007,0.66771966,1.0,0.6
VAE_no_norm,LAMTOR1,2.0237596,1.0863483,0.5367971,0.46614632,0.95,0.25
VAE_no_norm,LAMTOR4,3.1992168,1.8292626,0.5717845,0.46301904,1.0,0.6
VAE_no_norm,LARS,9.263174,8.144557,0.8792404,0.84771174,1.0,0.65
VAE_no_norm,LARS2,3.3086765,2.3237782,0.7023286,0.5829612,1.0,0.6
VAE_no_norm,LAS1L,5.111237,4.531606,0.88659674,0.82041496,1.0,0.85
VAE_no_norm,LDB1,2.530503,1.2437907,0.49151915,0.39902633,0.95,0.35
VAE_no_norm,LETM1,2.8998585,2.1907852,0.75548005,0.64160395,1.0,0.75
VAE_no_norm,LIMS1,2.535514,1.1607859,0.45781088,0.3806245,0.9,0.4
VAE_no_norm,LIN52,3.025075,1.7079461,0.5645963,0.5476184,1.0,0.35
VAE_no_norm,LONP1,4.062392,3.1727426,0.78100353,0.6841418,0.95,0.65
VAE_no_norm,LPIN1,1.7404985,0.76830405,0.4414276,0.35422292,0.9,0.2
VAE_no_norm,LRP5,2.963779,1.0922133,0.3685205,0.3731084,0.85,0.2
VAE_no_norm,LRR1,3.0338945,2.4116118,0.7948898,0.6823252,1.0,0.65
VAE_no_norm,LSG1,7.408053,6.749035,0.9110403,0.86398184,1.0,0.85
VAE_no_norm,LSM10,3.1992652,1.7079045,0.53384274,0.4891825,0.85,0.3
VAE_no_norm,LSM12,2.945759,1.9826826,0.6730634,0.667095,1.0,0.35
VAE_no_norm,LSM2,7.410954,6.0610547,0.8178508,0.783463,1.0,0.55
VAE_no_norm,LSM3,5.520939,4.10104,0.7428157,0.6837099,1.0,0.5
VAE_no_norm,LSM4,7.879846,6.6455946,0.843366,0.79727477,1.0,0.85
VAE_no_norm,LSM5,5.3877397,4.4013615,0.8169217,0.7888239,1.0,0.7
VAE_no_norm,LSM6,8.023715,6.742742,0.84035164,0.81032884,1.0,0.6
VAE_no_norm,LSM7,5.377205,4.344121,0.8078771,0.7787437,1.0,0.65
VAE_no_norm,LTBP3,1.9939762,1.0458025,0.52448094,0.44775763,0.9,0.2
VAE_no_norm,LTV1,8.420017,7.351106,0.8730512,0.8370012,1.0,0.7
VAE_no_norm,LYRM4,2.9618468,1.7649039,0.59587955,0.46372083,1.0,0.55
VAE_no_norm,MAD2L1,2.6148434,1.8639811,0.71284616,0.59411335,1.0,0.7
VAE_no_norm,MAD2L2,2.0505426,1.2300383,0.5998599,0.54683,1.0,0.4
VAE_no_norm,MAK16,8.642721,7.6121345,0.8807567,0.82032216,1.0,0.8
VAE_no_norm,MALSU1,2.948768,1.9282517,0.6539178,0.5320985,1.0,0.55
VAE_no_norm,MANF,1.9949783,0.83828735,0.42019874,0.34087142,0.9,0.45
VAE_no_norm,MAP2K7,4.1087403,3.13343,0.76262546,0.68071306,1.0,0.65
VAE_no_norm,MARS,6.442479,5.478746,0.85040957,0.7907161,1.0,0.7
VAE_no_norm,MASTL,2.1750283,0.9276383,0.4264948,0.3634113,0.95,0.4
VAE_no_norm,MAT2A,1.8053442,0.86266965,0.47784218,0.405713,0.9,0.35
VAE_no_norm,MAX,3.9113514,2.620118,0.6698753,0.5608422,1.0,0.45
VAE_no_norm,MBD3,3.7491572,2.083477,0.5557188,0.4796984,0.95,0.3
VAE_no_norm,MBIP,2.9165587,1.409432,0.48325172,0.41298175,0.95,0.2
VAE_no_norm,MBNL1,3.4669125,2.5708504,0.7415389,0.6632843,1.0,0.6
VAE_no_norm,MBTPS1,3.0585241,2.2713933,0.7426436,0.65676796,1.0,0.65
VAE_no_norm,MBTPS2,2.8758636,2.0628836,0.7173093,0.61627966,1.0,0.65
VAE_no_norm,MCL1,2.1409853,1.1432494,0.5339829,0.45211744,0.95,0.35
VAE_no_norm,MCM2,5.3536215,4.5377536,0.8476045,0.76553386,1.0,0.8
VAE_no_norm,MCM3,3.4456925,2.9214885,0.84786683,0.79279745,1.0,0.65
VAE_no_norm,MCM3AP,2.8702023,1.5812999,0.55093676,0.4449564,1.0,0.5
VAE_no_norm,MCM5,3.4988186,2.3838158,0.6813202,0.5939807,1.0,0.45
VAE_no_norm,MCM6,5.3751173,4.802122,0.8933986,0.861357,1.0,0.8
VAE_no_norm,MCM7,2.595793,1.5495605,0.5969507,0.47605908,1.0,0.4
VAE_no_norm,MCMBP,3.4135768,2.6175165,0.7667958,0.6891485,1.0,0.65
VAE_no_norm,MDN1,7.535544,6.781066,0.8998774,0.8515783,1.0,0.8
VAE_no_norm,MED11,4.8092294,4.139113,0.8606603,0.8186236,1.0,0.8
VAE_no_norm,MED14,3.5237565,2.9976037,0.8506841,0.8294425,1.0,0.6
VAE_no_norm,MED16,2.5599403,1.3278688,0.51871085,0.43660834,1.0,0.45
VAE_no_norm,MED17,7.3975577,6.2870564,0.8498827,0.7861529,1.0,0.7
VAE_no_norm,MED19,4.42775,3.6506386,0.82449067,0.78764915,0.95,0.6
VAE_no_norm,MED20,4.384005,3.584109,0.8175422,0.76593053,1.0,0.7
VAE_no_norm,MED21,5.57819,4.7896256,0.8586344,0.81465995,1.0,0.7
VAE_no_norm,MED26,4.279607,2.964752,0.6927627,0.6239995,0.95,0.5
VAE_no_norm,MED29,6.0433197,4.937972,0.81709594,0.7483492,1.0,0.7
VAE_no_norm,MED30,9.014765,7.8979974,0.87611794,0.8448165,1.0,0.75
VAE_no_norm,MED4,8.257049,7.550046,0.91437584,0.89192015,1.0,0.8
VAE_no_norm,MED6,5.6372056,4.4426746,0.78809875,0.7142422,1.0,0.65
VAE_no_norm,MED7,7.7300544,6.893065,0.8917227,0.8613749,1.0,0.65
VAE_no_norm,MED8,5.232717,4.386127,0.83821213,0.79286355,1.0,0.7
VAE_no_norm,MED9,9.540071,8.244241,0.8641698,0.82498574,1.0,0.95
VAE_no_norm,MEN1,2.3912964,1.3003137,0.54376936,0.45315042,1.0,0.3
VAE_no_norm,METAP1,3.3737445,2.0861714,0.61835486,0.52349323,1.0,0.45
VAE_no_norm,METAP2,3.2931585,1.8283143,0.5551856,0.4823447,0.95,0.2
VAE_no_norm,METTL1,2.8614938,1.404046,0.49066892,0.4171739,1.0,0.4
VAE_no_norm,METTL14,3.349722,1.9711689,0.58845747,0.49338266,0.95,0.5
VAE_no_norm,METTL17,3.2699554,1.8334641,0.56070006,0.47318307,1.0,0.35
VAE_no_norm,METTL3,2.787392,1.8476807,0.6628708,0.5687059,1.0,0.55
VAE_no_norm,MEX3A,5.3476415,4.1452603,0.77515674,0.69416666,1.0,0.75
VAE_no_norm,MICOS10,2.6269922,1.6326811,0.6215021,0.5384264,1.0,0.5
VAE_no_norm,MIOS,2.38968,1.3021425,0.5449025,0.45649785,0.95,0.3
VAE_no_norm,MIPEP,2.684386,1.4192424,0.5287028,0.44612843,0.95,0.35
VAE_no_norm,MIS18BP1,3.180644,2.6032414,0.8184636,0.684171,1.0,0.8
VAE_no_norm,MLLT6,2.8518307,2.1619282,0.75808436,0.6823923,0.95,0.45
VAE_no_norm,MMS19,2.7236493,1.7728735,0.6509184,0.5530551,1.0,0.55
VAE_no_norm,MMS22L,3.6229277,2.6576293,0.7335585,0.6219712,1.0,0.6
VAE_no_norm,MNAT1,2.8067875,1.742652,0.6208707,0.55220073,0.95,0.4
VAE_no_norm,MOB4,2.616026,1.9020705,0.727084,0.59947675,1.0,0.65
VAE_no_norm,MON1A,2.158599,1.415902,0.65593565,0.52888507,0.95,0.6
VAE_no_norm,MPG,3.6129968,2.1811116,0.6036849,0.48505783,0.95,0.4
VAE_no_norm,MPHOSPH10,6.449708,5.714444,0.88600045,0.8478975,1.0,0.7
VAE_no_norm,MPHOSPH6,3.3717346,2.7032616,0.8017421,0.6833115,1.0,0.75
VAE_no_norm,MRGBP,4.1260953,2.7825859,0.6743872,0.67287755,0.95,0.55
VAE_no_norm,MRM1,4.801457,3.8640835,0.80477315,0.75241345,1.0,0.7
VAE_no_norm,MRPL1,3.0807881,1.8696342,0.6068688,0.49655753,1.0,0.4
VAE_no_norm,MRPL10,4.4791646,3.6570761,0.8164639,0.7113255,1.0,0.55
VAE_no_norm,MRPL14,2.5003812,1.3763084,0.5504394,0.43159997,0.95,0.45
VAE_no_norm,MRPL16,3.6261024,2.9031825,0.80063444,0.74101406,1.0,0.6
VAE_no_norm,MRPL18,4.4774394,3.5251942,0.7873237,0.6869827,1.0,0.7
VAE_no_norm,MRPL20,3.4733713,2.2150257,0.63771635,0.51234686,1.0,0.6
VAE_no_norm,MRPL24,3.9838293,3.3220186,0.8338758,0.72825897,1.0,0.6
VAE_no_norm,MRPL27,4.2479496,3.5263548,0.83013105,0.7540625,1.0,0.65
VAE_no_norm,MRPL3,3.055053,2.3845751,0.7805348,0.62088776,1.0,0.6
VAE_no_norm,MRPL32,3.6355383,2.6601148,0.7316976,0.62512153,1.0,0.35
VAE_no_norm,MRPL34,3.8393013,3.5144982,0.91540045,0.866716,1.0,0.8
VAE_no_norm,MRPL35,3.9905636,3.4784155,0.8716602,0.84348226,1.0,0.65
VAE_no_norm,MRPL36,3.2954135,2.828318,0.85825896,0.8235663,1.0,0.65
VAE_no_norm,MRPL37,3.678442,2.5470278,0.6924203,0.54725134,1.0,0.6
VAE_no_norm,MRPL38,3.1979856,2.250803,0.703819,0.58796084,1.0,0.6
VAE_no_norm,MRPL39,3.4568944,2.574296,0.7446846,0.66926336,1.0,0.55
VAE_no_norm,MRPL4,4.1048737,3.0011907,0.73112863,0.60656124,1.0,0.5
VAE_no_norm,MRPL41,4.536883,3.8195598,0.84189075,0.75153786,1.0,0.65
VAE_no_norm,MRPL49,5.0192676,4.186981,0.8341817,0.75265056,1.0,0.65
VAE_no_norm,MRPL50,3.3395379,2.0737762,0.620977,0.52655345,1.0,0.35
VAE_no_norm,MRPL51,4.081273,3.1294878,0.76679206,0.68384767,1.0,0.65
VAE_no_norm,MRPL54,3.737419,2.8721137,0.7684752,0.69100076,1.0,0.55
VAE_no_norm,MRPL9,3.4909706,2.4060729,0.68922746,0.57146823,1.0,0.45
VAE_no_norm,MRPS10,4.138545,3.01816,0.7292805,0.6226807,1.0,0.55
VAE_no_norm,MRPS16,2.7248337,1.5657909,0.57463723,0.46842617,1.0,0.45
VAE_no_norm,MRPS17,3.1859775,2.11007,0.6622991,0.5738044,1.0,0.3
VAE_no_norm,MRPS21,3.3194733,2.427365,0.73125005,0.6546261,1.0,0.45
VAE_no_norm,MRPS23,3.8450332,2.804384,0.72935236,0.62953067,1.0,0.6
VAE_no_norm,MRPS25,3.8212245,2.6609776,0.6963678,0.62080866,1.0,0.55
VAE_no_norm,MRPS26,4.3428087,3.2877128,0.7570476,0.6575362,1.0,0.7
VAE_no_norm,MRPS30,4.875607,3.9447246,0.8090735,0.7027212,1.0,0.7
VAE_no_norm,MRPS33,3.5075333,2.2893336,0.6526905,0.5388076,1.0,0.5
VAE_no_norm,MRPS34,3.7880774,2.736247,0.72233135,0.6364579,1.0,0.45
VAE_no_norm,MRPS35,4.95656,3.8947775,0.78578234,0.6742993,1.0,0.75
VAE_no_norm,MRPS5,4.3981676,3.493197,0.79423916,0.6975338,1.0,0.65
VAE_no_norm,MRPS6,2.6310282,1.5387925,0.58486354,0.5337538,0.95,0.2
VAE_no_norm,MRPS7,2.6049404,1.2732149,0.48876932,0.37436226,0.9,0.25
VAE_no_norm,MRPS9,3.850311,2.5979118,0.6747278,0.5499222,1.0,0.5
VAE_no_norm,MSL1,3.1754525,1.759733,0.5541676,0.54176474,0.95,0.2
VAE_no_norm,MSRB1,2.692217,1.3636222,0.5065053,0.45174667,0.95,0.4
VAE_no_norm,MST1,2.6930208,1.1136512,0.41353232,0.3448231,0.85,0.3
VAE_no_norm,MTG2,1.918477,1.021097,0.5322435,0.4328562,0.95,0.35
VAE_no_norm,MTHFD1,3.0641184,1.535861,0.50124073,0.42888862,0.9,0.25
VAE_no_norm,MTOR,2.4238892,1.5152283,0.6251228,0.5285164,1.0,0.45
VAE_no_norm,MVD,2.8171098,1.8837804,0.6686925,0.5255101,1.0,0.6
VAE_no_norm,MVK,1.4152048,0.5658951,0.39986798,0.31554207,0.9,0.2
VAE_no_norm,MYBBP1A,6.0792375,5.428146,0.89289916,0.8407891,1.0,0.85
VAE_no_norm,MYBL2,3.26748,2.7625113,0.84545624,0.77458215,1.0,0.75
VAE_no_norm,MYC,5.52264,4.1183205,0.74571586,0.7137571,1.0,0.4
VAE_no_norm,MYCBP,2.2617216,1.0100646,0.44659105,0.36945626,0.95,0.15
VAE_no_norm,MYSM1,2.6892278,1.2867353,0.4784776,0.39343178,0.9,0.15
VAE_no_norm,MZT1,2.9699922,1.6375508,0.5513654,0.4321166,1.0,0.4
VAE_no_norm,NAA10,4.9418464,3.7573614,0.7603153,0.69887054,1.0,0.7
VAE_no_norm,NAA15,3.618459,1.9810753,0.54749143,0.49018395,1.0,0.2
VAE_no_norm,NAA20,2.7310417,1.4093592,0.5160519,0.43080062,0.9,0.3
VAE_no_norm,NAA25,2.9870884,2.2287214,0.7461183,0.6174032,1.0,0.7
VAE_no_norm,NAA30,3.0348203,1.6433659,0.5415035,0.42490676,0.95,0.35
VAE_no_norm,NAA35,2.0661192,0.95605785,0.4627312,0.37366483,0.95,0.3
VAE_no_norm,NAA50,2.9839423,2.0772524,0.6961436,0.5796652,1.0,0.5
VAE_no_norm,NACA,7.6045337,6.62765,0.8715393,0.81013143,1.0,0.9
VAE_no_norm,NAF1,2.9700363,2.2678385,0.76357263,0.6459518,1.0,0.8
VAE_no_norm,NAGLU,1.8098263,0.71855533,0.39703,0.32316002,0.95,0.0
VAE_no_norm,NAPG,2.050606,1.0647985,0.5192604,0.42050797,0.95,0.45
VAE_no_norm,NARS,6.890522,5.947282,0.8631105,0.83553886,1.0,0.5
VAE_no_norm,NARS2,1.8260266,0.847618,0.46418712,0.37905744,0.85,0.15
VAE_no_norm,NBAS,4.2610097,3.2237694,0.7565741,0.65463793,1.0,0.6
VAE_no_norm,NCAPD2,2.1904821,1.0251483,0.4680012,0.40249053,0.9,0.2
VAE_no_norm,NCAPG2,3.428238,2.6110682,0.76163566,0.6527352,1.0,0.65
VAE_no_norm,NCAPH2,4.1173053,3.432919,0.8337781,0.7411554,1.0,0.75
VAE_no_norm,NCKAP1,2.659587,1.2656846,0.4758952,0.4229439,1.0,0.3
VAE_no_norm,NDC1,2.7883244,1.4638449,0.5249909,0.47746885,0.95,0.25
VAE_no_norm,NDUFA11,3.4367347,2.2284672,0.64842576,0.52925795,1.0,0.6
VAE_no_norm,NDUFA2,5.50868,4.15572,0.75439495,0.72559685,1.0,0.5
VAE_no_norm,NDUFA3,5.4650493,4.3130674,0.78920925,0.6882277,1.0,0.65
VAE_no_norm,NDUFA6,4.5166197,3.4236832,0.7580189,0.66396695,1.0,0.7
VAE_no_norm,NDUFAB1,5.5012064,4.5570183,0.82836705,0.76601124,1.0,0.7
VAE_no_norm,NDUFAF3,2.9961205,1.5699581,0.523997,0.42971078,0.95,0.45
VAE_no_norm,NDUFAF5,3.2102706,1.9360083,0.60306704,0.5013561,1.0,0.55
VAE_no_norm,NDUFAF7,4.2240095,3.5023158,0.82914484,0.68749934,1.0,0.85
VAE_no_norm,NDUFB3,3.0731711,1.8748407,0.6100671,0.4877055,0.95,0.5
VAE_no_norm,NDUFB4,5.004232,3.962471,0.791824,0.70460784,1.0,0.65
VAE_no_norm,NDUFB8,4.725877,3.56145,0.7536062,0.6453036,1.0,0.7
VAE_no_norm,NDUFS3,4.044398,2.8400495,0.7022181,0.57394224,1.0,0.55
VAE_no_norm,NELFA,5.671689,4.003018,0.7057894,0.6902982,1.0,0.5
VAE_no_norm,NELFB,3.2485328,2.099671,0.64634436,0.59497756,1.0,0.4
VAE_no_norm,NELFCD,3.6456141,2.1990712,0.6032101,0.5413682,1.0,0.35
VAE_no_norm,NELFE,4.939256,3.3245795,0.67309314,0.6495452,0.95,0.5
VAE_no_norm,NEMF,2.28289,0.9354947,0.40978527,0.33387053,1.0,0.1
VAE_no_norm,NFATC2IP,2.0724843,0.8776779,0.42349076,0.3540644,0.75,0.15
VAE_no_norm,NFKBIE,3.458813,2.1092157,0.60980916,0.5349097,0.95,0.45
VAE_no_norm,NFRKB,2.9000826,1.996411,0.68839794,0.58997023,1.0,0.45
VAE_no_norm,NFS1,3.995251,3.2412362,0.81127226,0.72140193,1.0,0.65
VAE_no_norm,NFYB,2.2862356,1.151166,0.50352025,0.43025026,1.0,0.35
VAE_no_norm,NFYC,3.867114,2.125651,0.5496737,0.5592847,0.95,0.1
VAE_no_norm,NHLRC2,2.7335608,1.2639722,0.46239036,0.40338153,0.95,0.35
VAE_no_norm,NHP2,4.230118,3.3179848,0.78437173,0.6465116,1.0,0.8
VAE_no_norm,NIFK,8.214389,7.290259,0.8874986,0.8649964,0.95,0.75
VAE_no_norm,NIP7,4.461738,3.6968348,0.8285638,0.720491,1.0,0.7
VAE_no_norm,NISCH,1.959341,0.9491975,0.4844473,0.3823411,1.0,0.25
VAE_no_norm,NKAP,9.031183,8.104521,0.89739305,0.8874284,1.0,0.65
VAE_no_norm,NKAPD1,2.5964892,1.4045275,0.5409333,0.45308533,0.95,0.3
VAE_no_norm,NLE1,8.111597,7.276503,0.89704937,0.859676,1.0,0.75
VAE_no_norm,NMD3,6.0975657,5.401711,0.88587993,0.82366097,1.0,0.8
VAE_no_norm,NOB1,3.492291,2.9019852,0.8309689,0.7161756,1.0,0.7
VAE_no_norm,NOC3L,5.896483,5.2913256,0.8973698,0.839643,1.0,0.75
VAE_no_norm,NOC4L,6.1957736,5.4544673,0.8803529,0.812694,1.0,0.75
VAE_no_norm,NOL10,6.0088263,5.150877,0.8572185,0.80474794,1.0,0.75
VAE_no_norm,NOL11,8.723909,7.7053566,0.8832458,0.8297591,1.0,0.7
VAE_no_norm,NOL12,5.589335,4.86065,0.8696294,0.80518156,1.0,0.8
VAE_no_norm,NOL6,6.8523192,6.1422606,0.8963769,0.8374782,1.0,0.8
VAE_no_norm,NOL7,2.543852,1.3083181,0.5143059,0.41370285,1.0,0.35
VAE_no_norm,NOL8,7.2623434,6.508067,0.8961387,0.8692909,1.0,0.75
VAE_no_norm,NOLC1,4.155679,3.48231,0.8379641,0.7600137,1.0,0.7
VAE_no_norm,NOM1,5.4370255,4.784472,0.87997967,0.8381658,1.0,0.8
VAE_no_norm,NOMO1,2.405654,1.2581679,0.52300453,0.46849093,0.85,0.4
VAE_no_norm,NOP14,6.5395284,5.916831,0.9047795,0.87658733,1.0,0.75
VAE_no_norm,NOP16,7.8407316,6.858171,0.8746851,0.78967875,1.0,0.85
VAE_no_norm,NOP58,7.2462583,6.4078603,0.88429916,0.83716035,1.0,0.75
VAE_no_norm,NOP9,2.4540231,1.241029,0.50571203,0.4186449,0.95,0.45
VAE_no_norm,NOS1AP,2.4504294,1.1387401,0.4647104,0.38206765,0.95,0.2
VAE_no_norm,NPLOC4,7.7028832,6.9478216,0.90197676,0.87143576,1.0,0.75
VAE_no_norm,NPM1,4.2525434,2.6125042,0.61433923,0.6234925,1.0,0.65
VAE_no_norm,NRBP1,3.2001288,2.064256,0.64505404,0.5283153,0.95,0.45
VAE_no_norm,NRDE2,3.9218519,2.829813,0.7215502,0.6733496,1.0,0.55
VAE_no_norm,NSA2,6.3431277,5.649753,0.89068884,0.83091396,1.0,0.75
VAE_no_norm,NSMCE2,2.4449484,1.5076061,0.61662084,0.487714,0.95,0.55
VAE_no_norm,NSUN4,2.0275764,0.92537004,0.45639217,0.35695696,0.95,0.4
VAE_no_norm,NUB1,2.3568194,1.2229954,0.51891774,0.46259192,0.95,0.4
VAE_no_norm,NUBP2,2.4821768,1.1563118,0.46584585,0.4003074,0.85,0.1
VAE_no_norm,NUDC,3.7853131,2.9851367,0.7886103,0.67905957,1.0,0.75
VAE_no_norm,NUDCD3,3.0324664,2.1240249,0.7004282,0.62507755,1.0,0.55
VAE_no_norm,NUDT15,2.6026652,1.2481021,0.47954768,0.42079017,1.0,0.15
VAE_no_norm,NUFIP1,2.635387,1.5257416,0.578944,0.4609372,1.0,0.45
VAE_no_norm,NUP107,5.1257577,4.434799,0.86519873,0.8347299,1.0,0.55
VAE_no_norm,NUP133,2.4604669,1.7482562,0.7105384,0.62264925,1.0,0.5
VAE_no_norm,NUP153,3.5935073,2.7109547,0.75440353,0.7260257,1.0,0.5
VAE_no_norm,NUP160,5.806134,4.8957047,0.84319526,0.8050588,1.0,0.7
VAE_no_norm,NUP214,2.4065409,1.6463408,0.6841109,0.5874724,0.95,0.55
VAE_no_norm,NUP35,2.3977897,1.0554403,0.44017217,0.36009592,0.95,0.1
VAE_no_norm,NUP43,1.9736569,0.9233242,0.46782407,0.37306613,1.0,0.25
VAE_no_norm,NUP54,5.477287,4.543085,0.8294408,0.69737273,1.0,0.7
VAE_no_norm,NUP62,6.9928794,5.643371,0.8070168,0.73095006,1.0,0.65
VAE_no_norm,NUP85,2.6938374,1.8820192,0.69863874,0.61340016,1.0,0.45
VAE_no_norm,NUP88,2.8761017,2.24095,0.77916235,0.7209654,1.0,0.6
VAE_no_norm,NUP98,7.5759487,6.655966,0.8785653,0.85042554,1.0,0.8
VAE_no_norm,NUTF2,4.525183,3.6238694,0.8008227,0.7629238,1.0,0.65
VAE_no_norm,NVL,7.5347795,6.8115807,0.9040186,0.8592543,1.0,0.8
VAE_no_norm,OGFOD1,3.2521417,1.9452698,0.5981504,0.5254781,0.95,0.5
VAE_no_norm,OIP5,2.3759985,0.9448923,0.3976822,0.3177248,0.95,0.2
VAE_no_norm,OLFML3,1.9158112,0.9199776,0.48020265,0.4281112,0.95,0.2
VAE_no_norm,OPA1,3.7662854,2.7901566,0.7408245,0.6164749,0.95,0.55
VAE_no_norm,ORC3,2.9007027,1.3504087,0.46554536,0.40761518,0.9,0.25
VAE_no_norm,ORC4,2.2697535,0.928866,0.40923652,0.36060396,0.85,0.2
VAE_no_norm,ORC5,2.0450494,0.99521405,0.48664546,0.40085295,0.95,0.2
VAE_no_norm,ORC6,3.8671453,3.0786653,0.796108,0.6868258,1.0,0.8
VAE_no_norm,OSGEP,3.053641,1.613102,0.5282553,0.4292161,1.0,0.5
VAE_no_norm,OSTC,3.3538437,2.0915058,0.62361455,0.50181854,1.0,0.45
VAE_no_norm,PABPC1,9.182985,8.040167,0.87555045,0.8959782,1.0,0.6
VAE_no_norm,PABPC4,3.313994,1.8841444,0.5685419,0.52426183,0.9,0.5
VAE_no_norm,PABPN1,4.774321,3.240801,0.6787983,0.6560426,1.0,0.3
VAE_no_norm,PAF1,9.230793,7.641717,0.8278505,0.78519434,1.0,0.7
VAE_no_norm,PALB2,2.5757134,1.4080913,0.5466801,0.45131317,0.9,0.35
VAE_no_norm,PAM16,7.4587865,6.503717,0.8719538,0.8179533,1.0,0.6
VAE_no_norm,PARN,1.8544759,0.9585908,0.5169066,0.4069906,1.0,0.45
VAE_no_norm,PAXBP1,3.9335027,2.7042427,0.68748975,0.6255834,1.0,0.4
VAE_no_norm,PCBP1,4.319369,3.3771155,0.7818539,0.74346596,1.0,0.6
VAE_no_norm,PCID2,2.48529,1.3287106,0.53463,0.46431836,0.95,0.3
VAE_no_norm,PCNA,6.6289725,5.6533456,0.8528238,0.8162777,1.0,0.7
VAE_no_norm,PCNX3,2.148493,1.0387219,0.48346534,0.39920634,0.95,0.3
VAE_no_norm,PDAP1,3.1120107,1.5595589,0.50114185,0.41212574,0.9,0.25
VAE_no_norm,PDCD11,7.864855,7.080061,0.9002151,0.88391596,1.0,0.75
VAE_no_norm,PDCD5,2.0939121,1.3060724,0.62374747,0.5025778,0.95,0.45
VAE_no_norm,PDCD6,2.7552228,1.3923014,0.5053317,0.4575953,0.95,0.2
VAE_no_norm,PDCD6IP,1.8501008,0.8824462,0.47697198,0.3767922,0.95,0.35
VAE_no_norm,PDHA1,2.4189005,1.2822481,0.53009546,0.46380734,0.95,0.4
VAE_no_norm,PDRG1,4.4421973,3.4638011,0.7797495,0.7228054,1.0,0.6
VAE_no_norm,PELP1,6.712279,5.9963655,0.89334273,0.8408584,1.0,0.8
VAE_no_norm,PES1,7.502975,6.74448,0.8989074,0.8568628,1.0,0.8
VAE_no_norm,PET117,2.600553,1.5476307,0.59511596,0.51005256,1.0,0.55
VAE_no_norm,PEX19,2.9326668,1.8563168,0.6329791,0.5428311,1.0,0.35
VAE_no_norm,PFDN2,5.8189106,4.58021,0.78712505,0.72988516,0.95,0.5
VAE_no_norm,PFDN4,2.441734,1.1901642,0.4874258,0.42523485,0.9,0.35
VAE_no_norm,PFDN6,3.1776664,1.7448117,0.54908586,0.45181835,1.0,0.45
VAE_no_norm,PFN1,3.275899,1.7063609,0.52088326,0.5860852,1.0,0.45
VAE_no_norm,PGAM1,2.8498838,1.288994,0.45229703,0.47758734,0.9,0.2
VAE_no_norm,PGD,3.2427683,1.6644437,0.51327866,0.41153005,1.0,0.4
VAE_no_norm,PGK1,2.341899,1.0592325,0.4522964,0.45506814,0.95,0.3
VAE_no_norm,PGPEP1,3.665766,2.4907572,0.67946434,0.5866453,1.0,0.45
VAE_no_norm,PGS1,3.2084532,2.0583334,0.6415345,0.5021721,1.0,0.55
VAE_no_norm,PHB,9.429797,8.224752,0.87220883,0.8394879,1.0,0.65
VAE_no_norm,PHB2,9.270094,8.168882,0.8812082,0.84161615,1.0,0.8
VAE_no_norm,PHF12,2.7863822,1.5561627,0.5584886,0.46224132,0.95,0.3
VAE_no_norm,PI4KA,1.7726814,1.0908098,0.6153446,0.5266898,0.95,0.35
VAE_no_norm,PIAS1,2.697004,1.5756699,0.5842297,0.54562545,0.85,0.25
VAE_no_norm,PIGH,2.9868457,1.6025765,0.5365448,0.4232789,1.0,0.5
VAE_no_norm,PITRM1,1.9630673,0.9277424,0.47259837,0.39723408,0.95,0.25
VAE_no_norm,PLEKHN1,3.0462012,1.618747,0.5313986,0.4182458,0.95,0.55
VAE_no_norm,PLK1,3.485482,2.3796675,0.682737,0.6228715,0.95,0.5
VAE_no_norm,PLK4,2.7341022,2.2349257,0.8174258,0.7515861,1.0,0.55
VAE_no_norm,PMF1,3.8617268,3.284421,0.85050577,0.7847013,1.0,0.85
VAE_no_norm,PMPCA,4.31582,3.3887596,0.7851948,0.67679137,1.0,0.75
VAE_no_norm,PMPCB,5.819714,5.1815553,0.89034534,0.8655694,1.0,0.55
VAE_no_norm,PNKP,2.9738925,1.803262,0.60636425,0.4968646,0.95,0.25
VAE_no_norm,PNN,4.2518167,3.0096688,0.7078548,0.65011585,0.95,0.65
VAE_no_norm,PNO1,7.515352,6.600096,0.8782152,0.8473646,1.0,0.75
VAE_no_norm,PNPT1,4.512686,3.2338026,0.7166026,0.6644239,0.95,0.45
VAE_no_norm,POGLUT3,0.949327,0.52907854,0.5573196,0.47687343,1.0,0.25
VAE_no_norm,POGZ,2.786352,1.4842563,0.532688,0.4279166,0.9,0.4
VAE_no_norm,POLA1,6.3263416,5.2191067,0.8249802,0.77757615,1.0,0.65
VAE_no_norm,POLD1,7.0685563,5.912944,0.83651364,0.78563946,1.0,0.7
VAE_no_norm,POLD2,6.841735,5.680582,0.8302839,0.7644008,1.0,0.7
VAE_no_norm,POLE,7.468443,6.1999407,0.83015174,0.75302225,1.0,0.65
VAE_no_norm,POLG2,2.8670516,1.420478,0.49544904,0.37087113,0.95,0.35
VAE_no_norm,POLL,4.7656493,3.8498156,0.80782604,0.762849,1.0,0.55
VAE_no_norm,POLR1D,6.1337156,5.3508196,0.87236184,0.8161579,1.0,0.8
VAE_no_norm,POLR1E,6.502315,5.892651,0.9062389,0.8639012,1.0,0.75
VAE_no_norm,POLR2B,8.220969,7.26256,0.8834189,0.8608258,1.0,0.7
VAE_no_norm,POLR2C,8.111291,6.9639087,0.85854506,0.83370125,1.0,0.65
VAE_no_norm,POLR2E,8.471163,7.443733,0.87871444,0.84856737,1.0,0.75
VAE_no_norm,POLR2F,5.708194,4.7254987,0.8278448,0.7712431,1.0,0.7
VAE_no_norm,POLR2G,9.817696,8.60184,0.87615675,0.84688675,1.0,0.85
VAE_no_norm,POLR2H,10.308628,8.766832,0.8504364,0.7945367,1.0,0.75
VAE_no_norm,POLR2I,8.550869,7.3865194,0.8638326,0.8481954,1.0,0.75
VAE_no_norm,POLR2K,7.5864253,6.596761,0.869548,0.82746273,0.95,0.75
VAE_no_norm,POLR2M,2.8026521,1.7629834,0.62904114,0.56474763,0.95,0.55
VAE_no_norm,POLR3B,4.444381,3.3836517,0.76133245,0.67887235,1.0,0.7
VAE_no_norm,POLR3C,3.664156,2.3085103,0.63002515,0.54198235,1.0,0.45
VAE_no_norm,POLR3D,5.435463,4.472322,0.8228043,0.76439923,1.0,0.5
VAE_no_norm,POLR3E,2.67347,1.4524868,0.54329646,0.44488603,0.95,0.5
VAE_no_norm,POLR3F,3.0851068,1.978115,0.641182,0.56807745,1.0,0.35
VAE_no_norm,POLR3K,3.6976974,2.2093563,0.59749514,0.54456586,1.0,0.25
VAE_no_norm,POLRMT,5.5225143,4.864599,0.88086677,0.73453844,1.0,0.7
VAE_no_norm,POP1,6.382973,5.653812,0.88576466,0.825415,1.0,0.8
VAE_no_norm,POP4,6.5103474,5.8837857,0.9037591,0.8722776,1.0,0.8
VAE_no_norm,POP5,3.902972,3.307887,0.8475303,0.74202895,1.0,0.75
VAE_no_norm,POP7,5.975526,5.2718697,0.88224363,0.8162252,1.0,0.75
VAE_no_norm,PPA1,2.5124793,1.4053077,0.55933106,0.4669868,0.95,0.5
VAE_no_norm,PPA2,3.0455315,1.8150122,0.5959591,0.46348432,1.0,0.4
VAE_no_norm,PPAN,8.434944,7.5325522,0.8930174,0.8408304,1.0,0.8
VAE_no_norm,PPIA,2.623257,1.4200838,0.54134375,0.5083202,0.9,0.3
VAE_no_norm,PPIL2,5.719928,4.725503,0.8261473,0.7599058,1.0,0.7
VAE_no_norm,PPME1,2.9963443,1.8686409,0.62364024,0.4923254,1.0,0.5
VAE_no_norm,PPP1R11,4.0964713,3.0273032,0.73900265,0.66135806,1.0,0.45
VAE_no_norm,PPP1R15B,3.9625382,2.6227646,0.66189003,0.5827694,1.0,0.4
VAE_no_norm,PPP1R2,2.183785,1.4358677,0.6575133,0.6082975,1.0,0.35
VAE_no_norm,PPP1R37,1.120843,0.5239616,0.46747097,0.39757302,1.0,0.25
VAE_no_norm,PPP1R8,2.8400283,1.6929098,0.59608907,0.5143506,1.0,0.3
VAE_no_norm,PPP2CA,2.3964267,1.1706028,0.48847845,0.39176258,1.0,0.45
VAE_no_norm,PPP2R1A,1.9330583,1.2536477,0.6485307,0.54665565,1.0,0.55
VAE_no_norm,PPP2R3C,2.9446683,1.7759032,0.6030911,0.5257771,0.95,0.55
VAE_no_norm,PPP6C,2.4193652,1.9265913,0.796321,0.76821893,1.0,0.6
VAE_no_norm,PPRC1,4.025551,2.9649389,0.73653,0.5751297,1.0,0.75
VAE_no_norm,PRC1,2.201568,1.0669698,0.48464087,0.3952546,0.9,0.3
VAE_no_norm,PRDM4,2.626531,1.1977088,0.45600408,0.3622164,0.95,0.5
VAE_no_norm,PRELID1,7.8782907,6.8589644,0.87061584,0.81677073,1.0,0.55
VAE_no_norm,PRELID3B,8.093668,7.4058495,0.9150177,0.86927825,1.0,0.75
VAE_no_norm,PRIM1,7.350192,6.0685105,0.82562613,0.7675856,1.0,0.7
VAE_no_norm,PRIM2,5.914118,4.7208366,0.7982318,0.72605085,1.0,0.55
VAE_no_norm,PRKCA,2.9135432,1.3603097,0.46689188,0.40450332,1.0,0.2
VAE_no_norm,PRORP,3.2150621,1.6076071,0.50002366,0.39749393,0.9,0.5
VAE_no_norm,PRPF19,5.062123,3.9216151,0.7746977,0.7491326,1.0,0.55
VAE_no_norm,PRPF3,8.517435,7.2574315,0.8520677,0.8400755,1.0,0.7
VAE_no_norm,PRPF31,7.5718865,6.47186,0.85472226,0.8318646,1.0,0.7
VAE_no_norm,PRPF39,2.619714,1.7544116,0.66969585,0.55098575,1.0,0.45
VAE_no_norm,PRPF4,7.469994,6.3235307,0.8465242,0.8309275,1.0,0.8
VAE_no_norm,PRPF40A,7.494878,5.9902825,0.7992502,0.754807,1.0,0.7
VAE_no_norm,PRPF4B,4.3616486,3.0989676,0.7105037,0.5978227,0.95,0.6
VAE_no_norm,PRPF8,7.399146,6.2480636,0.8444303,0.8090299,1.0,0.75
VAE_no_norm,PRRC2A,4.0957303,3.2113461,0.7840717,0.7181547,1.0,0.6
VAE_no_norm,PSAT1,2.31228,1.1536167,0.49890873,0.4510927,0.95,0.3
VAE_no_norm,PSMA3,12.1766405,11.542795,0.9479458,0.9345503,1.0,0.7
VAE_no_norm,PSMA4,11.405958,10.730198,0.94075376,0.9386343,1.0,0.6
VAE_no_norm,PSMB1,7.6881657,6.7134213,0.87321496,0.82198,1.0,0.7
VAE_no_norm,PSMB2,11.1824875,10.3364,0.92433816,0.9231105,1.0,0.75
VAE_no_norm,PSMB3,11.879647,11.071248,0.9319509,0.9113616,1.0,0.7
VAE_no_norm,PSMB5,12.717336,11.89457,0.9353036,0.9339477,1.0,0.65
VAE_no_norm,PSMC1,11.927312,10.977168,0.9203388,0.91595113,1.0,0.7
VAE_no_norm,PSMC4,11.1264105,10.093775,0.90719056,0.8965489,1.0,0.75
VAE_no_norm,PSMC5,12.196046,11.447822,0.93865025,0.94309056,1.0,0.75
VAE_no_norm,PSMD11,11.161508,10.329761,0.9254808,0.9097242,1.0,0.7
VAE_no_norm,PSMD14,10.443808,9.589601,0.91820925,0.90097713,1.0,0.7
VAE_no_norm,PSMD4,5.6347804,4.642126,0.8238344,0.7432996,1.0,0.6
VAE_no_norm,PSME1,2.9218533,1.3266152,0.4540321,0.37987137,0.9,0.3
VAE_no_norm,PSME2,2.4369998,1.0977324,0.4504442,0.38258168,0.95,0.3
VAE_no_norm,PSMG1,2.3799803,1.1712297,0.4921174,0.45675313,0.9,0.1
VAE_no_norm,PSMG2,3.0185103,1.3847388,0.45874906,0.367491,0.95,0.35
VAE_no_norm,PTCD1,2.670896,1.7412268,0.6519261,0.532352,1.0,0.4
VAE_no_norm,PTCD3,3.2130241,1.7254136,0.5370061,0.45151046,1.0,0.3
VAE_no_norm,PTEN,2.4123833,1.4255757,0.5909408,0.5148303,1.0,0.4
VAE_no_norm,PTGR2,2.9667213,1.3932421,0.46962354,0.3844994,0.95,0.2
VAE_no_norm,PTMA,4.3319173,2.9632885,0.6840594,0.72161853,1.0,0.55
VAE_no_norm,PTPMT1,2.5474365,1.1526581,0.45247766,0.3764234,0.9,0.3
VAE_no_norm,PTPN1,2.0563,0.9294974,0.45202425,0.36897326,0.95,0.45
VAE_no_norm,PTPN11,2.1654105,1.0472219,0.48361355,0.3831437,1.0,0.4
VAE_no_norm,PUF60,4.171093,2.8072855,0.67303354,0.6163883,0.95,0.3
VAE_no_norm,PXN,3.353547,2.4421148,0.72821844,0.63396305,1.0,0.65
VAE_no_norm,PYROXD1,2.440845,1.4253424,0.5839545,0.4738829,1.0,0.45
VAE_no_norm,PYURF,4.194021,3.4958868,0.83354056,0.7344173,1.0,0.65
VAE_no_norm,QARS,9.195697,8.075032,0.8781316,0.85529846,1.0,0.55
VAE_no_norm,QRSL1,2.392809,1.2377187,0.517266,0.41492593,1.0,0.4
VAE_no_norm,RAB4A,1.9438928,0.9867418,0.5076112,0.42461392,0.95,0.3
VAE_no_norm,RAB4B,1.3419507,0.630712,0.4699964,0.3721741,0.95,0.25
VAE_no_norm,RAB6A,3.4113154,1.9786198,0.5800167,0.50645524,0.95,0.55
VAE_no_norm,RABGGTA,7.417123,6.420166,0.8655871,0.876048,1.0,0.65
VAE_no_norm,RABGGTB,5.1473956,4.220373,0.81990457,0.77654403,1.0,0.65
VAE_no_norm,RAC1,2.639205,1.2412742,0.47032127,0.38649607,0.9,0.2
VAE_no_norm,RAC3,3.8730638,3.2098908,0.828773,0.7870963,1.0,0.65
VAE_no_norm,RAD51,4.504777,3.6632965,0.8132026,0.71662,1.0,0.75
VAE_no_norm,RAD51C,3.0688848,1.6919184,0.55131376,0.45813692,1.0,0.45
VAE_no_norm,RAD51D,2.6051042,1.1173451,0.4289061,0.34784484,0.75,0.2
VAE_no_norm,RAD9A,2.6560853,1.4645332,0.5513879,0.4461255,0.9,0.5
VAE_no_norm,RAE1,5.603784,4.630864,0.8263816,0.7378306,0.95,0.75
VAE_no_norm,RAMAC,3.6252515,2.201839,0.60736173,0.43759766,0.95,0.45
VAE_no_norm,RAN,5.06697,4.174102,0.8237866,0.76199657,1.0,0.7
VAE_no_norm,RARS,6.135986,5.004367,0.8155767,0.76188034,1.0,0.6
VAE_no_norm,RARS2,2.768286,2.1231472,0.7669537,0.6966936,1.0,0.7
VAE_no_norm,RBBP4,2.580681,0.9510424,0.3685238,0.29305848,0.85,0.25
VAE_no_norm,RBBP5,5.19759,3.8361607,0.7380653,0.65741545,1.0,0.55
VAE_no_norm,RBBP8,5.041733,4.242288,0.84143454,0.73460335,1.0,0.7
VAE_no_norm,RBM10,2.240855,1.288301,0.57491493,0.5147426,1.0,0.3
VAE_no_norm,RBM15,2.6989276,1.6021284,0.59361666,0.5171434,1.0,0.3
VAE_no_norm,RBM17,4.2347484,2.739703,0.6469577,0.56848025,0.9,0.45
VAE_no_norm,RBM19,5.994122,5.1905103,0.86593336,0.77484,1.0,0.75
VAE_no_norm,RBM28,7.2685018,6.5349607,0.8990795,0.84972167,1.0,0.8
VAE_no_norm,RBM33,3.0499184,1.6472095,0.54008317,0.45865527,0.85,0.15
VAE_no_norm,RBM4,3.1815329,1.6146976,0.50752187,0.42470983,0.95,0.25
VAE_no_norm,RBM42,4.3152475,3.3742905,0.781946,0.68719465,1.0,0.6
VAE_no_norm,RBM48,2.8003404,1.628662,0.5815943,0.4812888,1.0,0.55
VAE_no_norm,RBMX2,5.307366,4.2099853,0.7932344,0.80208135,1.0,0.45
VAE_no_norm,RBMXL1,3.0192463,1.6064575,0.53207237,0.42066598,1.0,0.35
VAE_no_norm,RBX1,4.1425667,2.8666625,0.6920015,0.6054638,1.0,0.55
VAE_no_norm,RCC1,2.1277063,1.5091966,0.70930684,0.6078535,1.0,0.35
VAE_no_norm,RCL1,7.1070647,6.460837,0.90907246,0.87996817,1.0,0.75
VAE_no_norm,RFC2,3.4225717,2.5975306,0.7589412,0.63512844,1.0,0.65
VAE_no_norm,RFC3,3.6692512,2.9368079,0.80038345,0.71250045,1.0,0.6
VAE_no_norm,RFC4,4.124379,3.066862,0.74359363,0.6184474,1.0,0.6
VAE_no_norm,RFC5,2.6234992,1.5178756,0.5785691,0.47265282,1.0,0.35
VAE_no_norm,RHOQ,1.4645094,0.7668211,0.5236027,0.45344624,1.0,0.3
VAE_no_norm,RINT1,3.2096305,2.0122604,0.6269446,0.5368125,1.0,0.5
VAE_no_norm,RIOK1,6.1813912,5.3203464,0.8607037,0.8113915,1.0,0.75
VAE_no_norm,RMI1,2.7569377,1.2525828,0.45433843,0.35829753,0.85,0.25
VAE_no_norm,RNASEH2C,1.9666724,1.2326727,0.62678087,0.64515597,0.95,0.5
VAE_no_norm,RNF103,2.9997485,1.7208995,0.57368124,0.4364334,0.95,0.35
VAE_no_norm,RNF113A,7.4675617,6.5250664,0.87378806,0.8707285,1.0,0.6
VAE_no_norm,RNF123,2.1035423,0.8827626,0.41965526,0.3409077,0.85,0.05
VAE_no_norm,RNF14,1.9447635,0.7991072,0.410902,0.31394845,0.9,0.15
VAE_no_norm,RNF8,1.4187824,0.5332182,0.37582806,0.3087157,0.9,0.15
VAE_no_norm,RNGTT,2.5256832,1.4146065,0.56008863,0.47345224,0.95,0.3
VAE_no_norm,RNPC3,3.728963,2.5198898,0.6757616,0.6051686,1.0,0.5
VAE_no_norm,ROMO1,3.381459,2.1872184,0.64682686,0.504661,1.0,0.45
VAE_no_norm,RPA1,7.9715743,6.705071,0.84112257,0.7798195,1.0,0.7
VAE_no_norm,RPA2,8.846294,7.586037,0.8575384,0.81306976,1.0,0.65
VAE_no_norm,RPA3,5.558235,4.60406,0.8283313,0.78448987,1.0,0.65
VAE_no_norm,RPAP1,9.053667,7.891164,0.87159866,0.82926565,0.95,0.75
VAE_no_norm,RPAP2,8.580495,7.4178286,0.8644989,0.8038078,1.0,0.8
VAE_no_norm,RPAP3,3.8152003,2.6303313,0.68943465,0.6035053,0.95,0.6
VAE_no_norm,RPF1,6.757993,5.9487147,0.8802487,0.8316715,1.0,0.7
VAE_no_norm,RPIA,2.5160086,1.3753588,0.54664314,0.46997252,1.0,0.25
VAE_no_norm,RPL10,10.042094,8.56098,0.85250944,0.8671113,1.0,0.6
VAE_no_norm,RPL10A,9.833056,8.715375,0.8863343,0.87838167,1.0,0.65
VAE_no_norm,RPL11,8.354897,7.083469,0.8478224,0.8192565,1.0,0.8
VAE_no_norm,RPL13,10.019,8.183605,0.8168086,0.8353941,1.0,0.65
VAE_no_norm,RPL14,10.927844,9.230271,0.8446562,0.8526007,1.0,0.55
VAE_no_norm,RPL15,9.132358,8.008297,0.8769145,0.83232176,1.0,0.55
VAE_no_norm,RPL17,11.065269,9.303272,0.8407633,0.8565203,1.0,0.5
VAE_no_norm,RPL18,10.149169,8.785848,0.86567163,0.8500718,1.0,0.6
VAE_no_norm,RPL18A,9.051449,7.879231,0.8704939,0.8296387,1.0,0.7
VAE_no_norm,RPL23,10.120117,8.913029,0.8807239,0.867747,1.0,0.6
VAE_no_norm,RPL23A,10.681197,9.341428,0.8745675,0.85693866,1.0,0.6
VAE_no_norm,RPL24,9.356082,8.282233,0.8852245,0.8620076,1.0,0.7
VAE_no_norm,RPL26,8.648739,7.6648474,0.88623875,0.85248333,1.0,0.65
VAE_no_norm,RPL27A,9.2276,8.071361,0.8746977,0.84108335,1.0,0.6
VAE_no_norm,RPL28,3.6694295,2.3644636,0.6443682,0.5528909,1.0,0.55
VAE_no_norm,RPL29,4.3226657,1.7308683,0.40041688,0.48397392,1.0,0.3
VAE_no_norm,RPL30,10.676313,9.245981,0.86602753,0.8556386,1.0,0.65
VAE_no_norm,RPL31,9.980876,8.653921,0.8670503,0.8473873,1.0,0.55
VAE_no_norm,RPL32,10.38073,8.849703,0.8525126,0.855184,1.0,0.5
VAE_no_norm,RPL34,10.675786,9.047267,0.84745675,0.8466116,1.0,0.7
VAE_no_norm,RPL35,9.82529,8.617834,0.8771074,0.861919,1.0,0.55
VAE_no_norm,RPL35A,9.7720175,8.517477,0.8716191,0.86325806,1.0,0.6
VAE_no_norm,RPL36,10.6323395,9.255264,0.8704824,0.85611737,1.0,0.55
VAE_no_norm,RPL36A,4.1270814,2.9597747,0.7171593,0.7150425,1.0,0.8
VAE_no_norm,RPL37A,10.386874,8.841164,0.85118616,0.8543845,1.0,0.55
VAE_no_norm,RPL38,10.023395,8.662578,0.86423594,0.82121557,1.0,0.55
VAE_no_norm,RPL4,9.933278,8.633268,0.8691258,0.85399145,1.0,0.7
VAE_no_norm,RPL41,1.7619928,0.7871982,0.44676584,0.36380762,0.7,0.25
VAE_no_norm,RPL5,9.132043,7.9418015,0.8696632,0.838488,1.0,0.6
VAE_no_norm,RPL6,10.028546,8.784071,0.8759067,0.85070485,1.0,0.55
VAE_no_norm,RPL7,10.189982,8.91476,0.8748553,0.8533859,1.0,0.6
VAE_no_norm,RPL7L1,8.2286825,7.328986,0.8906634,0.8544613,1.0,0.8
VAE_no_norm,RPL8,10.088408,8.744171,0.8667543,0.8420311,1.0,0.65
VAE_no_norm,RPL9,9.974445,8.81534,0.8837925,0.84974116,1.0,0.75
VAE_no_norm,RPLP0,9.099444,8.054697,0.8851856,0.8771001,1.0,0.6
VAE_no_norm,RPP14,6.7922993,6.068923,0.8935005,0.8574625,1.0,0.75
VAE_no_norm,RPP21,2.09347,1.156642,0.5524999,0.4393056,1.0,0.5
VAE_no_norm,RPP30,6.224553,5.5102963,0.8852517,0.849109,1.0,0.7
VAE_no_norm,RPP40,5.890893,4.9029307,0.8322899,0.746448,1.0,0.7
VAE_no_norm,RPS11,8.212224,7.1993294,0.8766601,0.834729,1.0,0.7
VAE_no_norm,RPS12,7.557144,6.4612503,0.8549857,0.82790077,1.0,0.8
VAE_no_norm,RPS13,8.168534,7.253813,0.8880189,0.8731149,1.0,0.8
VAE_no_norm,RPS14,7.082369,6.2796235,0.8866558,0.8441809,1.0,0.8
VAE_no_norm,RPS15,7.2382135,6.2130184,0.8583635,0.83968735,1.0,0.65
VAE_no_norm,RPS15A,8.318317,7.213232,0.86715037,0.8257131,1.0,0.65
VAE_no_norm,RPS18,11.096683,9.085546,0.8187623,0.84691954,1.0,0.7
VAE_no_norm,RPS19,9.852957,8.518381,0.86455077,0.8410211,1.0,0.7
VAE_no_norm,RPS19BP1,5.8141565,5.2035513,0.8949796,0.828813,1.0,0.7
VAE_no_norm,RPS2,7.271668,6.464562,0.88900673,0.86330473,1.0,0.8
VAE_no_norm,RPS20,8.353264,7.3511734,0.88003606,0.85078835,1.0,0.65
VAE_no_norm,RPS21,5.964163,5.1025257,0.8555309,0.7605006,1.0,0.7
VAE_no_norm,RPS24,9.098284,7.5814915,0.8332881,0.8595222,1.0,0.75
VAE_no_norm,RPS26,7.880711,6.877007,0.87263787,0.8578088,1.0,0.55
VAE_no_norm,RPS27,3.2861266,1.4058713,0.42782018,0.5129452,1.0,0.2
VAE_no_norm,RPS27A,8.519187,7.5357027,0.88455653,0.8796392,1.0,0.65
VAE_no_norm,RPS28,8.108038,6.9760756,0.8603901,0.80418575,1.0,0.7
VAE_no_norm,RPS3,9.042701,7.942377,0.87831914,0.8499523,1.0,0.8
VAE_no_norm,RPS3A,8.746764,7.750977,0.88615364,0.85868746,1.0,0.7
VAE_no_norm,RPS4X,5.469515,4.644749,0.8492068,0.782872,1.0,0.75
VAE_no_norm,RPS6,9.426762,7.9733906,0.845825,0.8685126,1.0,0.7
VAE_no_norm,RPS7,8.453964,7.56262,0.894565,0.86956865,1.0,0.7
VAE_no_norm,RPS8,9.37697,7.9109764,0.8436602,0.85606337,1.0,0.7
VAE_no_norm,RPS9,8.2843485,7.3150105,0.8829917,0.8558361,1.0,0.8
VAE_no_norm,RPSA,8.756517,7.674739,0.8764602,0.84952134,1.0,0.7
VAE_no_norm,RPUSD3,2.6484165,1.9080219,0.7204388,0.61257684,1.0,0.7
VAE_no_norm,RPUSD4,3.149464,1.7916398,0.5688714,0.44932345,1.0,0.4
VAE_no_norm,RRN3,5.025676,4.1993246,0.8355741,0.76836306,0.95,0.7
VAE_no_norm,RRP12,7.4894366,6.737986,0.8996653,0.85303074,1.0,0.7
VAE_no_norm,RRP15,3.0901313,2.062559,0.6674664,0.548966,1.0,0.5
VAE_no_norm,RRP7A,6.4164085,5.674801,0.88442016,0.8359368,1.0,0.75
VAE_no_norm,RRP9,2.9665956,2.3764372,0.80106544,0.68497723,0.95,0.65
VAE_no_norm,RRS1,8.167405,7.4213734,0.90865743,0.8827253,1.0,0.75
VAE_no_norm,RSL24D1,7.563947,6.6563144,0.8800054,0.81693643,1.0,0.9
VAE_no_norm,RTCB,2.7636282,1.3671724,0.49470198,0.36734653,0.95,0.2
VAE_no_norm,RTEL1,1.162008,0.5212759,0.4485992,0.37933603,0.9,0.25
VAE_no_norm,RTRAF,2.362303,1.4646058,0.61999065,0.5954236,1.0,0.65
VAE_no_norm,RTTN,2.7683623,1.2364075,0.44662055,0.37836474,0.85,0.15
VAE_no_norm,RUVBL1,10.654391,9.131063,0.8570235,0.81092274,1.0,0.7
VAE_no_norm,RUVBL2,11.064944,9.368047,0.846642,0.7974128,1.0,0.75
VAE_no_norm,S100A1,2.60043,1.2137331,0.46674323,0.39523152,0.95,0.25
VAE_no_norm,SAE1,3.6244586,2.065637,0.56991607,0.50480825,0.7,0.3
VAE_no_norm,SAMD4B,3.238288,2.206774,0.6814632,0.52972245,1.0,0.6
VAE_no_norm,SAP18,2.8488398,1.3381135,0.46970475,0.39430758,1.0,0.35
VAE_no_norm,SARS2,3.054932,1.803448,0.5903398,0.46189335,1.0,0.5
VAE_no_norm,SART1,9.582974,8.5795355,0.8952894,0.89045006,1.0,0.65
VAE_no_norm,SART3,3.5399268,2.883375,0.81452954,0.801446,0.95,0.4
VAE_no_norm,SASS6,2.51345,1.5496306,0.6165353,0.49848682,1.0,0.45
VAE_no_norm,SBNO1,2.5783646,1.3969444,0.5417948,0.4519668,0.85,0.25
VAE_no_norm,SCAF1,4.845561,4.0074472,0.8270347,0.80498606,1.0,0.8
VAE_no_norm,SCAP,2.9373188,2.2354953,0.7610666,0.6695678,0.95,0.65
VAE_no_norm,SCD,4.5182295,3.3361266,0.7383703,0.7178391,0.95,0.65
VAE_no_norm,SCFD1,5.8278937,4.778267,0.81989604,0.7539073,1.0,0.55
VAE_no_norm,SDAD1,7.7064342,6.8789024,0.89261806,0.8504638,1.0,0.8
VAE_no_norm,SDC1,4.3620005,3.5030801,0.8030903,0.69713557,1.0,0.75
VAE_no_norm,SDHAF2,2.329146,1.0739527,0.46109292,0.44192192,0.85,0.2
VAE_no_norm,SDHC,3.0642931,1.6499494,0.53844374,0.46113217,1.0,0.5
VAE_no_norm,SDR39U1,4.1857967,3.1793356,0.75955325,0.6266886,1.0,0.7
VAE_no_norm,SEC61B,3.6663785,2.6696842,0.72815293,0.6473381,1.0,0.6
VAE_no_norm,SEC61G,8.160151,7.142456,0.87528485,0.8525923,1.0,0.5
VAE_no_norm,SEH1L,2.9285698,2.07755,0.7094077,0.6306298,1.0,0.45
VAE_no_norm,SEM1,3.455617,2.3845317,0.6900452,0.6273228,1.0,0.45
VAE_no_norm,SEPHS2,2.395524,0.8630337,0.36026928,0.30955604,0.95,0.2
VAE_no_norm,SEPSECS,2.3072917,1.0470815,0.4538141,0.37110266,0.95,0.3
VAE_no_norm,SERPINB1,2.6639295,1.3487028,0.5062832,0.47019628,1.0,0.2
VAE_no_norm,SETD1A,6.821001,5.8514857,0.8578632,0.8142698,1.0,0.6
VAE_no_norm,SETD5,3.2378068,2.1895378,0.67624104,0.61874735,0.95,0.6
VAE_no_norm,SETDB1,2.2730646,0.9998567,0.43987167,0.3747298,0.95,0.25
VAE_no_norm,SETX,2.2649374,1.190217,0.52549666,0.47871158,0.9,0.2
VAE_no_norm,SF3B3,10.680645,9.897652,0.92669046,0.93746084,1.0,0.65
VAE_no_norm,SF3B4,7.6689167,6.2799015,0.8188773,0.7737425,1.0,0.75
VAE_no_norm,SF3B5,9.950703,9.0322075,0.9076955,0.91146517,1.0,0.55
VAE_no_norm,SHC1,2.1718717,0.8437426,0.38848642,0.32222015,0.85,0.15
VAE_no_norm,SHOC2,3.412278,2.2080905,0.6471016,0.6077774,1.0,0.4
VAE_no_norm,SHQ1,1.4659641,0.7913022,0.5397828,0.49285752,0.95,0.3
VAE_no_norm,SKA3,3.8517194,3.0360184,0.78822416,0.70729405,1.0,0.65
VAE_no_norm,SKP1,4.592577,3.582817,0.7801322,0.7146841,1.0,0.7
VAE_no_norm,SLBP,4.1405554,3.0076396,0.72638553,0.6769557,1.0,0.55
VAE_no_norm,SLC16A5,4.617712,3.6679578,0.7943236,0.71913767,1.0,0.65
VAE_no_norm,SLC1A5,0.81171,0.3855854,0.4750285,0.3902922,1.0,0.4
VAE_no_norm,SLC2A8,3.8835845,3.0468931,0.7845569,0.69985265,1.0,0.75
VAE_no_norm,SLC39A7,5.044678,4.290449,0.85049015,0.727237,1.0,0.7
VAE_no_norm,SLC39A9,2.5565164,1.2944818,0.506346,0.440095,0.95,0.3
VAE_no_norm,SLC7A6OS,6.5316954,5.4950595,0.8412914,0.77854335,1.0,0.8
VAE_no_norm,SLU7,4.551432,4.10312,0.9015008,0.8933309,1.0,0.65
VAE_no_norm,SMC1A,5.0083027,3.6327322,0.725342,0.6745578,0.9,0.5
VAE_no_norm,SMC5,1.8915925,0.8331038,0.44042456,0.35611472,0.9,0.35
VAE_no_norm,SMC6,2.934146,1.7968554,0.6123947,0.48003563,1.0,0.65
VAE_no_norm,SMG5,6.217179,5.82362,0.93669814,0.9162047,1.0,0.9
VAE_no_norm,SMG7,6.5312924,5.7492657,0.88026464,0.7721405,1.0,0.95
VAE_no_norm,SMN2,6.927236,6.055312,0.874131,0.8779574,1.0,0.65
VAE_no_norm,SMNDC1,5.1867113,3.8887937,0.749761,0.7099255,1.0,0.45
VAE_no_norm,SMUG1,2.9109807,2.0841284,0.715954,0.57608974,1.0,0.65
VAE_no_norm,SNAPC2,5.05814,3.8694198,0.7649887,0.72669524,1.0,0.35
VAE_no_norm,SNAPC3,1.8777555,0.9468332,0.5042367,0.3938156,1.0,0.45
VAE_no_norm,SNAPC5,2.4249907,1.1020911,0.4544723,0.3675093,0.95,0.2
VAE_no_norm,SNRNP200,6.40802,5.4019094,0.84299195,0.8469541,1.0,0.65
VAE_no_norm,SNRNP25,3.2413626,1.9104393,0.58939385,0.5138094,0.95,0.25
VAE_no_norm,SNRNP27,4.0343847,2.7592762,0.68393975,0.58153397,0.95,0.4
VAE_no_norm,SNRNP35,5.269858,4.1377587,0.7851746,0.7024097,1.0,0.7
VAE_no_norm,SNRNP40,2.8012505,1.7790911,0.635106,0.55687577,0.95,0.45
VAE_no_norm,SNRNP48,4.5149655,3.5582068,0.78809166,0.692921,0.95,0.65
VAE_no_norm,SNRNP70,7.5070047,5.833337,0.7770525,0.75564635,1.0,0.45
VAE_no_norm,SNRPA1,7.831105,6.831409,0.8723429,0.8378832,1.0,0.7
VAE_no_norm,SNRPB,8.359874,7.4161367,0.88711107,0.83190393,1.0,0.65
VAE_no_norm,SNRPC,5.2667775,3.8905342,0.7386935,0.69509107,1.0,0.7
VAE_no_norm,SNRPD1,9.841963,8.888469,0.9031195,0.8551552,1.0,0.65
VAE_no_norm,SNRPD3,9.660367,8.662218,0.8966759,0.85252947,1.0,0.65
VAE_no_norm,SNRPE,9.868652,8.86042,0.8978349,0.8680684,1.0,0.65
VAE_no_norm,SNRPF,10.044484,8.905024,0.8865586,0.8497692,1.0,0.7
VAE_no_norm,SNUPN,2.576783,1.3365151,0.51867586,0.4585723,1.0,0.25
VAE_no_norm,SOD2,2.4949462,1.0870246,0.43569058,0.36037698,0.9,0.25
VAE_no_norm,SP1,2.926917,1.7675916,0.603909,0.5192439,0.95,0.25
VAE_no_norm,SPAG7,3.0394552,1.6159779,0.53166693,0.42221928,1.0,0.35
VAE_no_norm,SPATA5L1,4.1184993,3.1143885,0.75619495,0.64617425,1.0,0.55
VAE_no_norm,SPC25,7.9739327,7.1140475,0.892163,0.8383185,1.0,0.8
VAE_no_norm,SPCS3,3.4369016,2.4761012,0.72044575,0.6486166,1.0,0.65
VAE_no_norm,SPG7,2.6187878,1.2227947,0.46693155,0.37018797,1.0,0.3
VAE_no_norm,SPOUT1,6.0911646,5.2421236,0.8606111,0.7774099,1.0,0.7
VAE_no_norm,SPRTN,2.7012708,1.1875229,0.43961638,0.3711145,0.95,0.2
VAE_no_norm,SPTSSA,2.5142415,0.9465256,0.37646565,0.3206091,0.85,0.05
VAE_no_norm,SRA1,1.5356357,0.75284004,0.4902465,0.39269692,0.95,0.25
VAE_no_norm,SRBD1,2.3318732,1.8058825,0.77443427,0.68279755,1.0,0.75
VAE_no_norm,SRF,2.7066197,1.263664,0.46687904,0.3977274,0.9,0.25
VAE_no_norm,SRFBP1,6.600271,5.770582,0.8742947,0.82003546,1.0,0.65
VAE_no_norm,SRP14,2.451885,1.4984164,0.61112833,0.5587841,0.95,0.2
VAE_no_norm,SRP54,7.320365,6.7370625,0.9203178,0.91990966,1.0,0.8
VAE_no_norm,SRP68,5.7868466,4.8164635,0.8323123,0.81097627,1.0,0.65
VAE_no_norm,SRP72,3.4957786,2.7143202,0.77645653,0.7299224,1.0,0.35
VAE_no_norm,SRP9,2.177329,1.1599271,0.5327294,0.45286632,1.0,0.3
VAE_no_norm,SRPRB,2.8635526,2.011618,0.70249027,0.5981773,1.0,0.4
VAE_no_norm,SRRM1,3.1358218,1.7684622,0.56395495,0.4636648,1.0,0.4
VAE_no_norm,SRRM2,3.330313,1.9285046,0.5790761,0.50238734,1.0,0.25
VAE_no_norm,SRSF1,5.5885625,3.7193131,0.66552234,0.5899917,1.0,0.55
VAE_no_norm,SRSF6,2.1997156,1.1987063,0.54493695,0.45498908,0.9,0.4
VAE_no_norm,SRSF7,5.521056,4.598675,0.8329339,0.7714246,1.0,0.85
VAE_no_norm,SS18L2,3.179091,1.9105608,0.60097706,0.492893,0.9,0.6
VAE_no_norm,SSBP3,1.283071,0.5938196,0.46281117,0.3918436,0.95,0.15
VAE_no_norm,SSU72,3.3172016,2.4435074,0.7366171,0.68793786,1.0,0.6
VAE_no_norm,STAT5B,3.1810682,2.4260352,0.762648,0.7078463,1.0,0.5
VAE_no_norm,STIL,2.6517859,2.0528674,0.77414525,0.7070989,1.0,0.55
VAE_no_norm,STRAP,3.6580126,2.5497625,0.6970349,0.6177886,1.0,0.6
VAE_no_norm,STRIP1,3.0739992,1.7213596,0.559974,0.46347743,1.0,0.4
VAE_no_norm,STT3B,2.6691363,1.241708,0.4652097,0.42065126,0.95,0.2
VAE_no_norm,STX5,3.2808726,2.237801,0.68207496,0.5952974,1.0,0.45
VAE_no_norm,STXBP4,2.2225313,1.2199448,0.5488988,0.49278292,0.95,0.35
VAE_no_norm,SUDS3,4.6037226,2.805832,0.60947025,0.5791643,0.9,0.3
VAE_no_norm,SUGT1,3.721862,2.1403167,0.5750661,0.5063967,1.0,0.6
VAE_no_norm,SUMO2,3.2298703,1.5139586,0.46873665,0.41328925,0.85,0.2
VAE_no_norm,SUPT16H,4.5403447,3.7894926,0.8346266,0.73000616,1.0,0.8
VAE_no_norm,SUPT20H,3.3212209,2.1978807,0.6617689,0.64356786,0.9,0.35
VAE_no_norm,SURF6,7.0395627,6.2629547,0.8896795,0.83374846,1.0,0.75
VAE_no_norm,SYMPK,7.7410927,6.18021,0.79836404,0.7594407,1.0,0.55
VAE_no_norm,SYS1,3.8779187,3.1313927,0.80749315,0.6928638,1.0,0.75
VAE_no_norm,TACC3,3.6205525,2.7287352,0.7536792,0.6730837,1.0,0.65
VAE_no_norm,TADA1,3.43288,2.3251252,0.6773104,0.6263307,0.95,0.35
VAE_no_norm,TADA2B,3.570446,1.9696981,0.5516672,0.4933057,0.9,0.35
VAE_no_norm,TADA3,3.2110271,1.4864695,0.46292648,0.3658841,0.85,0.35
VAE_no_norm,TAF10,6.1041,4.9718585,0.8145113,0.75036955,1.0,0.7
VAE_no_norm,TAF11,3.0204148,1.4657731,0.48528868,0.4144404,1.0,0.35
VAE_no_norm,TAF12,6.9454713,5.654843,0.814177,0.7501652,1.0,0.6
VAE_no_norm,TAF13,3.5028448,2.448944,0.69913006,0.6502144,1.0,0.4
VAE_no_norm,TAF1B,2.7834961,1.692368,0.6080009,0.49524024,1.0,0.45
VAE_no_norm,TAF1C,3.602113,2.6734712,0.74219525,0.6017646,1.0,0.7
VAE_no_norm,TAF1D,2.8390155,2.233938,0.78687066,0.6908556,1.0,0.65
VAE_no_norm,TAF2,7.579458,5.803502,0.76568824,0.72494143,0.95,0.6
VAE_no_norm,TAF3,3.886852,2.6080983,0.6710053,0.5897415,0.95,0.45
VAE_no_norm,TAF5,6.4834256,5.1296496,0.7911943,0.7298094,1.0,0.5
VAE_no_norm,TAF6,4.0202837,2.7937012,0.6949015,0.6200856,1.0,0.65
VAE_no_norm,TAF6L,3.2337847,1.8613293,0.5755885,0.4983653,0.95,0.35
VAE_no_norm,TAF7,6.3117795,4.6891985,0.74292815,0.7032539,0.95,0.4
VAE_no_norm,TAF8,7.954769,6.3288345,0.79560256,0.7725089,1.0,0.6
VAE_no_norm,TAMM41,2.989592,1.648578,0.5514391,0.5068032,1.0,0.4
VAE_no_norm,TARS,4.721358,3.8422055,0.81379247,0.69562536,1.0,0.75
VAE_no_norm,TARS2,3.8028927,3.0345547,0.7979596,0.7762267,1.0,0.4
VAE_no_norm,TAZ,2.349884,1.1199965,0.47661778,0.42811015,0.95,0.1
VAE_no_norm,TBCA,1.9228299,0.91329134,0.47497252,0.3574722,0.95,0.4
VAE_no_norm,TBCB,4.7123394,3.5930798,0.76248324,0.71756333,1.0,0.4
VAE_no_norm,TBCD,2.5055203,1.5444418,0.6164156,0.5139914,1.0,0.7
VAE_no_norm,TBP,2.6812782,1.5864655,0.59168255,0.47967926,0.95,0.5
VAE_no_norm,TBPL1,2.392343,1.1088685,0.4635073,0.42450032,0.9,0.3
VAE_no_norm,TCERG1,3.8528304,2.1593964,0.56047016,0.46790823,0.95,0.3
VAE_no_norm,TCOF1,2.9750855,1.9718376,0.6627835,0.65141016,0.95,0.3
VAE_no_norm,TEAD3,2.0539668,1.075972,0.52385074,0.4101497,0.95,0.45
VAE_no_norm,TEN1,2.726634,1.4753201,0.54107744,0.4146818,1.0,0.5
VAE_no_norm,TERF2,6.1607814,5.3306007,0.8652475,0.7944503,1.0,0.85
VAE_no_norm,TEX10,6.2831783,5.7279367,0.91163045,0.8854786,1.0,0.8
VAE_no_norm,TFAM,1.3565681,1.1690913,0.86180073,0.80417025,1.0,0.4
VAE_no_norm,TFB1M,2.7362351,1.548251,0.5658326,0.48092973,0.95,0.3
VAE_no_norm,TFDP1,1.8496147,1.2211475,0.6602172,0.59564847,0.95,0.45
VAE_no_norm,TFRC,3.7719295,2.8260875,0.7492419,0.64359236,1.0,0.75
VAE_no_norm,TGS1,2.9333897,1.7651752,0.6017527,0.5283725,1.0,0.35
VAE_no_norm,THAP1,5.718785,5.145204,0.8997023,0.8741518,1.0,0.75
VAE_no_norm,THAP11,2.4080286,1.2429328,0.516162,0.45924574,0.95,0.35
VAE_no_norm,THOC1,4.2339025,2.7478955,0.6490219,0.5821791,1.0,0.45
VAE_no_norm,THOC2,7.573121,6.2198257,0.82130283,0.8126842,1.0,0.45
VAE_no_norm,THOC3,3.6890426,2.1943731,0.5948354,0.48096007,1.0,0.4
VAE_no_norm,THOC5,3.8526134,2.8533475,0.74062645,0.68530124,0.95,0.55
VAE_no_norm,THOC6,2.355453,1.2030114,0.5107346,0.4348319,0.95,0.3
VAE_no_norm,THOC7,1.6186626,0.9561206,0.59068555,0.50579333,0.95,0.35
VAE_no_norm,THRAP3,2.7184277,1.4042794,0.5165778,0.43338266,1.0,0.15
VAE_no_norm,TIGD1,2.4874241,1.1741335,0.47202787,0.39867762,0.95,0.3
VAE_no_norm,TIMM10,2.6811867,1.49967,0.5593307,0.45281747,0.95,0.35
VAE_no_norm,TIMM13,3.4981098,2.6091404,0.7458715,0.65804523,1.0,0.6
VAE_no_norm,TIMM23B,5.9249,5.2418766,0.88471985,0.8648402,1.0,0.7
VAE_no_norm,TIMM44,7.7842402,6.7576356,0.8681176,0.815141,1.0,0.7
VAE_no_norm,TIMM8A,2.0676436,0.95477605,0.46177012,0.36089912,0.9,0.35
VAE_no_norm,TIMM9,3.3537204,2.2602434,0.673951,0.56688696,0.95,0.55
VAE_no_norm,TINF2,3.4830987,2.6868727,0.77140296,0.65600574,1.0,0.65
VAE_no_norm,TLCD1,2.1713848,1.3618795,0.627194,0.4970429,0.95,0.5
VAE_no_norm,TM7SF2,2.3157058,0.9702432,0.41898382,0.35216963,1.0,0.0
VAE_no_norm,TMA16,6.14994,5.2185826,0.8485583,0.7597451,1.0,0.8
VAE_no_norm,TMED10,3.915462,2.620961,0.6693874,0.5954772,1.0,0.55
VAE_no_norm,TMEM127,2.5573764,1.1468496,0.44844773,0.41721544,0.85,0.1
VAE_no_norm,TMEM199,3.309286,2.108522,0.6371531,0.5096302,1.0,0.7
VAE_no_norm,TMEM214,1.5804188,1.0511429,0.66510403,0.5628116,0.95,0.55
VAE_no_norm,TMEM242,2.313225,1.7234069,0.7450234,0.68150467,1.0,0.55
VAE_no_norm,TMSB10,3.828079,2.0709624,0.5409926,0.6412126,0.95,0.35
VAE_no_norm,TMX2,3.5869427,2.7261877,0.76003104,0.6927566,1.0,0.55
VAE_no_norm,TNPO3,5.615362,4.1936564,0.74681854,0.66861993,1.0,0.6
VAE_no_norm,TNRC6A,2.5135493,1.3576473,0.54013157,0.48968655,1.0,0.3
VAE_no_norm,TOE1,2.7108662,1.2845358,0.47384697,0.40454808,0.95,0.2
VAE_no_norm,TOMM22,4.4783726,3.6417081,0.8131767,0.72968185,1.0,0.75
VAE_no_norm,TOMM40,3.7983494,2.5871847,0.6811339,0.55679977,1.0,0.6
VAE_no_norm,TOP3A,2.5700555,1.0670718,0.41519406,0.3264436,0.95,0.3
VAE_no_norm,TOPBP1,4.039427,3.008056,0.74467397,0.6428508,1.0,0.8
VAE_no_norm,TP53I13,2.9389684,1.9257822,0.6552579,0.520654,0.95,0.6
VAE_no_norm,TP53RK,5.0744176,4.0055647,0.7893644,0.6940688,1.0,0.5
VAE_no_norm,TPR,3.8538642,2.9587781,0.76774323,0.7026693,1.0,0.55
VAE_no_norm,TPRKB,5.0269666,4.181967,0.8319066,0.7471485,0.95,0.75
VAE_no_norm,TPT1,6.2528367,4.428873,0.7082982,0.77285486,1.0,0.65
VAE_no_norm,TPX2,5.903584,5.091861,0.8625033,0.83148795,1.0,0.5
VAE_no_norm,TRA2B,3.2572343,2.1575012,0.6623721,0.5375657,1.0,0.35
VAE_no_norm,TRAIP,1.8138866,0.9873834,0.5443468,0.43886504,1.0,0.35
VAE_no_norm,TRAPPC1,3.5547402,2.191633,0.61653817,0.5128266,0.95,0.45
VAE_no_norm,TRAPPC11,1.3938531,0.8187236,0.5873816,0.4994793,0.95,0.4
VAE_no_norm,TRAPPC3,2.1553123,1.0367287,0.4810109,0.40063855,1.0,0.35
VAE_no_norm,TRAPPC4,3.0185783,1.6422162,0.5440363,0.46247724,1.0,0.45
VAE_no_norm,TRAPPC5,3.0786712,2.4123874,0.7835807,0.6990348,1.0,0.55
VAE_no_norm,TRAPPC8,2.866423,1.7238845,0.6014062,0.5084106,1.0,0.4
VAE_no_norm,TRIAP1,3.0549395,1.7674336,0.57854944,0.45541155,1.0,0.55
VAE_no_norm,TRMT112,5.912744,4.97545,0.841479,0.79875016,1.0,0.8
VAE_no_norm,TRMT5,3.503912,2.273929,0.6489687,0.53035754,1.0,0.5
VAE_no_norm,TRMT6,3.0334687,1.5549241,0.51258945,0.42551497,1.0,0.25
VAE_no_norm,TRNT1,4.0908856,3.5140328,0.8589907,0.8290336,1.0,0.6
VAE_no_norm,TSEN2,3.472371,2.6310427,0.75770783,0.65085876,1.0,0.6
VAE_no_norm,TSEN54,2.569963,1.238316,0.48184198,0.37597623,0.95,0.3
VAE_no_norm,TSFM,2.8732748,1.6687738,0.5807916,0.53002256,0.95,0.6
VAE_no_norm,TSR1,5.324223,4.8165765,0.90465343,0.8731312,1.0,0.75
VAE_no_norm,TSR2,8.03054,7.0721927,0.8806621,0.87120277,1.0,0.75
VAE_no_norm,TTC1,2.100767,1.1772431,0.5603873,0.43626863,1.0,0.45
VAE_no_norm,TTC27,3.6053329,2.2165172,0.61478853,0.50195146,1.0,0.65
VAE_no_norm,TTC4,3.258736,2.2593198,0.6933117,0.51885945,0.95,0.8
VAE_no_norm,TTI1,4.2002077,2.9827328,0.71013933,0.6238662,1.0,0.55
VAE_no_norm,TTK,6.609605,6.1434474,0.92947274,0.9053514,1.0,0.85
VAE_no_norm,TUBA1B,3.4629188,1.9144973,0.5528565,0.61865866,0.8,0.5
VAE_no_norm,TUBB,3.19895,1.8486592,0.5778956,0.6091663,0.9,0.3
VAE_no_norm,TUBB2A,2.306239,1.3462265,0.5837324,0.5166932,0.9,0.35
VAE_no_norm,TUBD1,2.5931535,1.603296,0.6182804,0.54026234,1.0,0.4
VAE_no_norm,TUBE1,2.22133,0.95488584,0.42987123,0.34478426,0.95,0.1
VAE_no_norm,TUBG1,1.9133879,1.0057065,0.52561563,0.47782823,1.0,0.65
VAE_no_norm,TUBGCP2,3.0612082,1.9983402,0.6527946,0.5698825,1.0,0.5
VAE_no_norm,TUBGCP4,3.1424959,1.914806,0.6093265,0.5283538,1.0,0.3
VAE_no_norm,TUBGCP5,2.7510455,2.0253966,0.7362279,0.640581,1.0,0.6
VAE_no_norm,TUFM,2.7961695,1.4595605,0.5219857,0.41309035,0.95,0.4
VAE_no_norm,TVP23C,3.549535,2.1313183,0.60045,0.4835462,1.0,0.45
VAE_no_norm,TXNL4B,1.8986416,0.8514723,0.44846395,0.41012856,1.0,0.15
VAE_no_norm,U2SURP,5.002582,3.5901911,0.71766764,0.6602157,0.95,0.55
VAE_no_norm,UBA2,3.3666286,1.9773263,0.5873313,0.55199647,0.85,0.35
VAE_no_norm,UBAP1,8.439861,7.1700635,0.84954756,0.8208626,1.0,0.6
VAE_no_norm,UBE2H,2.5108383,1.1738064,0.46749583,0.38941124,0.95,0.25
VAE_no_norm,UBE2I,3.931105,2.50266,0.6366302,0.5973843,0.85,0.3
VAE_no_norm,UBE2L3,3.2314165,2.06218,0.63816595,0.5613802,1.0,0.5
VAE_no_norm,UBE3C,3.4640293,1.9682624,0.5682003,0.45791942,1.0,0.45
VAE_no_norm,UBE3D,2.3040848,1.2155864,0.5275789,0.4615979,0.95,0.3
VAE_no_norm,UBL5,5.8853345,4.66562,0.7927536,0.774306,1.0,0.6
VAE_no_norm,UBQLN4,7.045355,5.9450393,0.84382397,0.8132748,0.95,0.65
VAE_no_norm,UBR5,3.1487637,1.7814367,0.5657575,0.493778,0.95,0.25
VAE_no_norm,UCHL5,3.1161504,1.7017822,0.5461168,0.4240827,1.0,0.55
VAE_no_norm,UFL1,3.2532187,2.1983175,0.6757362,0.5958728,1.0,0.6
VAE_no_norm,UFM1,5.2426224,4.14716,0.79104686,0.706284,1.0,0.75
VAE_no_norm,UHRF1,3.7533467,2.4666193,0.65717864,0.6248279,0.95,0.2
VAE_no_norm,UMPS,2.9574838,1.5702173,0.53093016,0.446281,0.95,0.25
VAE_no_norm,UPF2,4.6543627,3.389716,0.7282879,0.61720043,1.0,0.55
VAE_no_norm,UQCC2,3.0174074,1.6570071,0.5491493,0.47275895,1.0,0.35
VAE_no_norm,URB1,5.315926,4.6137605,0.8679128,0.8050333,0.95,0.7
VAE_no_norm,URB2,5.7374616,5.19153,0.9048479,0.8358576,1.0,0.85
VAE_no_norm,URI1,4.9958243,4.104227,0.8215315,0.793948,0.95,0.5
VAE_no_norm,URM1,3.0567017,1.6573427,0.5421997,0.4423991,1.0,0.45
VAE_no_norm,UROD,2.2823584,0.9655522,0.42305022,0.34655648,0.9,0.2
VAE_no_norm,USP10,2.988923,1.7076963,0.5713417,0.53384095,1.0,0.15
VAE_no_norm,USP14,1.8435439,0.84019953,0.4557524,0.4125342,0.95,0.3
VAE_no_norm,USP5,2.7464807,2.0368283,0.7416139,0.650032,1.0,0.65
VAE_no_norm,USP8,3.138236,1.8279443,0.58247507,0.4706914,1.0,0.5
VAE_no_norm,USP9X,3.2562404,1.601223,0.4917398,0.41622242,1.0,0.15
VAE_no_norm,UTP11,8.075253,6.950865,0.8607613,0.78949267,1.0,0.8
VAE_no_norm,UTP15,8.528151,7.437448,0.8721056,0.8232119,1.0,0.75
VAE_no_norm,UTP18,4.7114015,3.9171138,0.8314116,0.785891,1.0,0.7
VAE_no_norm,UTP20,6.008057,5.3980103,0.8984619,0.8458702,1.0,0.75
VAE_no_norm,UTP23,4.7064714,4.1722627,0.8864948,0.83269984,1.0,0.75
VAE_no_norm,UTP6,4.5339518,3.8895943,0.8578817,0.78192925,1.0,0.7
VAE_no_norm,UXS1,2.6936846,1.171209,0.43479812,0.39921695,0.95,0.25
VAE_no_norm,UXT,4.7183347,3.4210033,0.72504467,0.65745556,0.95,0.4
VAE_no_norm,VARS,8.375609,7.2301097,0.86323386,0.8613155,1.0,0.6
VAE_no_norm,VARS2,3.1000223,1.7928617,0.5783383,0.48180985,1.0,0.3
VAE_no_norm,VPS13D,2.62327,1.3678325,0.5214227,0.4290574,0.95,0.2
VAE_no_norm,VPS29,3.065587,1.710481,0.557962,0.45690924,0.95,0.35
VAE_no_norm,VPS35,2.1461756,1.3869002,0.6462193,0.54671025,0.95,0.35
VAE_no_norm,VPS41,3.0108898,2.3438804,0.7784677,0.6549243,1.0,0.5
VAE_no_norm,VPS54,1.9157406,1.0596391,0.5531224,0.53482556,1.0,0.45
VAE_no_norm,WARS,5.451333,4.154676,0.76213944,0.64300627,1.0,0.55
VAE_no_norm,WBP1,2.6933463,1.4184891,0.5266642,0.4581696,0.9,0.3
VAE_no_norm,WBP1L,3.0742033,1.2771549,0.4154426,0.3366033,1.0,0.2
VAE_no_norm,WDFY3,2.9160266,1.1591258,0.3975018,0.32144505,0.9,0.15
VAE_no_norm,WDHD1,2.8219633,1.8572953,0.6581571,0.5587144,1.0,0.4
VAE_no_norm,WDR1,4.3228874,3.5656497,0.8248306,0.80423516,0.95,0.55
VAE_no_norm,WDR12,6.465856,5.90124,0.9126773,0.86986244,1.0,0.9
VAE_no_norm,WDR18,3.5401764,2.709669,0.7654051,0.71775043,1.0,0.55
VAE_no_norm,WDR26,2.218774,1.2177465,0.54883754,0.52328223,0.95,0.15
VAE_no_norm,WDR3,5.897043,5.248896,0.89008945,0.81397873,1.0,0.85
VAE_no_norm,WDR33,5.9923725,4.961311,0.82793766,0.7303008,1.0,0.65
VAE_no_norm,WDR36,6.1791244,5.26698,0.85238296,0.7904114,1.0,0.7
VAE_no_norm,WDR4,1.6984094,0.92277557,0.5433175,0.45554113,0.95,0.2
VAE_no_norm,WDR43,8.212644,7.147311,0.8702814,0.8347523,1.0,0.8
VAE_no_norm,WDR46,4.6850886,4.20473,0.8974708,0.8381841,1.0,0.75
VAE_no_norm,WDR5,5.647655,4.0303807,0.7136379,0.68425506,1.0,0.4
VAE_no_norm,WDR70,4.6298504,3.9021208,0.8428179,0.85732627,1.0,0.5
VAE_no_norm,WDR75,8.645987,7.562979,0.8747387,0.8207437,1.0,0.75
VAE_no_norm,WDR77,2.7072537,1.740899,0.64304984,0.60035104,1.0,0.5
VAE_no_norm,WDR83OS,2.5586047,1.5244852,0.5958268,0.5341619,1.0,0.45
VAE_no_norm,WTAP,1.8161284,1.0968643,0.6039575,0.5212334,1.0,0.25
VAE_no_norm,XPO1,8.959661,7.8833194,0.8798681,0.83362,1.0,0.75
VAE_no_norm,XPO5,2.3954906,1.3377495,0.55844486,0.44224596,0.95,0.4
VAE_no_norm,XRCC1,2.3854697,0.99899006,0.41878128,0.33385485,0.85,0.3
VAE_no_norm,XRCC2,2.432319,1.192168,0.49013638,0.44694224,0.95,0.3
VAE_no_norm,XRCC5,5.1625485,4.2936907,0.8316998,0.71131027,1.0,0.9
VAE_no_norm,XRCC6,3.7881808,2.824088,0.7454998,0.62141174,1.0,0.65
VAE_no_norm,XRN2,2.9508002,1.4553452,0.49320355,0.4024708,0.95,0.35
VAE_no_norm,YARS,4.861742,3.8946488,0.80108094,0.7306812,0.95,0.7
VAE_no_norm,YARS2,3.7362943,2.5736744,0.6888308,0.5707438,0.95,0.35
VAE_no_norm,YEATS2,3.096274,1.7866158,0.57702124,0.5283722,1.0,0.8
VAE_no_norm,YPEL5,2.8021543,1.4393964,0.5136749,0.4258649,0.9,0.3
VAE_no_norm,YTHDC1,5.738836,4.4603887,0.77722883,0.7496629,1.0,0.3
VAE_no_norm,ZBTB17,1.8754094,1.0858967,0.57901853,0.47871348,1.0,0.45
VAE_no_norm,ZC3H13,5.511404,3.961242,0.7187355,0.64120126,0.95,0.4
VAE_no_norm,ZC3H4,3.0673366,1.7772642,0.5794161,0.5594562,0.8,0.2
VAE_no_norm,ZCCHC9,8.360827,7.454923,0.89164895,0.8574935,1.0,0.75
VAE_no_norm,ZCRB1,3.1213155,1.6541042,0.52993816,0.4696964,1.0,0.3
VAE_no_norm,ZDHHC7,2.5571747,2.0020165,0.78290176,0.77019805,0.95,0.5
VAE_no_norm,ZFC3H1,4.681221,3.265517,0.6975781,0.57636553,1.0,0.6
VAE_no_norm,ZMAT2,4.260974,3.3491433,0.7860042,0.76361454,1.0,0.4
VAE_no_norm,ZNF143,3.9994364,2.703136,0.67587924,0.5890717,0.95,0.3
VAE_no_norm,ZNF207,4.2963605,3.2524865,0.75703293,0.6970051,1.0,0.5
VAE_no_norm,ZNF236,5.6974053,4.8786435,0.8562921,0.84286433,1.0,0.6
VAE_no_norm,ZNF292,2.0966105,0.96597046,0.46072957,0.37312493,0.95,0.2
VAE_no_norm,ZNF574,3.44319,2.8429546,0.8256746,0.7160545,1.0,0.7
VAE_no_norm,ZNF720,2.535555,1.4631989,0.57707244,0.46262267,0.95,0.45
VAE_no_norm,ZNF787,4.53555,3.8137672,0.840861,0.7539615,1.0,0.75
VAE_no_norm,ZNF84,5.0546823,4.4487286,0.88012034,0.8480214,1.0,0.7
VAE_no_norm,ZNHIT1,4.0081925,2.5521102,0.63672346,0.56137913,1.0,0.4
VAE_no_norm,ZNHIT2,4.225561,3.2706192,0.7740082,0.7507584,1.0,0.35
VAE_no_norm,ZNHIT3,2.054583,1.5778702,0.76797587,0.6380253,1.0,0.5
VAE_no_norm,ZNHIT6,5.259348,4.414098,0.83928615,0.7681057,1.0,0.7
VAE_no_norm,ZNRD1,4.916311,4.1374974,0.8415858,0.75263053,1.0,0.7
CondAE_cell_only,AAAS,2.8417397,1.510053,0.53138334,0.4255123,0.95,0.4
CondAE_cell_only,AAR2,2.7068954,1.1807019,0.43618304,0.33583528,0.8,0.35
CondAE_cell_only,AARS,8.214038,7.005053,0.8528148,0.82604134,1.0,0.6
CondAE_cell_only,AATF,7.042739,6.2065883,0.8812748,0.8317461,1.0,0.75
CondAE_cell_only,ABCB7,3.2315826,2.4629447,0.76214814,0.6815673,1.0,0.75
CondAE_cell_only,ABHD11,2.9094632,1.5037785,0.5168577,0.43251064,0.85,0.45
CondAE_cell_only,ABT1,4.511051,3.9778254,0.88179564,0.82624984,1.0,0.75
CondAE_cell_only,ACSS2,3.3582509,1.9960067,0.59435904,0.46141157,0.9,0.45
CondAE_cell_only,ACTR1B,2.4665847,1.0225048,0.41454276,0.32483235,0.9,0.35
CondAE_cell_only,ACTR2,1.9722543,0.92832804,0.4706939,0.35802698,0.9,0.25
CondAE_cell_only,ACTR5,3.9357455,2.6622975,0.6764405,0.62990564,1.0,0.45
CondAE_cell_only,ACTR6,3.0164921,1.7862872,0.59217364,0.5513381,1.0,0.4
CondAE_cell_only,ACTR8,3.3830342,2.3238044,0.6868995,0.5909416,1.0,0.55
CondAE_cell_only,ADRM1,2.5722651,1.2480894,0.48521027,0.41006953,0.95,0.15
CondAE_cell_only,AFG3L2,4.904261,3.8798757,0.7911234,0.68790513,1.0,0.6
CondAE_cell_only,AGBL5,3.309759,1.8976127,0.5733386,0.5149774,1.0,0.25
CondAE_cell_only,AHCTF1,3.9594572,3.0599554,0.77282196,0.68379974,1.0,0.55
CondAE_cell_only,AIFM1,2.7428844,1.4898901,0.5431837,0.43770123,0.95,0.25
CondAE_cell_only,AKIRIN2,2.3656113,1.3220729,0.55887157,0.4745525,0.85,0.45
CondAE_cell_only,ALDOA,1.8659793,0.90407515,0.48450437,0.41637725,1.0,0.1
CondAE_cell_only,ALG11,3.820544,2.648575,0.69324553,0.56508327,1.0,0.55
CondAE_cell_only,ALG13,3.3853807,2.1712503,0.64136076,0.53889066,1.0,0.45
CondAE_cell_only,ALG2,3.6274927,2.440129,0.6726765,0.5493256,1.0,0.5
CondAE_cell_only,ANAPC1,2.290048,1.2805905,0.55919814,0.44799176,1.0,0.4
CondAE_cell_only,ANAPC10,2.9660687,1.5831006,0.533737,0.41587126,0.95,0.5
CondAE_cell_only,ANAPC11,2.018393,1.1108646,0.5503708,0.4230929,0.95,0.6
CondAE_cell_only,ANAPC13,2.5140176,1.3664148,0.54351836,0.46276596,1.0,0.45
CondAE_cell_only,ANAPC5,3.5814726,2.5174632,0.70291287,0.6320804,1.0,0.6
CondAE_cell_only,ANKLE2,1.8615063,0.84952205,0.4563627,0.38389087,0.9,0.3
CondAE_cell_only,ANKRD11,2.0634542,1.281131,0.6208672,0.4908171,0.95,0.25
CondAE_cell_only,ANKRD39,3.153388,1.7590916,0.5578418,0.48946896,0.95,0.25
CondAE_cell_only,ANKRD49,2.393904,1.0409342,0.43482706,0.33542138,0.85,0.25
CondAE_cell_only,ANKS6,2.0378528,0.954846,0.46855497,0.3802211,0.95,0.25
CondAE_cell_only,AP2M1,4.7570677,3.441971,0.7235489,0.66343325,1.0,0.5
CondAE_cell_only,ARGLU1,3.681106,2.1482482,0.5835877,0.52507746,1.0,0.25
CondAE_cell_only,ARL2,2.3168602,1.33913,0.57799345,0.48878255,1.0,0.4
CondAE_cell_only,ARL4D,2.4184692,1.0943556,0.4524993,0.36888698,0.75,0.35
CondAE_cell_only,ARMC7,2.627733,1.6771994,0.6382686,0.58328557,1.0,0.45
CondAE_cell_only,ARPC4,3.4288683,2.4361503,0.7104823,0.63067544,1.0,0.55
CondAE_cell_only,ASCC3,2.3997734,1.2910117,0.53797233,0.4187148,0.9,0.4
CondAE_cell_only,ASF1B,2.8747344,1.5234374,0.52994025,0.4211793,1.0,0.35
CondAE_cell_only,ATF5,6.4738297,5.268209,0.81377006,0.7497798,1.0,0.75
CondAE_cell_only,ATP11B,4.6379232,3.748061,0.8081335,0.7350254,1.0,0.55
CondAE_cell_only,ATP2A2,2.514716,1.6318232,0.64890957,0.5260539,1.0,0.6
CondAE_cell_only,ATP5ME,5.500448,4.6562896,0.8465291,0.73782045,1.0,0.85
CondAE_cell_only,ATP5MF,5.153291,4.223646,0.81960166,0.7507802,1.0,0.65
CondAE_cell_only,ATP5PD,7.3272867,6.412324,0.8751294,0.8221517,1.0,0.6
CondAE_cell_only,ATP6AP1,8.162866,7.37677,0.90369856,0.8645728,1.0,0.8
CondAE_cell_only,ATP6AP2,5.96801,5.400744,0.9049489,0.8743314,1.0,0.7
CondAE_cell_only,ATP6V0B,5.774681,4.8391714,0.83799803,0.7729124,0.95,0.7
CondAE_cell_only,ATP6V0C,7.020656,6.0672054,0.8641935,0.801532,1.0,0.5
CondAE_cell_only,ATP6V0D1,2.859844,1.9671053,0.6878366,0.5436936,1.0,0.7
CondAE_cell_only,ATP6V1A,8.238124,7.3574505,0.8930978,0.8372366,1.0,0.85
CondAE_cell_only,ATP6V1B2,7.6592274,6.713618,0.8765398,0.78824073,1.0,0.65
CondAE_cell_only,ATP6V1F,6.8794518,5.798217,0.84283125,0.738599,1.0,0.75
CondAE_cell_only,ATP6V1G1,4.61524,3.8957582,0.8441074,0.77262115,1.0,0.75
CondAE_cell_only,ATP6V1H,4.8886704,4.147476,0.84838533,0.7780968,1.0,0.7
CondAE_cell_only,ATR,4.267317,3.6468523,0.8546008,0.7891497,1.0,0.75
CondAE_cell_only,ATRIP,3.8537738,2.8959444,0.75145674,0.6492382,1.0,0.7
CondAE_cell_only,AURKA,1.9511616,1.1409094,0.5847334,0.5199592,0.95,0.35
CondAE_cell_only,AURKAIP1,3.498087,2.4297802,0.6946026,0.6214649,0.95,0.6
CondAE_cell_only,BAG6,3.9679675,2.4335911,0.61330926,0.55723697,1.0,0.3
CondAE_cell_only,BANP,2.2733197,0.97385776,0.42838573,0.32796243,1.0,0.3
CondAE_cell_only,BAP1,3.046291,2.2013633,0.72263724,0.6015403,0.95,0.65
CondAE_cell_only,BARD1,2.7033207,1.5382758,0.56903195,0.47336736,0.95,0.25
CondAE_cell_only,BCLAF1,2.8296618,1.5145488,0.5352402,0.4378223,1.0,0.3
CondAE_cell_only,BCR,2.6329682,1.4129338,0.5366316,0.4603879,0.95,0.2
CondAE_cell_only,BCS1L,2.8897448,1.4242201,0.49285325,0.38631362,1.0,0.35
CondAE_cell_only,BET1,3.8069553,2.7152152,0.7132249,0.6216638,1.0,0.45
CondAE_cell_only,BMS1,6.7970095,6.1116195,0.899163,0.87327296,1.0,0.8
CondAE_cell_only,BOD1L1,2.8497188,1.3743377,0.4822713,0.41046393,1.0,0.3
CondAE_cell_only,BORA,2.6423495,1.72081,0.65124243,0.54158103,1.0,0.65
CondAE_cell_only,BPTF,2.4929304,1.5164145,0.60828596,0.54278195,0.9,0.4
CondAE_cell_only,BRCA1,3.7833202,2.9316726,0.7748941,0.6461812,1.0,0.6
CondAE_cell_only,BRCA2,2.0821726,1.5482767,0.7435871,0.63609993,1.0,0.5
CondAE_cell_only,BRD2,2.9809525,1.6899424,0.56691355,0.4722569,1.0,0.4
CondAE_cell_only,BRF1,2.8532863,2.0964594,0.73475254,0.6291193,1.0,0.55
CondAE_cell_only,BRF2,2.2942936,1.13694,0.49555123,0.4285887,0.95,0.2
CondAE_cell_only,BRIP1,2.1333947,1.0540533,0.49407327,0.4023447,0.95,0.25
CondAE_cell_only,BRIX1,7.3494267,6.4835153,0.88217974,0.8340463,1.0,0.8
CondAE_cell_only,BTAF1,3.5049536,1.7514815,0.49971604,0.41583744,0.85,0.3
CondAE_cell_only,BTF3,2.1621332,1.5132046,0.6998665,0.6012143,0.95,0.6
CondAE_cell_only,BTF3L4,1.9742976,0.9758841,0.49429432,0.42615128,0.95,0.2
CondAE_cell_only,BUB1,2.5973108,1.7895546,0.6890029,0.5582145,1.0,0.6
CondAE_cell_only,BUB1B,1.6710885,0.90111274,0.539237,0.43827078,0.95,0.45
CondAE_cell_only,BYSL,8.647164,7.602563,0.87919724,0.83532953,1.0,0.65
CondAE_cell_only,C12orf45,7.145373,6.327133,0.8854868,0.84417164,1.0,0.7
CondAE_cell_only,C17orf58,2.3859558,1.3717338,0.57492006,0.47255024,1.0,0.25
CondAE_cell_only,C18orf21,5.998008,4.9668884,0.8280897,0.72919625,1.0,0.7
CondAE_cell_only,C19orf25,3.7761388,2.5455506,0.6741147,0.52431375,1.0,0.65
CondAE_cell_only,C19orf53,3.060715,1.798826,0.5877143,0.5067107,1.0,0.35
CondAE_cell_only,C1orf131,7.527991,6.6739397,0.88654995,0.82156044,1.0,0.85
CondAE_cell_only,C7orf26,2.494321,1.689965,0.67752504,0.64326656,0.95,0.4
CondAE_cell_only,C9orf16,1.9522483,0.7967418,0.40811497,0.31889957,0.9,0.1
CondAE_cell_only,C9orf78,2.72933,1.430182,0.52400476,0.46631783,1.0,0.35
CondAE_cell_only,CA5A,2.0239155,0.91874975,0.45394668,0.4042829,1.0,0.1
CondAE_cell_only,CABIN1,2.5412745,1.5898918,0.6256277,0.5576183,1.0,0.3
CondAE_cell_only,CACTIN,9.674251,8.622168,0.8912491,0.89818764,1.0,0.45
CondAE_cell_only,CADM4,1.7966632,0.7506225,0.417787,0.33285367,0.95,0.1
CondAE_cell_only,CALR,3.4101715,1.8669045,0.5474518,0.6536121,1.0,0.45
CondAE_cell_only,CASC3,5.0008264,3.9036045,0.7805919,0.63610584,1.0,0.75
CondAE_cell_only,CBX1,2.2972825,0.8441647,0.3674623,0.29818454,0.85,0.25
CondAE_cell_only,CCAR1,3.2702346,1.8554922,0.5673881,0.45808473,1.0,0.4
CondAE_cell_only,CCDC115,2.1033487,1.1210525,0.5329846,0.4030139,0.9,0.6
CondAE_cell_only,CCDC174,3.8727174,2.7697742,0.71520174,0.6298774,1.0,0.45
CondAE_cell_only,CCDC59,2.6367536,2.0895076,0.79245466,0.64808255,1.0,0.8
CondAE_cell_only,CCDC6,1.7449094,1.2106171,0.6937994,0.6137838,0.95,0.5
CondAE_cell_only,CCDC86,7.957981,6.924529,0.8701364,0.79080546,1.0,0.75
CondAE_cell_only,CCNB1,2.8039417,1.2952558,0.46194103,0.37918288,0.9,0.25
CondAE_cell_only,CCNC,3.4042609,2.1504486,0.63169324,0.584799,0.95,0.35
CondAE_cell_only,CCND3,2.4929276,0.9388417,0.37660208,0.31631815,0.75,0.1
CondAE_cell_only,CCNH,2.837464,2.0713408,0.72999716,0.6451557,1.0,0.6
CondAE_cell_only,CCP110,2.5641975,1.4132009,0.5511279,0.4294573,1.0,0.65
CondAE_cell_only,CCT2,8.164341,7.0791874,0.8670862,0.8418397,1.0,0.75
CondAE_cell_only,CCT3,8.387892,7.140806,0.8513231,0.82284975,1.0,0.85
CondAE_cell_only,CCT4,5.770814,4.8356075,0.837942,0.7967259,1.0,0.6
CondAE_cell_only,CCT5,6.7802086,5.7254467,0.8444352,0.79781204,1.0,0.65
CondAE_cell_only,CCT6A,6.8315024,5.754139,0.8422948,0.81450945,1.0,0.55
CondAE_cell_only,CCT7,6.2414145,5.324334,0.8530653,0.8176533,1.0,0.65
CondAE_cell_only,CCT8,4.264387,3.342972,0.7839279,0.7142665,1.0,0.6
CondAE_cell_only,CD2BP2,2.78854,1.3133692,0.47098812,0.41435403,0.95,0.3
CondAE_cell_only,CD3EAP,6.2967153,5.5916333,0.88802385,0.8267921,1.0,0.9
CondAE_cell_only,CDC123,3.120582,2.272925,0.72836566,0.6114747,1.0,0.75
CondAE_cell_only,CDC16,4.583242,3.20839,0.70002633,0.63676506,1.0,0.55
CondAE_cell_only,CDC20,2.8000681,1.7769543,0.63461107,0.51732576,0.95,0.55
CondAE_cell_only,CDC42,2.3326755,1.66994,0.7158904,0.6209872,1.0,0.55
CondAE_cell_only,CDC45,3.9499762,2.83874,0.7186727,0.5989853,1.0,0.65
CondAE_cell_only,CDC6,6.721894,6.0043287,0.8932496,0.846851,1.0,0.9
CondAE_cell_only,CDIPT,2.3009694,1.1627151,0.5053153,0.44189245,0.9,0.25
CondAE_cell_only,CDK1,4.699167,4.2573276,0.905975,0.8661193,1.0,0.75
CondAE_cell_only,CDK2,2.0336025,1.0415667,0.5121781,0.40720394,0.95,0.5
CondAE_cell_only,CDT1,5.114457,4.47049,0.8740889,0.80693686,1.0,0.75
CondAE_cell_only,CEBPZ,6.3724356,5.742776,0.9011901,0.84922075,1.0,0.85
CondAE_cell_only,CENPC,3.7701395,2.5204039,0.6685174,0.55000913,1.0,0.4
CondAE_cell_only,CENPJ,5.9129405,5.152626,0.87141514,0.8192973,1.0,0.75
CondAE_cell_only,CENPK,2.3339083,1.6953788,0.7264119,0.5873895,1.0,0.75
CondAE_cell_only,CENPN,3.6221602,2.3369963,0.64519405,0.53046674,1.0,0.5
CondAE_cell_only,CENPT,2.5535648,1.6947601,0.663684,0.56531847,1.0,0.5
CondAE_cell_only,CENPW,3.597341,2.655954,0.7383103,0.64936113,1.0,0.75
CondAE_cell_only,CEP68,2.7550902,1.4125689,0.5127124,0.41576856,0.95,0.3
CondAE_cell_only,CEP85,2.2706347,1.1121255,0.4897862,0.42578796,0.9,0.25
CondAE_cell_only,CFL1,3.8732996,2.0472398,0.5285519,0.49465635,1.0,0.6
CondAE_cell_only,CHAF1B,5.3885446,4.510591,0.8370704,0.75451344,0.95,0.65
CondAE_cell_only,CHCHD1,2.6615543,1.3447624,0.50525457,0.42615724,0.95,0.3
CondAE_cell_only,CHCHD2,2.5570157,1.2185614,0.4765561,0.40048268,0.95,0.3
CondAE_cell_only,CHCHD4,5.5971537,4.88707,0.8731349,0.8057584,1.0,0.7
CondAE_cell_only,CHD4,4.213932,2.076666,0.4928096,0.41672865,0.9,0.2
CondAE_cell_only,CHEK1,4.166517,3.304175,0.7930305,0.7054749,1.0,0.6
CondAE_cell_only,CHERP,3.246897,2.168705,0.66793156,0.5861891,1.0,0.4
CondAE_cell_only,CHMP4B,3.4683414,1.9924918,0.57447976,0.48239067,0.95,0.25
CondAE_cell_only,CHMP6,7.195433,6.2116838,0.8632814,0.83510494,1.0,0.65
CondAE_cell_only,CHMP7,3.1352239,1.4859227,0.4739447,0.40689766,0.95,0.25
CondAE_cell_only,CHORDC1,2.616024,1.2822366,0.49014708,0.39638385,0.85,0.35
CondAE_cell_only,CHTOP,2.6230154,1.1213713,0.42751226,0.34365895,0.85,0.3
CondAE_cell_only,CIAO1,2.2642858,1.0974526,0.48467937,0.4314326,1.0,0.4
CondAE_cell_only,CIAPIN1,4.352913,3.7424114,0.8597487,0.8310416,1.0,0.7
CondAE_cell_only,CLASRP,1.9133962,1.1620119,0.6073033,0.53551424,0.85,0.3
CondAE_cell_only,CLPB,2.673408,1.1791143,0.44105288,0.35610804,0.95,0.4
CondAE_cell_only,CMPK1,2.425904,1.0429513,0.42992276,0.357791,0.95,0.2
CondAE_cell_only,CMTR1,3.0378313,1.9437368,0.6398436,0.5421708,1.0,0.4
CondAE_cell_only,CMTR2,3.5574527,1.8967602,0.53317934,0.46477228,1.0,0.45
CondAE_cell_only,CNN2,1.9472327,0.7807269,0.40094176,0.3424421,0.85,0.15
CondAE_cell_only,CNOT1,5.8997264,4.8139834,0.81596726,0.8226652,1.0,0.45
CondAE_cell_only,CNOT10,3.0961134,1.9093196,0.6166827,0.5722025,1.0,0.4
CondAE_cell_only,CNOT9,2.5006719,1.100982,0.44027445,0.367861,1.0,0.2
CondAE_cell_only,COA5,3.166739,2.169529,0.68509877,0.5874407,1.0,0.45
CondAE_cell_only,COASY,2.6367445,1.1803012,0.44763577,0.36892113,0.9,0.25
CondAE_cell_only,COG1,2.4290633,1.4004781,0.57655066,0.47082296,1.0,0.3
CondAE_cell_only,COG2,3.2646344,2.2705245,0.6954912,0.6553535,1.0,0.6
CondAE_cell_only,COG4,2.6758063,1.3234181,0.49458668,0.3947942,0.95,0.3
CondAE_cell_only,COG6,2.15994,1.2649518,0.5856421,0.47098088,1.0,0.4
CondAE_cell_only,COMTD1,3.2039373,1.7913452,0.5591075,0.49169978,0.95,0.4
CondAE_cell_only,COPS2,5.0939717,4.1566567,0.8159953,0.78582746,1.0,0.6
CondAE_cell_only,COPS3,5.2493796,4.1298265,0.7867266,0.7192646,1.0,0.65
CondAE_cell_only,COPS4,5.2514906,4.3410516,0.82663226,0.8123972,1.0,0.6
CondAE_cell_only,COPS5,4.2860994,3.1924608,0.74484056,0.65606403,1.0,0.65
CondAE_cell_only,COPS8,2.1487765,1.0473461,0.4874151,0.38588196,1.0,0.4
CondAE_cell_only,COQ2,1.8907671,0.7730387,0.40884924,0.34711355,0.9,0.1
CondAE_cell_only,COQ4,2.6271544,1.521968,0.57932186,0.48810917,1.0,0.5
CondAE_cell_only,COQ5,2.9677095,1.3362132,0.4502507,0.34986943,0.7,0.2
CondAE_cell_only,COTL1,2.6951447,1.8184645,0.6747187,0.622215,1.0,0.4
CondAE_cell_only,COX10,2.3508415,1.2544379,0.5336123,0.43143988,0.9,0.4
CondAE_cell_only,COX11,1.9329418,0.92496264,0.47852588,0.4190893,0.85,0.3
CondAE_cell_only,COX5A,6.7005415,5.666916,0.84573996,0.73807234,1.0,0.7
CondAE_cell_only,COX7C,5.274693,4.1996284,0.7961844,0.70248336,1.0,0.7
CondAE_cell_only,CPSF1,3.3229556,2.0518055,0.617464,0.5790415,1.0,0.35
CondAE_cell_only,CPSF3,3.9837217,2.9939969,0.7515577,0.71597975,1.0,0.5
CondAE_cell_only,CPSF4,4.684721,3.4611595,0.7388187,0.66489184,0.95,0.5
CondAE_cell_only,CPSF6,5.3357635,3.6820855,0.6900766,0.66184783,1.0,0.6
CondAE_cell_only,CS,2.0582144,1.1417212,0.55471444,0.5133593,1.0,0.25
CondAE_cell_only,CSDE1,3.4503205,2.3456192,0.6798265,0.5796232,1.0,0.55
CondAE_cell_only,CSE1L,6.8745594,5.76145,0.8380828,0.8133338,1.0,0.6
CondAE_cell_only,CSNK2B,3.870081,2.3612773,0.61013645,0.57083714,0.85,0.35
CondAE_cell_only,CSTF1,2.8818305,1.8451,0.6402528,0.6266702,0.8,0.3
CondAE_cell_only,CSTF3,5.5718637,4.0131426,0.7202514,0.6768219,0.95,0.35
CondAE_cell_only,CTCF,4.064073,2.8162193,0.6929549,0.607664,1.0,0.5
CondAE_cell_only,CTDP1,2.0554802,1.0976274,0.53400046,0.45858085,0.85,0.35
CondAE_cell_only,CTNNBL1,3.8150408,2.6410265,0.6922669,0.6143464,1.0,0.4
CondAE_cell_only,CTU2,3.0886848,2.1700127,0.70256853,0.577572,1.0,0.5
CondAE_cell_only,CUL1,3.815453,2.5266054,0.66220325,0.5791955,0.95,0.45
CondAE_cell_only,CUL2,4.5991464,3.763729,0.81835383,0.7442094,1.0,0.8
CondAE_cell_only,CUL7,7.4962406,6.3284726,0.8442195,0.80296695,0.95,0.7
CondAE_cell_only,CWC15,5.3601527,4.4089193,0.8225362,0.8031374,1.0,0.5
CondAE_cell_only,CWC22,9.35398,8.06233,0.8619144,0.86171985,1.0,0.65
CondAE_cell_only,CYC1,3.208836,1.8947833,0.59048927,0.5257722,0.95,0.45
CondAE_cell_only,CYFIP1,2.8391442,1.5263374,0.53760475,0.4318073,1.0,0.4
CondAE_cell_only,CYREN,4.3687315,3.2468445,0.7432008,0.6011087,0.95,0.75
CondAE_cell_only,DAP3,2.8658063,1.8622509,0.6498174,0.5440969,1.0,0.35
CondAE_cell_only,DARS,6.848814,5.910573,0.8630068,0.81773716,1.0,0.75
CondAE_cell_only,DAXX,3.9615865,2.7026553,0.6822154,0.5785841,1.0,0.5
CondAE_cell_only,DBR1,4.531109,3.0574346,0.67476517,0.6481279,1.0,0.5
CondAE_cell_only,DCAF6,2.4803865,0.9871985,0.39800188,0.31703746,0.8,0.2
CondAE_cell_only,DCTN1,2.7174008,1.8318306,0.6741113,0.6170205,1.0,0.4
CondAE_cell_only,DCTN2,3.1222944,2.4622257,0.78859496,0.6660099,1.0,0.7
CondAE_cell_only,DCTN3,3.0137763,2.3148854,0.7681013,0.6799301,1.0,0.6
CondAE_cell_only,DCTN4,3.305847,2.4693062,0.74695116,0.6350265,1.0,0.65
CondAE_cell_only,DCTN6,3.7964935,2.8085668,0.7397792,0.61442727,1.0,0.6
CondAE_cell_only,DCUN1D5,5.448104,4.6565256,0.85470575,0.7948157,1.0,0.8
CondAE_cell_only,DDOST,4.14311,2.8672035,0.6920414,0.6015367,1.0,0.6
CondAE_cell_only,DDX1,2.4329145,1.1721596,0.48179233,0.39496076,1.0,0.4
CondAE_cell_only,DDX10,7.0661535,6.403646,0.90624213,0.8814704,1.0,0.7
CondAE_cell_only,DDX17,2.5215647,1.1911455,0.4723835,0.42725664,0.9,0.3
CondAE_cell_only,DDX18,8.57192,7.4751086,0.872046,0.85232985,1.0,0.7
CondAE_cell_only,DDX19A,1.2120281,0.5075334,0.4187472,0.35396227,0.9,0.2
CondAE_cell_only,DDX20,4.305192,3.1525095,0.7322576,0.6995313,1.0,0.35
CondAE_cell_only,DDX21,7.3985267,6.5765586,0.8889011,0.8538401,1.0,0.75
CondAE_cell_only,DDX23,5.113131,4.351554,0.85105467,0.8167238,1.0,0.7
CondAE_cell_only,DDX27,5.8193603,5.2247353,0.8978195,0.8316073,1.0,0.8
CondAE_cell_only,DDX3X,3.0759265,1.4133258,0.4594797,0.37731728,0.95,0.35
CondAE_cell_only,DDX41,9.336174,8.0584,0.8631373,0.8642834,1.0,0.6
CondAE_cell_only,DDX5,3.34866,2.1828973,0.6518719,0.5913936,1.0,0.55
CondAE_cell_only,DDX51,6.226855,5.620786,0.9026686,0.85560095,1.0,0.8
CondAE_cell_only,DDX52,5.7141747,5.154738,0.9020967,0.8570916,1.0,0.75
CondAE_cell_only,DDX55,4.8562913,4.3573914,0.8972673,0.83034515,1.0,0.8
CondAE_cell_only,DDX56,6.1588254,5.1886697,0.84247714,0.7753397,1.0,0.75
CondAE_cell_only,DDX6,3.8481112,2.4496884,0.636595,0.587163,0.95,0.4
CondAE_cell_only,DENR,3.1842046,2.0895753,0.65623146,0.550576,1.0,0.6
CondAE_cell_only,DERL2,6.0515347,5.316087,0.87846917,0.81551176,1.0,0.65
CondAE_cell_only,DESI1,3.0056095,1.7852405,0.5939695,0.5387235,0.95,0.35
CondAE_cell_only,DHODH,2.363267,1.0169303,0.430307,0.33011428,0.95,0.45
CondAE_cell_only,DHPS,3.0285144,1.6654651,0.54992807,0.46278876,0.95,0.4
CondAE_cell_only,DHX15,8.725341,7.558445,0.86626357,0.83749914,1.0,0.55
CondAE_cell_only,DHX16,6.6263657,5.4873085,0.8281023,0.8283583,0.95,0.4
CondAE_cell_only,DHX29,3.2288492,1.6989454,0.52617675,0.45326018,1.0,0.35
CondAE_cell_only,DHX33,4.7829804,3.7635458,0.786862,0.6572519,0.95,0.7
CondAE_cell_only,DHX36,3.3098216,1.9198868,0.5800575,0.4767014,0.95,0.3
CondAE_cell_only,DHX37,2.1984859,1.6396211,0.7457956,0.60818315,1.0,0.8
CondAE_cell_only,DIMT1,6.071774,5.453286,0.8981372,0.8624392,1.0,0.85
CondAE_cell_only,DKC1,5.6854362,4.6827903,0.8236466,0.7305699,1.0,0.75
CondAE_cell_only,DLD,5.6660757,4.6925335,0.8281805,0.7975917,1.0,0.6
CondAE_cell_only,DNAJA1,2.5109007,1.1361516,0.45248765,0.33900163,0.65,0.15
CondAE_cell_only,DNAJA3,5.0829577,4.4583726,0.8771217,0.7174339,1.0,0.55
CondAE_cell_only,DNAJC17,6.8240933,5.9985337,0.87902284,0.87703747,1.0,0.65
CondAE_cell_only,DNAJC19,2.173951,0.8758005,0.4028612,0.32482705,0.85,0.2
CondAE_cell_only,DNAJC8,2.0071287,0.97115654,0.48385364,0.4011718,1.0,0.2
CondAE_cell_only,DNM1L,2.7501824,1.3768858,0.50065255,0.43033287,0.9,0.25
CondAE_cell_only,DNMT1,3.5638652,2.5267622,0.7089949,0.63225466,1.0,0.6
CondAE_cell_only,DNTTIP2,8.789092,7.8237348,0.89016414,0.8755378,1.0,0.65
CondAE_cell_only,DOHH,2.7394986,1.5606143,0.5696715,0.49497816,0.9,0.3
CondAE_cell_only,DOLK,2.175398,1.1277906,0.5184295,0.42964113,1.0,0.1
CondAE_cell_only,DPH2,3.0292106,1.7122042,0.56523114,0.47664437,0.95,0.45
CondAE_cell_only,DPH3,2.542153,1.1517367,0.45305565,0.3740211,0.9,0.3
CondAE_cell_only,DPH6,2.3699737,1.0249628,0.43247855,0.35961732,0.95,0.15
CondAE_cell_only,DRAP1,2.8901916,1.352226,0.46786726,0.3829068,0.95,0.25
CondAE_cell_only,DRG1,2.9887686,1.5480131,0.51794344,0.43213838,0.95,0.35
CondAE_cell_only,DSTYK,2.2476566,1.319722,0.5871547,0.4845505,1.0,0.45
CondAE_cell_only,DTL,4.6849647,4.0174594,0.85752183,0.7683852,1.0,0.65
CondAE_cell_only,DYNC1I2,3.2085574,2.2624283,0.7051232,0.59143937,1.0,0.55
CondAE_cell_only,DYNLL1,3.6582983,2.5451438,0.695718,0.62703425,1.0,0.7
CondAE_cell_only,DYNLL2,1.9396892,0.9241439,0.47643918,0.4042931,0.9,0.2
CondAE_cell_only,E2F6,2.3637023,1.2914261,0.54635733,0.46803138,0.85,0.35
CondAE_cell_only,E4F1,4.478256,3.9041698,0.8718058,0.79037195,1.0,0.8
CondAE_cell_only,EARS2,3.1516628,2.0601904,0.65368366,0.5541057,1.0,0.5
CondAE_cell_only,EBNA1BP2,7.620724,6.7291293,0.8830039,0.8396031,1.0,0.7
CondAE_cell_only,ECD,3.6316247,2.3922808,0.6587357,0.5469873,1.0,0.45
CondAE_cell_only,EDC4,2.9694228,1.8462892,0.621767,0.5823677,0.95,0.3
CondAE_cell_only,EFR3A,2.15342,1.1638963,0.5404874,0.4559077,1.0,0.35
CondAE_cell_only,EFTUD2,8.536459,7.2097163,0.8445793,0.80814695,1.0,0.75
CondAE_cell_only,EHMT2,2.188402,1.0546081,0.48190787,0.40783694,1.0,0.5
CondAE_cell_only,EIF1,3.4783504,1.702786,0.48953837,0.50092953,0.95,0.55
CondAE_cell_only,EIF1AD,2.9545603,1.6457208,0.5570104,0.49270222,1.0,0.35
CondAE_cell_only,EIF1AX,2.248862,1.4862957,0.6609101,0.6017985,1.0,0.45
CondAE_cell_only,EIF2B1,5.1871805,4.651277,0.896687,0.8575605,1.0,0.55
CondAE_cell_only,EIF2B2,8.4871855,7.597906,0.89522094,0.8770628,1.0,0.65
CondAE_cell_only,EIF2B3,10.369284,9.2711315,0.89409566,0.86527604,1.0,0.7
CondAE_cell_only,EIF2B4,8.467552,7.503361,0.8861311,0.8358661,1.0,0.65
CondAE_cell_only,EIF2B5,8.884261,7.932674,0.8928907,0.86434656,1.0,0.6
CondAE_cell_only,EIF2S1,12.378584,10.841617,0.8758366,0.8537024,1.0,0.6
CondAE_cell_only,EIF2S2,6.6984277,5.9376698,0.8864274,0.83901954,1.0,0.7
CondAE_cell_only,EIF2S3,11.641071,10.304717,0.8852035,0.85875124,1.0,0.65
CondAE_cell_only,EIF3A,8.275316,7.189872,0.8688335,0.82729805,1.0,0.8
CondAE_cell_only,EIF3B,9.4233885,7.9637346,0.8451031,0.83502686,1.0,0.7
CondAE_cell_only,EIF3I,10.052192,8.368755,0.83253044,0.82391846,1.0,0.45
CondAE_cell_only,EIF3J,4.4979653,3.5555236,0.79047376,0.67658776,1.0,0.75
CondAE_cell_only,EIF3L,3.5939815,2.5906525,0.7208308,0.64928263,1.0,0.7
CondAE_cell_only,EIF4A1,5.2771745,4.1360044,0.7837536,0.67793804,1.0,0.6
CondAE_cell_only,EIF4A3,6.512128,5.7751236,0.8868259,0.85081726,1.0,0.7
CondAE_cell_only,EIF4B,2.4003375,1.2659081,0.52738756,0.58995765,0.85,0.3
CondAE_cell_only,EIF4E,6.390708,5.49826,0.8603523,0.78460044,1.0,0.75
CondAE_cell_only,EIF4G1,4.593125,3.3696077,0.73361987,0.6480983,1.0,0.55
CondAE_cell_only,EIF4G2,3.375603,2.0482256,0.60677326,0.52308804,0.9,0.3
CondAE_cell_only,EIF4H,2.4194953,1.2151532,0.50223416,0.40027204,1.0,0.35
CondAE_cell_only,EIF5A,5.919408,4.776514,0.8069243,0.8005449,1.0,0.6
CondAE_cell_only,EIF6,4.9383116,4.142786,0.83890736,0.8063514,1.0,0.8
CondAE_cell_only,ELAC2,2.7348154,1.5335647,0.5607562,0.53682655,0.9,0.35
CondAE_cell_only,ELL,2.2000709,1.7297941,0.78624475,0.70353884,1.0,0.5
CondAE_cell_only,ELOB,4.377112,3.1117895,0.71092296,0.63348085,1.0,0.6
CondAE_cell_only,ELOF1,4.1423845,3.0089278,0.72637576,0.6875876,1.0,0.55
CondAE_cell_only,ELOVL1,2.2223108,1.0849005,0.48818576,0.44000608,1.0,0.35
CondAE_cell_only,ELP3,3.378304,2.7551887,0.8155538,0.7153227,1.0,0.55
CondAE_cell_only,ELP5,4.6455517,3.6711643,0.7902537,0.6875203,1.0,0.6
CondAE_cell_only,ELP6,4.0123744,2.8812082,0.7180806,0.59105074,1.0,0.55
CondAE_cell_only,EMC1,2.4193075,1.3346828,0.55167973,0.49756533,0.9,0.1
CondAE_cell_only,EMC4,2.437789,1.2666378,0.51958466,0.48107964,1.0,0.3
CondAE_cell_only,EMC7,1.8855808,1.0300698,0.54628783,0.4538675,1.0,0.5
CondAE_cell_only,ENO1,3.7539685,1.1378927,0.30311728,0.36758342,0.8,0.15
CondAE_cell_only,ENY2,3.7661629,2.6306896,0.6985066,0.6406081,1.0,0.55
CondAE_cell_only,EPRS,8.020528,6.7347107,0.83968425,0.806539,1.0,0.65
CondAE_cell_only,ERAL1,2.6776297,1.2983397,0.48488396,0.38294518,1.0,0.35
CondAE_cell_only,ERCC2,3.1335201,2.1338854,0.68098664,0.5942394,1.0,0.4
CondAE_cell_only,ERCC3,2.6223364,1.1593149,0.44209236,0.3602306,0.95,0.25
CondAE_cell_only,ESF1,2.0494776,1.5969228,0.7791853,0.6594055,1.0,0.8
CondAE_cell_only,ETF1,7.3671837,6.42736,0.8724311,0.8173843,1.0,0.7
CondAE_cell_only,EXOC1,3.1260848,1.8525939,0.5926243,0.4900791,1.0,0.5
CondAE_cell_only,EXOC2,2.657122,1.4321569,0.53898805,0.45009714,1.0,0.4
CondAE_cell_only,EXOC3,2.4618266,1.0576319,0.42961267,0.3312864,0.95,0.2
CondAE_cell_only,EXOC4,2.7608297,1.6139996,0.5846067,0.503834,0.95,0.35
CondAE_cell_only,EXOC5,2.3660939,1.148995,0.4856084,0.38899615,0.9,0.4
CondAE_cell_only,EXOC7,4.175134,3.4658244,0.8301109,0.74502236,1.0,0.65
CondAE_cell_only,EXOSC1,3.0946605,1.7570832,0.56777894,0.45380753,1.0,0.55
CondAE_cell_only,EXOSC2,6.9079905,5.925123,0.85772026,0.84136826,1.0,0.65
CondAE_cell_only,EXOSC3,6.6064954,5.545438,0.83939177,0.8086156,1.0,0.6
CondAE_cell_only,EXOSC4,5.9816217,5.0820127,0.8496045,0.82954174,1.0,0.6
CondAE_cell_only,EXOSC5,5.4263563,4.688491,0.86402196,0.82495964,1.0,0.7
CondAE_cell_only,EXOSC7,5.1486316,4.0520263,0.7870103,0.7121776,1.0,0.65
CondAE_cell_only,EXOSC8,6.4859405,5.4986634,0.84778196,0.81706876,1.0,0.6
CondAE_cell_only,EXOSC9,6.8737555,5.7962656,0.8432458,0.82800424,1.0,0.65
CondAE_cell_only,F8A1,2.7412355,1.0197389,0.37199974,0.3048142,0.75,0.1
CondAE_cell_only,FAM136A,2.375647,2.0147169,0.8480708,0.7889349,1.0,0.65
CondAE_cell_only,FAM207A,2.0909448,1.0637944,0.50876254,0.41999283,0.75,0.4
CondAE_cell_only,FAM32A,5.2166467,4.3219995,0.82850146,0.820002,0.95,0.55
CondAE_cell_only,FARSA,8.538658,7.325624,0.8579362,0.7988128,1.0,0.55
CondAE_cell_only,FASN,3.9478066,2.539461,0.6432587,0.5939313,0.95,0.25
CondAE_cell_only,FASTKD5,3.1744921,1.4300267,0.45047414,0.45348543,0.75,0.4
CondAE_cell_only,FAU,7.7815843,6.932182,0.8908445,0.88346326,1.0,0.85
CondAE_cell_only,FBLIM1,1.9699409,0.8059304,0.40911397,0.33003134,0.95,0.2
CondAE_cell_only,FBXO42,1.1680579,0.5760552,0.4931735,0.4171843,0.95,0.15
CondAE_cell_only,FCF1,4.8941092,4.23498,0.86532193,0.7964028,1.0,0.75
CondAE_cell_only,FDPS,3.7725618,2.276524,0.6034425,0.5112011,1.0,0.25
CondAE_cell_only,FDXR,2.739523,1.170584,0.42729482,0.36487648,0.95,0.15
CondAE_cell_only,FGFR1OP,3.168161,1.6495179,0.5206547,0.42852926,0.9,0.1
CondAE_cell_only,FKBP9,2.7177906,1.834041,0.67482793,0.6086783,1.0,0.65
CondAE_cell_only,FNBP4,2.0572915,1.1399294,0.5540923,0.4846083,0.95,0.5
CondAE_cell_only,FNTA,3.4954355,2.814345,0.8051486,0.75233525,0.9,0.55
CondAE_cell_only,FOXO1,2.6301427,1.1700721,0.4448702,0.4076765,1.0,0.2
CondAE_cell_only,FXN,3.3234987,2.0599475,0.6198129,0.6059062,1.0,0.35
CondAE_cell_only,GABPA,2.6278942,1.4713684,0.559904,0.4596478,1.0,0.7
CondAE_cell_only,GABPB1,5.4189506,4.034549,0.7445259,0.66244996,0.95,0.65
CondAE_cell_only,GAR1,3.8595247,3.0434546,0.7885569,0.67730784,1.0,0.65
CondAE_cell_only,GART,2.53936,1.4573617,0.57390904,0.48203498,0.95,0.25
CondAE_cell_only,GCLC,2.1595564,1.0359641,0.47971153,0.4261782,0.8,0.25
CondAE_cell_only,GEMIN4,3.8883557,2.6265974,0.6755034,0.6137727,1.0,0.3
CondAE_cell_only,GEMIN5,6.0335474,4.9915185,0.8272942,0.81848866,1.0,0.4
CondAE_cell_only,GFER,3.3071334,2.4395893,0.7376749,0.6351162,1.0,0.7
CondAE_cell_only,GFM1,2.5765593,2.2462037,0.8717842,0.81888175,1.0,0.7
CondAE_cell_only,GFOD2,1.7041416,0.9863397,0.5787898,0.47521925,0.95,0.5
CondAE_cell_only,GINS1,4.485465,3.8680842,0.8623597,0.79723436,1.0,0.75
CondAE_cell_only,GINS2,3.319973,2.4115791,0.7263852,0.62233424,1.0,0.7
CondAE_cell_only,GINS4,2.976636,2.3239746,0.7807386,0.71079856,1.0,0.55
CondAE_cell_only,GLB1,5.771977,5.001127,0.86644953,0.8192082,1.0,0.8
CondAE_cell_only,GLE1,4.6694922,3.6690924,0.7857583,0.7404158,1.0,0.5
CondAE_cell_only,GLRX3,2.8716922,1.3675894,0.4762312,0.3858232,1.0,0.4
CondAE_cell_only,GLRX5,1.7330208,0.88209605,0.5089933,0.4057513,0.9,0.45
CondAE_cell_only,GMPPB,3.4703076,2.309144,0.6654004,0.5377152,1.0,0.55
CondAE_cell_only,GNB1L,2.2983449,1.3493996,0.58711797,0.48692238,1.0,0.45
CondAE_cell_only,GNL2,8.749113,7.703352,0.8804723,0.8461998,1.0,0.75
CondAE_cell_only,GNL3,6.8200026,6.0863166,0.8924214,0.84042424,1.0,0.75
CondAE_cell_only,GNL3L,5.388773,4.5963693,0.85295284,0.78420305,1.0,0.75
CondAE_cell_only,GNPAT,4.8720703,3.7856236,0.77700514,0.6614073,1.0,0.85
CondAE_cell_only,GNPNAT1,2.3276885,1.1312705,0.486006,0.5017519,0.95,0.35
CondAE_cell_only,GOLT1B,1.9700527,1.0501643,0.53306407,0.43901065,0.9,0.3
CondAE_cell_only,GPKOW,4.8463516,3.7354727,0.7707804,0.74950075,1.0,0.45
CondAE_cell_only,GPN1,5.456439,4.437257,0.8132148,0.7676086,1.0,0.55
CondAE_cell_only,GPN3,7.7960305,6.84502,0.8780135,0.8522676,0.95,0.75
CondAE_cell_only,GPS1,4.2631063,3.699044,0.86768746,0.8546713,0.95,0.7
CondAE_cell_only,GPS2,2.7780879,1.5878756,0.5715714,0.5057957,1.0,0.4
CondAE_cell_only,GRPEL1,6.1698008,5.519668,0.8946266,0.8340144,1.0,0.7
CondAE_cell_only,GRSF1,2.801788,1.8423493,0.65756196,0.519007,1.0,0.6
CondAE_cell_only,GRWD1,2.1769154,0.9695351,0.44537106,0.3672274,0.9,0.2
CondAE_cell_only,GSK3B,2.537263,1.181739,0.46575347,0.41004986,0.85,0.3
CondAE_cell_only,GSPT1,7.785261,6.9370847,0.89105356,0.8388775,1.0,0.75
CondAE_cell_only,GTF2A1,8.449998,7.0857553,0.83855116,0.8407162,1.0,0.6
CondAE_cell_only,GTF2A2,3.7662973,2.0705302,0.5497522,0.4923189,1.0,0.4
CondAE_cell_only,GTF2E1,2.7771094,1.6146961,0.5814305,0.4899686,0.95,0.4
CondAE_cell_only,GTF2E2,4.063715,3.5088756,0.863465,0.8639427,0.95,0.6
CondAE_cell_only,GTF2F2,4.625296,3.7314515,0.8067487,0.77530843,1.0,0.65
CondAE_cell_only,GTF2H1,5.3733068,4.204773,0.78252983,0.736554,1.0,0.6
CondAE_cell_only,GTF2H3,3.0379379,1.7042999,0.56100553,0.44807017,1.0,0.5
CondAE_cell_only,GTF2H4,2.8616805,1.7054112,0.59594744,0.5030527,0.85,0.2
CondAE_cell_only,GTF3A,3.847787,2.822839,0.73362666,0.6218975,1.0,0.6
CondAE_cell_only,GTF3C1,2.1843448,1.1255562,0.5152832,0.4565317,0.9,0.25
CondAE_cell_only,GTF3C2,2.7012036,1.7012067,0.6297958,0.5750661,1.0,0.4
CondAE_cell_only,GTF3C6,2.353063,1.2215519,0.5191327,0.4173119,1.0,0.3
CondAE_cell_only,GTPBP4,4.3517094,3.7959473,0.8722888,0.7934546,1.0,0.85
CondAE_cell_only,GUK1,2.8037338,1.3510014,0.48185793,0.438994,0.9,0.35
CondAE_cell_only,GYG1,2.5249965,1.5718734,0.622525,0.5333357,1.0,0.35
CondAE_cell_only,H2AFX,2.744729,1.5284966,0.55688435,0.49587902,0.95,0.4
CondAE_cell_only,H2AFZ,3.1320133,1.5342209,0.48985136,0.5259573,0.95,0.3
CondAE_cell_only,H3F3A,3.3310173,1.5191795,0.45607072,0.45251137,0.95,0.3
CondAE_cell_only,HAMP,3.016944,1.620746,0.5372145,0.4478491,0.9,0.35
CondAE_cell_only,HARS,8.712028,7.785029,0.8935955,0.8256067,1.0,0.55
CondAE_cell_only,HAUS8,2.4515877,1.4525045,0.59247506,0.46696576,1.0,0.6
CondAE_cell_only,HDAC3,3.400788,2.0857363,0.6133097,0.5783414,1.0,0.45
CondAE_cell_only,HDAC7,3.981686,2.95727,0.742718,0.68842816,1.0,0.5
CondAE_cell_only,HECTD1,2.7534902,1.3935318,0.50609654,0.42571893,0.95,0.25
CondAE_cell_only,HERC1,1.9103185,1.1511079,0.6025738,0.49396977,1.0,0.55
CondAE_cell_only,HGS,7.2222333,6.5072384,0.90100086,0.8150788,1.0,0.75
CondAE_cell_only,HHEX,2.5375855,1.1733435,0.4623858,0.39325753,0.85,0.05
CondAE_cell_only,HIPK1,3.5062423,2.1361902,0.60925347,0.5910468,1.0,0.35
CondAE_cell_only,HIST1H2BN,3.1941757,1.9172387,0.60022956,0.4427022,0.95,0.6
CondAE_cell_only,HJURP,2.4187164,1.4692854,0.6074649,0.507241,0.95,0.35
CondAE_cell_only,HMBOX1,2.0943854,0.88742214,0.42371482,0.3537631,0.95,0.15
CondAE_cell_only,HMGA1,2.5031722,1.270145,0.50741416,0.43278128,1.0,0.45
CondAE_cell_only,HMGB3,4.2234826,3.172441,0.7511434,0.62699294,1.0,0.8
CondAE_cell_only,HMGCS1,5.6195426,4.5800376,0.81501967,0.7736925,0.95,0.6
CondAE_cell_only,HNRNPA1,2.8290615,1.6222892,0.5734372,0.46791977,1.0,0.35
CondAE_cell_only,HNRNPDL,3.3933465,2.1745355,0.6408233,0.5596058,0.95,0.55
CondAE_cell_only,HNRNPH1,2.9913836,1.4064728,0.47017467,0.41897908,0.85,0.2
CondAE_cell_only,HNRNPK,6.887448,5.736943,0.83295625,0.76202124,1.0,0.65
CondAE_cell_only,HNRNPL,2.912929,2.0628285,0.70816296,0.6026369,1.0,0.65
CondAE_cell_only,HPS5,3.7727199,2.5060687,0.6642605,0.59584725,0.95,0.35
CondAE_cell_only,HS6ST1,2.1231716,0.9586425,0.45151436,0.36733243,1.0,0.2
CondAE_cell_only,HSCB,1.1860508,0.50814515,0.42843458,0.3459229,0.85,0.35
CondAE_cell_only,HSD17B10,2.6664596,2.1115515,0.7918933,0.7222827,0.95,0.7
CondAE_cell_only,HSD17B12,1.48108,0.87034625,0.58764297,0.47533458,1.0,0.5
CondAE_cell_only,HSP90B1,3.4773586,1.8577034,0.5342283,0.5519163,0.8,0.3
CondAE_cell_only,HSPA14,2.6715024,1.5399021,0.57641804,0.46738365,0.95,0.45
CondAE_cell_only,HSPA8,3.6600842,2.5115337,0.6861956,0.6340528,0.9,0.65
CondAE_cell_only,HSPA9,12.051329,10.974168,0.9106189,0.8813947,1.0,0.5
CondAE_cell_only,HSPE1,5.9134407,5.1866097,0.8770883,0.83559173,1.0,0.6
CondAE_cell_only,HUS1,2.0296252,0.898759,0.4428202,0.36001796,0.95,0.4
CondAE_cell_only,HUWE1,3.2699564,2.1618373,0.6611212,0.5587224,0.9,0.35
CondAE_cell_only,IARS,4.9768877,3.9135933,0.7863535,0.69546574,1.0,0.55
CondAE_cell_only,IARS2,6.7172365,5.880678,0.8754609,0.8184169,1.0,0.6
CondAE_cell_only,ICE1,7.245336,6.325519,0.87304705,0.83933216,1.0,0.6
CondAE_cell_only,ILF2,4.209822,3.2614756,0.77473,0.6528716,1.0,0.8
CondAE_cell_only,ILF3,3.632987,2.2266197,0.6128895,0.5225096,0.95,0.4
CondAE_cell_only,IMP4,7.0153227,6.24815,0.89064324,0.8457954,1.0,0.75
CondAE_cell_only,IMPA2,4.16291,3.4471705,0.8280675,0.7333066,1.0,0.7
CondAE_cell_only,IMPDH2,2.6355636,1.8389143,0.69773096,0.6048075,1.0,0.6
CondAE_cell_only,INF2,2.5986054,1.2701632,0.4887865,0.37987772,1.0,0.5
CondAE_cell_only,INO80,3.6904202,2.0878828,0.56575745,0.49340612,1.0,0.3
CondAE_cell_only,INO80B,2.8891265,1.6628711,0.5755619,0.4890828,1.0,0.4
CondAE_cell_only,INPPL1,3.5098233,2.374915,0.67664796,0.55755484,0.95,0.6
CondAE_cell_only,INTS1,2.316389,1.2682868,0.54752755,0.49007374,0.95,0.2
CondAE_cell_only,INTS10,3.46178,1.914013,0.5528985,0.47414163,0.95,0.3
CondAE_cell_only,INTS11,4.3768563,3.7387793,0.8542157,0.7659504,1.0,0.85
CondAE_cell_only,INTS12,2.0722597,1.0741941,0.5183685,0.447503,1.0,0.4
CondAE_cell_only,INTS13,2.1413453,1.2633076,0.5899598,0.51497424,1.0,0.45
CondAE_cell_only,INTS14,3.1023693,2.3545027,0.75893694,0.72867143,1.0,0.6
CondAE_cell_only,INTS2,7.388457,6.3858495,0.86430085,0.84715784,1.0,0.55
CondAE_cell_only,INTS3,4.322625,3.4310002,0.7937307,0.753729,1.0,0.75
CondAE_cell_only,INTS4,4.844315,4.0287704,0.8316491,0.765942,1.0,0.6
CondAE_cell_only,INTS5,7.5061703,6.366894,0.84822136,0.8219672,1.0,0.55
CondAE_cell_only,INTS6,5.516949,4.0380745,0.7319398,0.63830996,1.0,0.5
CondAE_cell_only,INTS7,5.61957,4.428588,0.7880653,0.7167689,1.0,0.6
CondAE_cell_only,INTS8,7.821669,6.8030353,0.8697677,0.8487745,1.0,0.7
CondAE_cell_only,INTS9,4.017051,3.339425,0.83131254,0.79096675,0.95,0.6
CondAE_cell_only,IPO11,2.905123,1.8047651,0.6212354,0.53852844,0.95,0.5
CondAE_cell_only,IPO7,3.4282675,2.8399992,0.8284065,0.6951022,1.0,0.8
CondAE_cell_only,IPO9,3.7055395,2.4023776,0.6483206,0.5649558,1.0,0.4
CondAE_cell_only,ISCA2,2.8335793,1.874481,0.6615241,0.57708335,1.0,0.55
CondAE_cell_only,ISCU,1.9659,1.1201816,0.569806,0.4904482,0.95,0.35
CondAE_cell_only,ISG20L2,7.495657,6.662461,0.8888428,0.83551294,1.0,0.8
CondAE_cell_only,IST1,2.778879,1.6043627,0.57734174,0.46406564,0.95,0.35
CondAE_cell_only,ITGB1BP1,3.187123,1.6552583,0.51935816,0.43173698,0.95,0.25
CondAE_cell_only,IWS1,3.2234616,1.9137679,0.59369963,0.547879,0.9,0.4
CondAE_cell_only,JMJD6,2.1859052,0.88874716,0.40658084,0.3297646,0.95,0.25
CondAE_cell_only,KAT7,3.1229134,1.7933546,0.57425696,0.48514584,1.0,0.35
CondAE_cell_only,KCMF1,2.847496,1.5588619,0.54745007,0.45740852,0.9,0.4
CondAE_cell_only,KDM1A,3.4349482,2.1516497,0.62639946,0.5598197,1.0,0.3
CondAE_cell_only,KDM6A,2.3354812,1.3210207,0.5656311,0.51898366,1.0,0.15
CondAE_cell_only,KEAP1,4.264454,3.165635,0.74233073,0.70434004,1.0,0.6
CondAE_cell_only,KIAA0586,4.037351,3.1578674,0.7821632,0.6888813,1.0,0.6
CondAE_cell_only,KIAA1143,2.252248,0.9523017,0.42282274,0.34358504,0.95,0.1
CondAE_cell_only,KIF11,2.1134508,1.2717873,0.60175866,0.4988145,1.0,0.6
CondAE_cell_only,KIF18B,4.0873756,3.4909866,0.85409,0.76484,1.0,0.75
CondAE_cell_only,KIN,6.620284,5.789423,0.87449765,0.8309148,1.0,0.8
CondAE_cell_only,KRI1,6.525739,5.8256416,0.8927175,0.8495904,1.0,0.85
CondAE_cell_only,KRR1,5.8679576,4.8578854,0.8278665,0.71937734,1.0,0.75
CondAE_cell_only,KTI12,2.1902657,1.3537364,0.6180695,0.4759785,1.0,0.75
CondAE_cell_only,LAMB1,4.2201705,3.13608,0.7431169,0.66923654,1.0,0.65
CondAE_cell_only,LAMTOR1,2.0237596,1.088571,0.5378954,0.45498866,1.0,0.25
CondAE_cell_only,LAMTOR4,3.1992168,1.8304648,0.5721603,0.45487198,0.95,0.65
CondAE_cell_only,LARS,9.263174,8.198287,0.8850408,0.85027206,1.0,0.7
CondAE_cell_only,LARS2,3.3086765,2.3573833,0.71248525,0.5854775,1.0,0.6
CondAE_cell_only,LAS1L,5.111237,4.505812,0.88155025,0.8118807,1.0,0.85
CondAE_cell_only,LDB1,2.530503,1.2167658,0.4808395,0.39772135,1.0,0.25
CondAE_cell_only,LETM1,2.8998585,2.2316673,0.769578,0.6424863,1.0,0.6
CondAE_cell_only,LIMS1,2.535514,1.159411,0.4572686,0.38107726,0.95,0.25
CondAE_cell_only,LIN52,3.025075,1.6935167,0.5598264,0.5391541,1.0,0.35
CondAE_cell_only,LONP1,4.062392,3.16714,0.7796244,0.6827946,0.95,0.6
CondAE_cell_only,LPIN1,1.7404985,0.7556865,0.4341782,0.3589296,0.85,0.2
CondAE_cell_only,LRP5,2.963779,1.114406,0.37600848,0.37129217,0.8,0.3
CondAE_cell_only,LRR1,3.0338945,2.4691932,0.8138692,0.69700104,1.0,0.65
CondAE_cell_only,LSG1,7.408053,6.6759715,0.90117764,0.85322344,1.0,0.9
CondAE_cell_only,LSM10,3.1992652,2.1424377,0.6696655,0.5171477,0.95,0.4
CondAE_cell_only,LSM12,2.945759,1.9867227,0.6744349,0.6750421,1.0,0.4
CondAE_cell_only,LSM2,7.410954,6.154065,0.8304012,0.7916904,1.0,0.6
CondAE_cell_only,LSM3,5.520939,4.219066,0.7641936,0.70512,1.0,0.45
CondAE_cell_only,LSM4,7.879846,6.793229,0.86210173,0.8138016,1.0,0.8
CondAE_cell_only,LSM5,5.3877397,4.545785,0.84372765,0.81724477,1.0,0.7
CondAE_cell_only,LSM6,8.023715,6.8893523,0.85862374,0.8295958,1.0,0.65
CondAE_cell_only,LSM7,5.377205,4.477053,0.83259857,0.8003386,1.0,0.65
CondAE_cell_only,LTBP3,1.9939762,1.0197915,0.5114361,0.44347045,0.95,0.25
CondAE_cell_only,LTV1,8.420017,7.355006,0.8735144,0.844897,1.0,0.7
CondAE_cell_only,LYRM4,2.9618468,1.7796676,0.6008642,0.45828238,1.0,0.55
CondAE_cell_only,MAD2L1,2.6148434,1.8673733,0.71414346,0.5982083,1.0,0.65
CondAE_cell_only,MAD2L2,2.0505426,1.2501861,0.6096855,0.55563104,1.0,0.5
CondAE_cell_only,MAK16,8.642721,7.5196266,0.8700531,0.8018332,1.0,0.8
CondAE_cell_only,MALSU1,2.948768,1.9989476,0.6778925,0.5588654,1.0,0.55
CondAE_cell_only,MANF,1.9949783,0.85056746,0.42635423,0.33322737,0.85,0.4
CondAE_cell_only,MAP2K7,4.1087403,3.1088994,0.7566551,0.6726108,1.0,0.65
CondAE_cell_only,MARS,6.442479,5.5902944,0.8677241,0.80059016,1.0,0.65
CondAE_cell_only,MASTL,2.1750283,0.963472,0.44296986,0.37377977,0.95,0.45
CondAE_cell_only,MAT2A,1.8053442,0.83351815,0.46169487,0.38756174,0.9,0.3
CondAE_cell_only,MAX,3.9113514,2.6916912,0.6881742,0.58621156,1.0,0.3
CondAE_cell_only,MBD3,3.7491572,2.0722644,0.55272806,0.4721787,1.0,0.3
CondAE_cell_only,MBIP,2.9165587,1.4659563,0.5026322,0.42419496,0.95,0.25
CondAE_cell_only,MBNL1,3.4669125,2.6620507,0.7678448,0.69413203,1.0,0.55
CondAE_cell_only,MBTPS1,3.0585241,2.2703516,0.742303,0.650564,1.0,0.7
CondAE_cell_only,MBTPS2,2.8758636,2.0663276,0.7185068,0.60261637,1.0,0.75
CondAE_cell_only,MCL1,2.1409853,1.1708027,0.5468523,0.46024162,0.95,0.35
CondAE_cell_only,MCM2,5.3536215,4.614097,0.8618646,0.7622299,1.0,0.8
CondAE_cell_only,MCM3,3.4456925,2.960177,0.8590949,0.79498285,1.0,0.7
CondAE_cell_only,MCM3AP,2.8702023,1.6402757,0.5714843,0.46259162,1.0,0.5
CondAE_cell_only,MCM5,3.4988186,2.453402,0.7012087,0.6104557,1.0,0.5
CondAE_cell_only,MCM6,5.3751173,4.872247,0.9064448,0.8787875,1.0,0.8
CondAE_cell_only,MCM7,2.595793,1.5891563,0.61220455,0.4926083,1.0,0.4
CondAE_cell_only,MCMBP,3.4135768,2.6054122,0.76324993,0.7065034,1.0,0.6
CondAE_cell_only,MDN1,7.535544,6.6995454,0.8890593,0.83790946,1.0,0.75
CondAE_cell_only,MED11,4.8092294,4.1919055,0.8716377,0.8308151,1.0,0.8
CondAE_cell_only,MED14,3.5237565,3.0505404,0.8657069,0.84015155,1.0,0.65
CondAE_cell_only,MED16,2.5599403,1.2859325,0.5023291,0.42311272,1.0,0.35
CondAE_cell_only,MED17,7.3975577,6.18242,0.83573794,0.77797014,1.0,0.75
CondAE_cell_only,MED19,4.42775,3.7480433,0.84648937,0.8073434,1.0,0.65
CondAE_cell_only,MED20,4.384005,3.654782,0.8336628,0.7912628,1.0,0.6
CondAE_cell_only,MED21,5.57819,4.8523645,0.8698816,0.8208712,1.0,0.7
CondAE_cell_only,MED26,4.279607,3.030796,0.708195,0.6305241,0.95,0.45
CondAE_cell_only,MED29,6.0433197,5.033336,0.832876,0.76900065,1.0,0.7
CondAE_cell_only,MED30,9.014765,7.8634214,0.8722825,0.84198934,1.0,0.75
CondAE_cell_only,MED4,8.257049,7.4912663,0.90725714,0.8881449,1.0,0.75
CondAE_cell_only,MED6,5.6372056,4.5436635,0.80601346,0.74295497,1.0,0.7
CondAE_cell_only,MED7,7.7300544,6.7986817,0.8795128,0.8549063,1.0,0.8
CondAE_cell_only,MED8,5.232717,4.4789014,0.85594183,0.81987906,1.0,0.7
CondAE_cell_only,MED9,9.540071,8.234182,0.86311543,0.8309676,1.0,0.9
CondAE_cell_only,MEN1,2.3912964,1.3485891,0.5639573,0.45938653,0.95,0.25
CondAE_cell_only,METAP1,3.3737445,2.0872993,0.61868924,0.5134672,1.0,0.45
CondAE_cell_only,METAP2,3.2931585,1.8430134,0.55964917,0.48617136,1.0,0.15
CondAE_cell_only,METTL1,2.8614938,1.4241908,0.49770883,0.42482865,1.0,0.2
CondAE_cell_only,METTL14,3.349722,1.9794312,0.590924,0.4978317,0.95,0.45
CondAE_cell_only,METTL17,3.2699554,1.8897096,0.5779007,0.49254757,1.0,0.25
CondAE_cell_only,METTL3,2.787392,1.8220379,0.65367126,0.564679,0.95,0.55
CondAE_cell_only,MEX3A,5.3476415,4.1877837,0.78310853,0.6990497,1.0,0.75
CondAE_cell_only,MICOS10,2.6269922,1.6814201,0.64005524,0.5482522,1.0,0.55
CondAE_cell_only,MIOS,2.38968,1.3300879,0.5565967,0.45790347,0.95,0.35
CondAE_cell_only,MIPEP,2.684386,1.4027632,0.52256393,0.44530293,1.0,0.3
CondAE_cell_only,MIS18BP1,3.180644,2.6573389,0.8354719,0.69555193,1.0,0.85
CondAE_cell_only,MLLT6,2.8518307,2.1889257,0.76755106,0.70705,0.9,0.45
CondAE_cell_only,MMS19,2.7236493,1.7560781,0.6447519,0.5536792,1.0,0.55
CondAE_cell_only,MMS22L,3.6229277,2.6672957,0.7362266,0.62508464,1.0,0.65
CondAE_cell_only,MNAT1,2.8067875,1.8809087,0.67012864,0.6021187,0.95,0.4
CondAE_cell_only,MOB4,2.616026,1.9048946,0.7281635,0.61039495,1.0,0.7
CondAE_cell_only,MON1A,2.158599,1.4295014,0.6622358,0.5353297,1.0,0.6
CondAE_cell_only,MPG,3.6129968,2.222308,0.61508715,0.50238395,0.95,0.4
CondAE_cell_only,MPHOSPH10,6.449708,5.7410197,0.89012086,0.85084856,1.0,0.7
CondAE_cell_only,MPHOSPH6,3.3717346,2.683921,0.796006,0.6688147,1.0,0.75
CondAE_cell_only,MRGBP,4.1260953,3.0097911,0.72945267,0.7261862,0.95,0.5
CondAE_cell_only,MRM1,4.801457,3.8739235,0.80682254,0.7623998,1.0,0.7
CondAE_cell_only,MRPL1,3.0807881,1.8071944,0.5866013,0.46701676,1.0,0.45
CondAE_cell_only,MRPL10,4.4791646,3.6404135,0.81274384,0.70320535,1.0,0.55
CondAE_cell_only,MRPL14,2.5003812,1.3774587,0.55089945,0.42508852,0.95,0.5
CondAE_cell_only,MRPL16,3.6261024,2.8673458,0.79075146,0.7208734,1.0,0.6
CondAE_cell_only,MRPL18,4.4774394,3.4794517,0.7771075,0.67319345,1.0,0.65
CondAE_cell_only,MRPL20,3.4733713,2.2011886,0.6337326,0.51383793,1.0,0.5
CondAE_cell_only,MRPL24,3.9838293,3.3258653,0.8348413,0.72408205,1.0,0.6
CondAE_cell_only,MRPL27,4.2479496,3.5356853,0.8323275,0.7448241,1.0,0.65
CondAE_cell_only,MRPL3,3.055053,2.2785897,0.74584293,0.5952102,1.0,0.65
CondAE_cell_only,MRPL32,3.6355383,2.6561887,0.7306177,0.62732565,1.0,0.45
CondAE_cell_only,MRPL34,3.8393013,3.5271325,0.9186912,0.8532933,1.0,0.7
CondAE_cell_only,MRPL35,3.9905636,3.48045,0.87217003,0.8336359,1.0,0.7
CondAE_cell_only,MRPL36,3.2954135,2.836709,0.8608052,0.8165887,1.0,0.65
CondAE_cell_only,MRPL37,3.678442,2.5466452,0.69231623,0.5466666,1.0,0.55
CondAE_cell_only,MRPL38,3.1979856,2.2284079,0.6968161,0.56887794,1.0,0.65
CondAE_cell_only,MRPL39,3.4568944,2.505191,0.72469413,0.64245933,1.0,0.5
CondAE_cell_only,MRPL4,4.1048737,2.9698093,0.72348374,0.6015238,1.0,0.5
CondAE_cell_only,MRPL41,4.536883,3.7703946,0.831054,0.7300102,1.0,0.65
CondAE_cell_only,MRPL49,5.0192676,4.224309,0.8416186,0.7628935,1.0,0.6
CondAE_cell_only,MRPL50,3.3395379,2.0208654,0.60513324,0.5090005,1.0,0.4
CondAE_cell_only,MRPL51,4.081273,3.1338952,0.767872,0.67809564,1.0,0.65
CondAE_cell_only,MRPL54,3.737419,2.9220905,0.78184724,0.6972646,1.0,0.6
CondAE_cell_only,MRPL9,3.4909706,2.4289756,0.695788,0.56946075,1.0,0.4
CondAE_cell_only,MRPS10,4.138545,3.1309645,0.7565375,0.6330055,1.0,0.55
CondAE_cell_only,MRPS16,2.7248337,1.5777714,0.57903403,0.4694707,1.0,0.45
CondAE_cell_only,MRPS17,3.1859775,2.1690307,0.6808054,0.58464307,1.0,0.2
CondAE_cell_only,MRPS21,3.3194733,2.409408,0.7258405,0.6377064,1.0,0.5
CondAE_cell_only,MRPS23,3.8450332,2.8394823,0.73848057,0.63022673,1.0,0.7
CondAE_cell_only,MRPS25,3.8212245,2.6613412,0.6964629,0.60774976,1.0,0.6
CondAE_cell_only,MRPS26,4.3428087,3.3463292,0.77054495,0.66412544,1.0,0.65
CondAE_cell_only,MRPS30,4.875607,3.8811972,0.7960439,0.6785394,1.0,0.7
CondAE_cell_only,MRPS33,3.5075333,2.2845516,0.65132713,0.52466697,1.0,0.6
CondAE_cell_only,MRPS34,3.7880774,2.8351612,0.7484433,0.65118766,1.0,0.45
CondAE_cell_only,MRPS35,4.95656,3.9556,0.79805344,0.66925687,1.0,0.75
CondAE_cell_only,MRPS5,4.3981676,3.5751731,0.8128779,0.6946417,1.0,0.7
CondAE_cell_only,MRPS6,2.6310282,1.577291,0.59949607,0.5330002,1.0,0.35
CondAE_cell_only,MRPS7,2.6049404,1.2391863,0.4757062,0.36628062,0.95,0.3
CondAE_cell_only,MRPS9,3.850311,2.5990217,0.67501605,0.5452634,1.0,0.5
CondAE_cell_only,MSL1,3.1754525,1.725619,0.5434246,0.5331336,0.9,0.2
CondAE_cell_only,MSRB1,2.692217,1.2669502,0.47059736,0.4275383,0.95,0.35
CondAE_cell_only,MST1,2.6930208,1.0931053,0.40590304,0.3251351,0.95,0.3
CondAE_cell_only,MTG2,1.918477,1.0420141,0.5431465,0.43409833,0.95,0.35
CondAE_cell_only,MTHFD1,3.0641184,1.6347837,0.533525,0.45496428,1.0,0.25
CondAE_cell_only,MTOR,2.4238892,1.454842,0.6002098,0.50772077,1.0,0.45
CondAE_cell_only,MVD,2.8171098,1.8033282,0.64013416,0.5018658,1.0,0.55
CondAE_cell_only,MVK,1.4152048,0.5437894,0.38424784,0.3020638,0.85,0.2
CondAE_cell_only,MYBBP1A,6.0792375,5.3765006,0.88440377,0.8220673,1.0,0.85
CondAE_cell_only,MYBL2,3.26748,2.770302,0.8478406,0.7858103,1.0,0.75
CondAE_cell_only,MYC,5.52264,4.2584143,0.77108306,0.7402828,1.0,0.55
CondAE_cell_only,MYCBP,2.2617216,1.0385528,0.45918682,0.38222417,1.0,0.1
CondAE_cell_only,MYSM1,2.6892278,1.2658421,0.47070837,0.38055056,0.95,0.1
CondAE_cell_only,MZT1,2.9699922,1.5681937,0.52801275,0.41636467,1.0,0.4
CondAE_cell_only,NAA10,4.9418464,3.8533397,0.7797368,0.7134969,1.0,0.7
CondAE_cell_only,NAA15,3.618459,2.0213988,0.55863523,0.49448588,1.0,0.2
CondAE_cell_only,NAA20,2.7310417,1.3999794,0.51261735,0.43596354,0.8,0.3
CondAE_cell_only,NAA25,2.9870884,2.186867,0.73210657,0.60534173,0.95,0.65
CondAE_cell_only,NAA30,3.0348203,1.7014393,0.5606392,0.44978058,0.95,0.35
CondAE_cell_only,NAA35,2.0661192,1.0111215,0.489382,0.396613,0.95,0.4
CondAE_cell_only,NAA50,2.9839423,2.1337636,0.71508205,0.5992109,1.0,0.55
CondAE_cell_only,NACA,7.6045337,6.760643,0.88902795,0.8184089,1.0,0.9
CondAE_cell_only,NAF1,2.9700363,2.2477467,0.7568078,0.63095343,1.0,0.75
CondAE_cell_only,NAGLU,1.8098263,0.7099155,0.39225617,0.31362882,0.85,0.05
CondAE_cell_only,NAPG,2.050606,1.075128,0.52429765,0.4296907,0.95,0.45
CondAE_cell_only,NARS,6.890522,5.9375496,0.8616981,0.823209,1.0,0.55
CondAE_cell_only,NARS2,1.8260266,0.8105617,0.44389373,0.35839438,0.9,0.2
CondAE_cell_only,NBAS,4.2610097,3.3341897,0.78248817,0.6731261,1.0,0.6
CondAE_cell_only,NCAPD2,2.1904821,0.99355185,0.45357677,0.3916752,0.9,0.25
CondAE_cell_only,NCAPG2,3.428238,2.627551,0.7664436,0.6673464,1.0,0.6
CondAE_cell_only,NCAPH2,4.1173053,3.5056882,0.8514521,0.75593156,1.0,0.8
CondAE_cell_only,NCKAP1,2.659587,1.2790862,0.48093417,0.42440277,1.0,0.25
CondAE_cell_only,NDC1,2.7883244,1.4247327,0.51096374,0.4776826,0.95,0.2
CondAE_cell_only,NDUFA11,3.4367347,2.2881944,0.6658048,0.53503835,1.0,0.65
CondAE_cell_only,NDUFA2,5.50868,4.2635946,0.7739776,0.73915243,1.0,0.6
CondAE_cell_only,NDUFA3,5.4650493,4.3353806,0.7932921,0.67046195,0.95,0.6
CondAE_cell_only,NDUFA6,4.5166197,3.4231827,0.7579081,0.6472833,1.0,0.65
CondAE_cell_only,NDUFAB1,5.5012064,4.558226,0.82858664,0.7511729,1.0,0.6
CondAE_cell_only,NDUFAF3,2.9961205,1.5652947,0.52244055,0.4182664,0.95,0.4
CondAE_cell_only,NDUFAF5,3.2102706,1.9503945,0.6075483,0.50830805,1.0,0.65
CondAE_cell_only,NDUFAF7,4.2240095,3.453608,0.8176137,0.68027085,1.0,0.8
CondAE_cell_only,NDUFB3,3.0731711,1.8724115,0.60927665,0.48478928,0.95,0.35
CondAE_cell_only,NDUFB4,5.004232,4.020938,0.8035075,0.69230837,1.0,0.65
CondAE_cell_only,NDUFB8,4.725877,3.6320643,0.76854825,0.6540224,1.0,0.6
CondAE_cell_only,NDUFS3,4.044398,2.897085,0.71632046,0.5695714,1.0,0.55
CondAE_cell_only,NELFA,5.671689,4.11227,0.72505206,0.7023688,1.0,0.55
CondAE_cell_only,NELFB,3.2485328,2.0736604,0.63833755,0.58587986,1.0,0.35
CondAE_cell_only,NELFCD,3.6456141,2.1592271,0.59228075,0.53018916,1.0,0.4
CondAE_cell_only,NELFE,4.939256,3.2149467,0.65089697,0.63184386,1.0,0.5
CondAE_cell_only,NEMF,2.28289,0.93361676,0.40896264,0.34593123,0.9,0.2
CondAE_cell_only,NFATC2IP,2.0724843,0.8723213,0.42090613,0.35033274,0.9,0.15
CondAE_cell_only,NFKBIE,3.458813,2.0310261,0.5872032,0.5180695,0.95,0.3
CondAE_cell_only,NFRKB,2.9000826,1.9916435,0.6867541,0.5792094,1.0,0.5
CondAE_cell_only,NFS1,3.995251,3.23409,0.8094836,0.7261123,1.0,0.65
CondAE_cell_only,NFYB,2.2862356,1.1758758,0.51432836,0.4356369,1.0,0.45
CondAE_cell_only,NFYC,3.867114,2.2278283,0.5760958,0.58545756,1.0,0.2
CondAE_cell_only,NHLRC2,2.7335608,1.2083997,0.44206065,0.3733781,0.85,0.3
CondAE_cell_only,NHP2,4.230118,3.362757,0.79495585,0.6548257,1.0,0.85
CondAE_cell_only,NIFK,8.214389,7.1732244,0.87325114,0.8432977,0.95,0.75
CondAE_cell_only,NIP7,4.461738,3.622235,0.81184393,0.7013869,1.0,0.7
CondAE_cell_only,NISCH,1.959341,0.9690453,0.49457714,0.4003432,1.0,0.25
CondAE_cell_only,NKAP,9.031183,7.845423,0.8687038,0.8572922,1.0,0.7
CondAE_cell_only,NKAPD1,2.5964892,1.4408152,0.554909,0.46104234,0.95,0.25
CondAE_cell_only,NLE1,8.111597,7.1673107,0.88358814,0.843399,1.0,0.75
CondAE_cell_only,NMD3,6.0975657,5.4091673,0.8871028,0.831886,1.0,0.7
CondAE_cell_only,NOB1,3.492291,2.9014287,0.83080953,0.7198604,1.0,0.65
CondAE_cell_only,NOC3L,5.896483,5.2456985,0.88963175,0.8293203,1.0,0.75
CondAE_cell_only,NOC4L,6.1957736,5.411231,0.8733746,0.798862,1.0,0.75
CondAE_cell_only,NOL10,6.0088263,5.1590147,0.8585728,0.80926114,1.0,0.8
CondAE_cell_only,NOL11,8.723909,7.6995926,0.8825851,0.82462233,1.0,0.7
CondAE_cell_only,NOL12,5.589335,4.846804,0.8671522,0.80362844,1.0,0.8
CondAE_cell_only,NOL6,6.8523192,6.1644945,0.8996216,0.8396952,1.0,0.75
CondAE_cell_only,NOL7,2.543852,1.3865585,0.54506254,0.43240795,0.95,0.4
CondAE_cell_only,NOL8,7.2623434,6.4594913,0.88945,0.8518411,1.0,0.8
CondAE_cell_only,NOLC1,4.155679,3.3706007,0.81108296,0.738567,1.0,0.65
CondAE_cell_only,NOM1,5.4370255,4.7761354,0.8784464,0.83485174,1.0,0.8
CondAE_cell_only,NOMO1,2.405654,1.2014214,0.49941573,0.44583097,0.85,0.2
CondAE_cell_only,NOP14,6.5395284,5.9085674,0.9035158,0.8749539,1.0,0.75
CondAE_cell_only,NOP16,7.8407316,6.81438,0.86910003,0.7826186,1.0,0.8
CondAE_cell_only,NOP58,7.2462583,6.4152856,0.8853239,0.8379734,1.0,0.75
CondAE_cell_only,NOP9,2.4540231,1.2595599,0.5132632,0.41499838,0.95,0.4
CondAE_cell_only,NOS1AP,2.4504294,1.1691672,0.47712746,0.39064288,0.95,0.3
CondAE_cell_only,NPLOC4,7.7028832,6.716038,0.87188625,0.83671826,1.0,0.7
CondAE_cell_only,NPM1,4.2525434,2.6869385,0.6318427,0.64299124,1.0,0.6
CondAE_cell_only,NRBP1,3.2001288,2.1093156,0.6591346,0.5379541,0.95,0.45
CondAE_cell_only,NRDE2,3.9218519,2.8222291,0.7196165,0.6591064,1.0,0.45
CondAE_cell_only,NSA2,6.3431277,5.557381,0.87612635,0.8121292,1.0,0.75
CondAE_cell_only,NSMCE2,2.4449484,1.4875379,0.6084128,0.4790867,1.0,0.5
CondAE_cell_only,NSUN4,2.0275764,0.9275329,0.4574589,0.36086717,0.9,0.45
CondAE_cell_only,NUB1,2.3568194,1.2625668,0.5357079,0.48205197,1.0,0.4
CondAE_cell_only,NUBP2,2.4821768,1.125089,0.4532671,0.39526746,0.9,0.15
CondAE_cell_only,NUDC,3.7853131,3.0498297,0.8057008,0.68475646,1.0,0.75
CondAE_cell_only,NUDCD3,3.0324664,2.1840596,0.7202255,0.6489401,1.0,0.7
CondAE_cell_only,NUDT15,2.6026652,1.2558845,0.48253787,0.40175968,1.0,0.2
CondAE_cell_only,NUFIP1,2.635387,1.4711291,0.5582213,0.43456182,1.0,0.45
CondAE_cell_only,NUP107,5.1257577,4.395924,0.8576145,0.8348889,1.0,0.5
CondAE_cell_only,NUP133,2.4604669,1.716771,0.697742,0.619568,1.0,0.5
CondAE_cell_only,NUP153,3.5935073,2.6698313,0.74295974,0.7159417,1.0,0.45
CondAE_cell_only,NUP160,5.806134,4.989654,0.8593763,0.82403934,1.0,0.7
CondAE_cell_only,NUP214,2.4065409,1.6436344,0.6829863,0.60349184,1.0,0.45
CondAE_cell_only,NUP35,2.3977897,1.0739285,0.44788268,0.3616877,0.95,0.1
CondAE_cell_only,NUP43,1.9736569,0.9427676,0.47767553,0.38458717,1.0,0.3
CondAE_cell_only,NUP54,5.477287,4.5296607,0.8269899,0.69479454,1.0,0.65
CondAE_cell_only,NUP62,6.9928794,5.6862164,0.8131438,0.74338394,1.0,0.65
CondAE_cell_only,NUP85,2.6938374,1.9098489,0.70896965,0.6288224,1.0,0.45
CondAE_cell_only,NUP88,2.8761017,2.2578762,0.7850474,0.7424337,1.0,0.65
CondAE_cell_only,NUP98,7.5759487,6.589579,0.8698025,0.8568516,1.0,0.8
CondAE_cell_only,NUTF2,4.525183,3.6965532,0.81688476,0.7851052,1.0,0.65
CondAE_cell_only,NVL,7.5347795,6.695834,0.8886569,0.8347082,1.0,0.8
CondAE_cell_only,OGFOD1,3.2521417,2.0372636,0.62643754,0.5561011,1.0,0.5
CondAE_cell_only,OIP5,2.3759985,0.9905707,0.41690713,0.32567543,0.95,0.15
CondAE_cell_only,OLFML3,1.9158112,0.86669195,0.45238903,0.40027797,0.95,0.2
CondAE_cell_only,OPA1,3.7662854,2.9406242,0.7807757,0.6368288,0.95,0.65
CondAE_cell_only,ORC3,2.9007027,1.3795509,0.475592,0.42394698,0.85,0.3
CondAE_cell_only,ORC4,2.2697535,0.9479254,0.41763362,0.36401144,0.9,0.25
CondAE_cell_only,ORC5,2.0450494,1.0077767,0.49278846,0.40165266,0.95,0.2
CondAE_cell_only,ORC6,3.8671453,3.1340191,0.8104219,0.69750816,1.0,0.8
CondAE_cell_only,OSGEP,3.053641,1.6489887,0.54000735,0.43210042,0.95,0.5
CondAE_cell_only,OSTC,3.3538437,2.1721375,0.64765614,0.522264,1.0,0.4
CondAE_cell_only,PABPC1,9.182985,7.9236298,0.8628599,0.8943727,1.0,0.65
CondAE_cell_only,PABPC4,3.313994,1.8844886,0.5686458,0.5286428,0.9,0.4
CondAE_cell_only,PABPN1,4.774321,3.2519863,0.6811411,0.65668243,1.0,0.3
CondAE_cell_only,PAF1,9.230793,7.741477,0.83865786,0.78978664,1.0,0.6
CondAE_cell_only,PALB2,2.5757134,1.3875473,0.53870404,0.4423958,1.0,0.3
CondAE_cell_only,PAM16,7.4587865,6.6237783,0.8880504,0.8237594,1.0,0.5
CondAE_cell_only,PARN,1.8544759,0.97137153,0.5237984,0.4150713,1.0,0.5
CondAE_cell_only,PAXBP1,3.9335027,2.8105536,0.71451676,0.6620429,1.0,0.4
CondAE_cell_only,PCBP1,4.319369,3.439983,0.7964087,0.7519378,1.0,0.6
CondAE_cell_only,PCID2,2.48529,1.3654888,0.54942834,0.47867644,0.95,0.25
CondAE_cell_only,PCNA,6.6289725,5.729282,0.86427903,0.829886,1.0,0.8
CondAE_cell_only,PCNX3,2.148493,1.0646029,0.4955114,0.41570455,1.0,0.35
CondAE_cell_only,PDAP1,3.1120107,1.6402674,0.52707636,0.42780313,0.95,0.3
CondAE_cell_only,PDCD11,7.864855,7.0287514,0.8936912,0.87611246,1.0,0.8
CondAE_cell_only,PDCD5,2.0939121,1.2809232,0.6117369,0.49055347,0.95,0.4
CondAE_cell_only,PDCD6,2.7552228,1.4069778,0.51065844,0.463377,0.95,0.2
CondAE_cell_only,PDCD6IP,1.8501008,0.896543,0.48459145,0.37909722,0.95,0.35
CondAE_cell_only,PDHA1,2.4189005,1.3155801,0.5438753,0.4774543,0.95,0.5
CondAE_cell_only,PDRG1,4.4421973,3.4792078,0.7832177,0.72866774,1.0,0.65
CondAE_cell_only,PELP1,6.712279,6.0456805,0.9006897,0.8446418,1.0,0.75
CondAE_cell_only,PES1,7.502975,6.6356635,0.8844043,0.83765787,1.0,0.8
CondAE_cell_only,PET117,2.600553,1.6017714,0.6159349,0.52581453,1.0,0.45
CondAE_cell_only,PEX19,2.9326668,1.8281808,0.62338513,0.54147446,1.0,0.45
CondAE_cell_only,PFDN2,5.8189106,4.6840706,0.8049738,0.7648307,0.95,0.55
CondAE_cell_only,PFDN4,2.441734,1.2091371,0.49519604,0.41860873,1.0,0.2
CondAE_cell_only,PFDN6,3.1776664,1.7120157,0.5387651,0.44112787,1.0,0.45
CondAE_cell_only,PFN1,3.275899,1.7573131,0.5364369,0.6135436,1.0,0.45
CondAE_cell_only,PGAM1,2.8498838,1.4106072,0.49497008,0.51837254,0.9,0.2
CondAE_cell_only,PGD,3.2427683,1.6676337,0.5142624,0.412498,1.0,0.35
CondAE_cell_only,PGK1,2.341899,1.0994883,0.4694858,0.47495863,0.9,0.3
CondAE_cell_only,PGPEP1,3.665766,2.5104988,0.6848497,0.58022815,1.0,0.55
CondAE_cell_only,PGS1,3.2084532,2.0034795,0.6244378,0.47423163,1.0,0.5
CondAE_cell_only,PHB,9.429797,8.198182,0.86939114,0.8292818,1.0,0.65
CondAE_cell_only,PHB2,9.270094,8.164534,0.88073903,0.83067787,1.0,0.75
CondAE_cell_only,PHF12,2.7863822,1.519822,0.54544634,0.4527333,1.0,0.3
CondAE_cell_only,PI4KA,1.7726814,1.0858945,0.6125717,0.5242922,1.0,0.35
CondAE_cell_only,PIAS1,2.697004,1.5293891,0.56706965,0.5374962,0.9,0.3
CondAE_cell_only,PIGH,2.9868457,1.5556147,0.5208219,0.4042665,1.0,0.55
CondAE_cell_only,PITRM1,1.9630673,0.9138741,0.46553376,0.39266482,1.0,0.25
CondAE_cell_only,PLEKHN1,3.0462012,1.6747549,0.5497847,0.4239954,0.95,0.5
CondAE_cell_only,PLK1,3.485482,2.374682,0.6813066,0.6300319,0.95,0.65
CondAE_cell_only,PLK4,2.7341022,2.2893584,0.8373346,0.7770065,1.0,0.6
CondAE_cell_only,PMF1,3.8617268,3.3383014,0.8644582,0.7953709,1.0,0.85
CondAE_cell_only,PMPCA,4.31582,3.5394435,0.8201091,0.709344,1.0,0.75
CondAE_cell_only,PMPCB,5.819714,5.279735,0.90721554,0.87796605,1.0,0.6
CondAE_cell_only,PNKP,2.9738925,1.7437329,0.586347,0.48336875,0.95,0.3
CondAE_cell_only,PNN,4.2518167,3.0599618,0.71968335,0.6732837,0.95,0.65
CondAE_cell_only,PNO1,7.515352,6.6038647,0.87871665,0.85692227,1.0,0.75
CondAE_cell_only,PNPT1,4.512686,3.2756147,0.7258681,0.67247605,0.95,0.45
CondAE_cell_only,POGLUT3,0.949327,0.5434849,0.572495,0.4941494,1.0,0.3
CondAE_cell_only,POGZ,2.786352,1.4550633,0.5222109,0.4236076,0.9,0.45
CondAE_cell_only,POLA1,6.3263416,5.300513,0.837848,0.7889619,1.0,0.65
CondAE_cell_only,POLD1,7.0685563,5.9404626,0.8404068,0.78176117,1.0,0.75
CondAE_cell_only,POLD2,6.841735,5.7307677,0.83761907,0.7671486,1.0,0.65
CondAE_cell_only,POLE,7.468443,6.1796503,0.8274349,0.7530715,1.0,0.65
CondAE_cell_only,POLG2,2.8670516,1.398344,0.48772895,0.3657167,0.85,0.35
CondAE_cell_only,POLL,4.7656493,3.6939788,0.77512604,0.7215401,1.0,0.6
CondAE_cell_only,POLR1D,6.1337156,5.317062,0.86685824,0.81368446,1.0,0.8
CondAE_cell_only,POLR1E,6.502315,5.8280196,0.8962992,0.8486104,1.0,0.75
CondAE_cell_only,POLR2B,8.220969,7.236867,0.88029367,0.8697849,1.0,0.7
CondAE_cell_only,POLR2C,8.111291,7.0250583,0.86608386,0.8491508,1.0,0.65
CondAE_cell_only,POLR2E,8.471163,7.3999104,0.8735413,0.8515745,1.0,0.7
CondAE_cell_only,POLR2F,5.708194,4.81255,0.84309506,0.78836375,1.0,0.7
CondAE_cell_only,POLR2G,9.817696,8.580785,0.8740121,0.8528697,1.0,0.75
CondAE_cell_only,POLR2H,10.308628,8.647594,0.8388696,0.79522645,1.0,0.7
CondAE_cell_only,POLR2I,8.550869,7.538049,0.8815536,0.87339085,1.0,0.7
CondAE_cell_only,POLR2K,7.5864253,6.649759,0.87653387,0.84254694,0.95,0.75
CondAE_cell_only,POLR2M,2.8026521,1.7104545,0.6102985,0.5448161,1.0,0.6
CondAE_cell_only,POLR3B,4.444381,3.468827,0.7804972,0.70066774,1.0,0.6
CondAE_cell_only,POLR3C,3.664156,2.297179,0.6269326,0.5454079,1.0,0.45
CondAE_cell_only,POLR3D,5.435463,4.56809,0.84042335,0.7870905,1.0,0.45
CondAE_cell_only,POLR3E,2.67347,1.466825,0.5486596,0.44165316,0.95,0.55
CondAE_cell_only,POLR3F,3.0851068,2.0520573,0.6651495,0.5945976,1.0,0.35
CondAE_cell_only,POLR3K,3.6976974,2.2118518,0.59817004,0.55804944,0.95,0.4
CondAE_cell_only,POLRMT,5.5225143,5.3126607,0.96200037,0.80714256,1.0,0.65
CondAE_cell_only,POP1,6.382973,5.653556,0.88572454,0.8232643,1.0,0.8
CondAE_cell_only,POP4,6.5103474,5.835861,0.8963978,0.86267173,1.0,0.75
CondAE_cell_only,POP5,3.902972,3.311787,0.8485295,0.73967475,1.0,0.8
CondAE_cell_only,POP7,5.975526,5.2149897,0.87272483,0.80242455,1.0,0.75
CondAE_cell_only,PPA1,2.5124793,1.4125005,0.5621939,0.4742856,1.0,0.5
CondAE_cell_only,PPA2,3.0455315,1.8027482,0.59193224,0.46019542,0.95,0.45
CondAE_cell_only,PPAN,8.434944,7.384063,0.87541336,0.8198401,1.0,0.8
CondAE_cell_only,PPIA,2.623257,1.3792365,0.5257726,0.5061811,0.9,0.3
CondAE_cell_only,PPIL2,5.719928,4.767007,0.83340335,0.76168776,1.0,0.7
CondAE_cell_only,PPME1,2.9963443,1.8621534,0.6214751,0.49444586,1.0,0.55
CondAE_cell_only,PPP1R11,4.0964713,3.144876,0.76770365,0.6855803,1.0,0.5
CondAE_cell_only,PPP1R15B,3.9625382,2.7505598,0.6941409,0.60836756,1.0,0.45
CondAE_cell_only,PPP1R2,2.183785,1.4870942,0.68097097,0.62773246,1.0,0.45
CondAE_cell_only,PPP1R37,1.120843,0.520263,0.46417117,0.3882182,1.0,0.25
CondAE_cell_only,PPP1R8,2.8400283,1.785503,0.628692,0.55446833,1.0,0.35
CondAE_cell_only,PPP2CA,2.3964267,1.2310514,0.5137029,0.41295558,1.0,0.55
CondAE_cell_only,PPP2R1A,1.9330583,1.2549149,0.64918625,0.55095756,1.0,0.55
CondAE_cell_only,PPP2R3C,2.9446683,1.7865373,0.6067024,0.5252873,0.95,0.65
CondAE_cell_only,PPP6C,2.4193652,1.9322687,0.79866767,0.77390224,1.0,0.45
CondAE_cell_only,PPRC1,4.025551,2.994229,0.74380606,0.5751841,1.0,0.8
CondAE_cell_only,PRC1,2.201568,1.0754144,0.4884766,0.3931766,0.85,0.4
CondAE_cell_only,PRDM4,2.626531,1.2033664,0.4581581,0.3711906,0.9,0.55
CondAE_cell_only,PRELID1,7.8782907,6.8531857,0.8698823,0.80657446,1.0,0.55
CondAE_cell_only,PRELID3B,8.093668,7.477797,0.92390704,0.867797,1.0,0.6
CondAE_cell_only,PRIM1,7.350192,6.104633,0.8305406,0.7764032,1.0,0.75
CondAE_cell_only,PRIM2,5.914118,4.716811,0.7975511,0.72847015,1.0,0.6
CondAE_cell_only,PRKCA,2.9135432,1.4634994,0.50230914,0.43267012,1.0,0.3
CondAE_cell_only,PRORP,3.2150621,1.6064491,0.49966347,0.40320724,0.95,0.4
CondAE_cell_only,PRPF19,5.062123,4.0848513,0.8069443,0.7849329,1.0,0.5
CondAE_cell_only,PRPF3,8.517435,7.40605,0.8695165,0.85721725,1.0,0.7
CondAE_cell_only,PRPF31,7.5718865,6.610973,0.87309456,0.85224146,1.0,0.7
CondAE_cell_only,PRPF39,2.619714,1.7550861,0.6699533,0.5439206,1.0,0.4
CondAE_cell_only,PRPF4,7.469994,6.423202,0.8598671,0.8406487,1.0,0.75
CondAE_cell_only,PRPF40A,7.494878,5.9652295,0.7959075,0.74957347,1.0,0.6
CondAE_cell_only,PRPF4B,4.3616486,3.080446,0.7062573,0.60597676,1.0,0.6
CondAE_cell_only,PRPF8,7.399146,6.34448,0.8574611,0.82187957,1.0,0.75
CondAE_cell_only,PRRC2A,4.0957303,3.253751,0.79442513,0.7300523,1.0,0.65
CondAE_cell_only,PSAT1,2.31228,1.1839144,0.5120117,0.45858303,0.9,0.25
CondAE_cell_only,PSMA3,12.1766405,11.311218,0.92892766,0.9114783,1.0,0.7
CondAE_cell_only,PSMA4,11.405958,10.661376,0.9347199,0.93220085,1.0,0.55
CondAE_cell_only,PSMB1,7.6881657,6.801091,0.88461816,0.84090424,1.0,0.7
CondAE_cell_only,PSMB2,11.1824875,10.402342,0.930235,0.92458886,1.0,0.75
CondAE_cell_only,PSMB3,11.879647,10.920135,0.9192305,0.900108,1.0,0.65
CondAE_cell_only,PSMB5,12.717336,11.752682,0.92414653,0.92270243,1.0,0.65
CondAE_cell_only,PSMC1,11.927312,10.852343,0.9098733,0.8984601,1.0,0.6
CondAE_cell_only,PSMC4,11.1264105,10.218381,0.91838974,0.90480703,1.0,0.8
CondAE_cell_only,PSMC5,12.196046,11.267075,0.92383015,0.92666614,1.0,0.75
CondAE_cell_only,PSMD11,11.161508,10.271585,0.92026865,0.90274656,1.0,0.65
CondAE_cell_only,PSMD14,10.443808,9.686959,0.92753136,0.9088177,1.0,0.7
CondAE_cell_only,PSMD4,5.6347804,4.542447,0.8061445,0.7297763,1.0,0.65
CondAE_cell_only,PSME1,2.9218533,1.3561916,0.4641546,0.3836385,1.0,0.25
CondAE_cell_only,PSME2,2.4369998,1.1338371,0.4652594,0.40839934,0.95,0.35
CondAE_cell_only,PSMG1,2.3799803,1.1958332,0.50245506,0.46968296,0.95,0.2
CondAE_cell_only,PSMG2,3.0185103,1.3642697,0.4519679,0.35755453,0.8,0.35
CondAE_cell_only,PTCD1,2.670896,1.6896018,0.6325973,0.5121941,1.0,0.45
CondAE_cell_only,PTCD3,3.2130241,1.6423796,0.5111632,0.42167532,1.0,0.15
CondAE_cell_only,PTEN,2.4123833,1.379079,0.5716666,0.502065,1.0,0.35
CondAE_cell_only,PTGR2,2.9667213,1.428144,0.48138797,0.3901021,0.95,0.15
CondAE_cell_only,PTMA,4.3319173,2.9849555,0.68906105,0.726697,1.0,0.65
CondAE_cell_only,PTPMT1,2.5474365,1.1339195,0.4451218,0.37841213,0.8,0.2
CondAE_cell_only,PTPN1,2.0563,0.91475874,0.44485667,0.35740814,0.95,0.4
CondAE_cell_only,PTPN11,2.1654105,1.0317754,0.47648025,0.38257402,1.0,0.4
CondAE_cell_only,PUF60,4.171093,2.7731328,0.6648456,0.61100966,0.9,0.3
CondAE_cell_only,PXN,3.353547,2.4513595,0.73097515,0.62618476,1.0,0.65
CondAE_cell_only,PYROXD1,2.440845,1.4475011,0.5930328,0.4623812,0.95,0.55
CondAE_cell_only,PYURF,4.194021,3.41521,0.8143044,0.7042147,1.0,0.75
CondAE_cell_only,QARS,9.195697,8.094378,0.8802355,0.85622597,1.0,0.6
CondAE_cell_only,QRSL1,2.392809,1.243597,0.51972264,0.42863065,1.0,0.4
CondAE_cell_only,RAB4A,1.9438928,1.0365789,0.533249,0.4546979,1.0,0.35
CondAE_cell_only,RAB4B,1.3419507,0.6106678,0.45505983,0.36027178,1.0,0.3
CondAE_cell_only,RAB6A,3.4113154,2.0803506,0.60983825,0.5240666,0.9,0.5
CondAE_cell_only,RABGGTA,7.417123,6.4413943,0.8684492,0.8637444,1.0,0.6
CondAE_cell_only,RABGGTB,5.1473956,4.291624,0.8337467,0.7763383,1.0,0.8
CondAE_cell_only,RAC1,2.639205,1.274935,0.4830754,0.4039626,0.8,0.25
CondAE_cell_only,RAC3,3.8730638,3.1086233,0.80262643,0.74845153,1.0,0.55
CondAE_cell_only,RAD51,4.504777,3.6999261,0.82133394,0.7221775,1.0,0.65
CondAE_cell_only,RAD51C,3.0688848,1.7241261,0.56180865,0.46078017,1.0,0.3
CondAE_cell_only,RAD51D,2.6051042,1.1406251,0.43784243,0.35457033,0.75,0.15
CondAE_cell_only,RAD9A,2.6560853,1.516903,0.5711048,0.45886174,0.9,0.5
CondAE_cell_only,RAE1,5.603784,4.6162796,0.823779,0.74036247,0.95,0.75
CondAE_cell_only,RAMAC,3.6252515,2.317877,0.63937,0.46305194,0.95,0.55
CondAE_cell_only,RAN,5.06697,4.182879,0.8255188,0.76913255,1.0,0.65
CondAE_cell_only,RARS,6.135986,5.0778117,0.8275462,0.76789135,1.0,0.6
CondAE_cell_only,RARS2,2.768286,2.0989141,0.7581999,0.6805533,1.0,0.65
CondAE_cell_only,RBBP4,2.580681,0.9652495,0.37402898,0.3011269,0.85,0.25
CondAE_cell_only,RBBP5,5.19759,3.825788,0.7360696,0.6455254,1.0,0.5
CondAE_cell_only,RBBP8,5.041733,4.22104,0.8372201,0.7309353,1.0,0.7
CondAE_cell_only,RBM10,2.240855,1.3026096,0.58130026,0.52944946,1.0,0.3
CondAE_cell_only,RBM15,2.6989276,1.5789872,0.5850425,0.5168245,1.0,0.4
CondAE_cell_only,RBM17,4.2347484,2.6355643,0.6223662,0.55542564,0.95,0.5
CondAE_cell_only,RBM19,5.994122,5.043742,0.841448,0.75885165,1.0,0.7
CondAE_cell_only,RBM28,7.2685018,6.360159,0.8750303,0.8228219,1.0,0.8
CondAE_cell_only,RBM33,3.0499184,1.6941485,0.5554734,0.4807782,0.85,0.25
CondAE_cell_only,RBM4,3.1815329,1.676315,0.5268891,0.4342233,0.9,0.25
CondAE_cell_only,RBM42,4.3152475,3.434891,0.79598933,0.7017621,1.0,0.6
CondAE_cell_only,RBM48,2.8003404,1.7263931,0.616494,0.48733115,1.0,0.65
CondAE_cell_only,RBMX2,5.307366,4.210793,0.7933866,0.80539656,1.0,0.45
CondAE_cell_only,RBMXL1,3.0192463,1.7019181,0.5636897,0.4478279,0.95,0.4
CondAE_cell_only,RBX1,4.1425667,3.032152,0.73195004,0.6353987,1.0,0.6
CondAE_cell_only,RCC1,2.1277063,1.5241866,0.716352,0.61911523,1.0,0.4
CondAE_cell_only,RCL1,7.1070647,6.456057,0.90839994,0.8797289,1.0,0.75
CondAE_cell_only,RFC2,3.4225717,2.6224637,0.7662261,0.6424673,1.0,0.75
CondAE_cell_only,RFC3,3.6692512,2.9349546,0.79987836,0.703825,1.0,0.65
CondAE_cell_only,RFC4,4.124379,3.0881667,0.74875915,0.6250549,1.0,0.65
CondAE_cell_only,RFC5,2.6234992,1.5897387,0.6059612,0.5032619,0.95,0.3
CondAE_cell_only,RHOQ,1.4645094,0.7525291,0.51384383,0.44489408,1.0,0.25
CondAE_cell_only,RINT1,3.2096305,2.098585,0.65384,0.54835564,1.0,0.45
CondAE_cell_only,RIOK1,6.1813912,5.399834,0.87356293,0.83397937,1.0,0.8
CondAE_cell_only,RMI1,2.7569377,1.2796369,0.46415153,0.36932638,0.95,0.25
CondAE_cell_only,RNASEH2C,1.9666724,1.2581561,0.6397385,0.6696525,0.95,0.45
CondAE_cell_only,RNF103,2.9997485,1.6677693,0.5559697,0.42853242,0.95,0.4
CondAE_cell_only,RNF113A,7.4675617,6.302193,0.8439426,0.84010935,1.0,0.5
CondAE_cell_only,RNF123,2.1035423,0.86187696,0.40972647,0.33783665,0.85,0.1
CondAE_cell_only,RNF14,1.9447635,0.834832,0.42927173,0.33517572,0.95,0.2
CondAE_cell_only,RNF8,1.4187824,0.578678,0.4078695,0.33894002,1.0,0.2
CondAE_cell_only,RNGTT,2.5256832,1.5088092,0.5973866,0.50500894,1.0,0.25
CondAE_cell_only,RNPC3,3.728963,2.4496176,0.6569166,0.57815564,1.0,0.6
CondAE_cell_only,ROMO1,3.381459,2.1070855,0.62312907,0.48357084,1.0,0.45
CondAE_cell_only,RPA1,7.9715743,6.735489,0.84493834,0.78688264,1.0,0.75
CondAE_cell_only,RPA2,8.846294,7.50687,0.8485892,0.8041227,1.0,0.7
CondAE_cell_only,RPA3,5.558235,4.626186,0.832312,0.7825235,1.0,0.7
CondAE_cell_only,RPAP1,9.053667,7.8855286,0.8709762,0.8376741,0.95,0.75
CondAE_cell_only,RPAP2,8.580495,7.489939,0.8729029,0.8167224,1.0,0.8
CondAE_cell_only,RPAP3,3.8152003,2.6794307,0.70230407,0.62461764,1.0,0.55
CondAE_cell_only,RPF1,6.757993,5.888906,0.8713986,0.8209813,1.0,0.7
CondAE_cell_only,RPIA,2.5160086,1.4176719,0.56346065,0.48481816,1.0,0.25
CondAE_cell_only,RPL10,10.042094,8.611506,0.8575409,0.8835898,1.0,0.6
CondAE_cell_only,RPL10A,9.833056,8.625679,0.8772124,0.8740452,1.0,0.7
CondAE_cell_only,RPL11,8.354897,7.1488996,0.8556539,0.843246,1.0,0.75
CondAE_cell_only,RPL13,10.019,8.148376,0.8132924,0.8385513,1.0,0.65
CondAE_cell_only,RPL14,10.927844,9.214715,0.84323263,0.86312735,1.0,0.55
CondAE_cell_only,RPL15,9.132358,7.905616,0.86567086,0.8305203,1.0,0.5
CondAE_cell_only,RPL17,11.065269,9.306832,0.841085,0.86957383,1.0,0.55
CondAE_cell_only,RPL18,10.149169,8.680024,0.8552448,0.85155946,1.0,0.65
CondAE_cell_only,RPL18A,9.051449,7.8080654,0.86263156,0.82276666,1.0,0.65
CondAE_cell_only,RPL23,10.120117,8.785502,0.8681226,0.86737233,1.0,0.6
CondAE_cell_only,RPL23A,10.681197,9.130889,0.8548563,0.8458205,1.0,0.6
CondAE_cell_only,RPL24,9.356082,8.283424,0.88535184,0.87331635,1.0,0.75
CondAE_cell_only,RPL26,8.648739,7.547,0.8726128,0.840485,1.0,0.7
CondAE_cell_only,RPL27A,9.2276,7.9915957,0.8660535,0.8337499,1.0,0.6
CondAE_cell_only,RPL28,3.6694295,2.3891027,0.6510829,0.55724037,1.0,0.6
CondAE_cell_only,RPL29,4.3226657,1.7581253,0.4067225,0.4950414,1.0,0.3
CondAE_cell_only,RPL30,10.676313,9.192085,0.8609793,0.86730707,1.0,0.6
CondAE_cell_only,RPL31,9.980876,8.569578,0.8585998,0.8499995,1.0,0.5
CondAE_cell_only,RPL32,10.38073,8.8306055,0.8506729,0.86685485,1.0,0.55
CondAE_cell_only,RPL34,10.675786,9.022748,0.84516007,0.8612795,1.0,0.65
CondAE_cell_only,RPL35,9.82529,8.474822,0.86255187,0.85689276,1.0,0.6
CondAE_cell_only,RPL35A,9.7720175,8.405758,0.8601865,0.863241,1.0,0.6
CondAE_cell_only,RPL36,10.6323395,9.148943,0.8604826,0.8555232,1.0,0.55
CondAE_cell_only,RPL36A,4.1270814,2.9814203,0.72240406,0.7140164,1.0,0.8
CondAE_cell_only,RPL37A,10.386874,8.72886,0.8403741,0.8519202,1.0,0.5
CondAE_cell_only,RPL38,10.023395,8.568605,0.8548606,0.82486033,1.0,0.6
CondAE_cell_only,RPL4,9.933278,8.618949,0.86768425,0.86459184,1.0,0.75
CondAE_cell_only,RPL41,1.7619928,0.8042956,0.4564693,0.37625846,0.65,0.25
CondAE_cell_only,RPL5,9.132043,8.061619,0.8827837,0.87493855,1.0,0.65
CondAE_cell_only,RPL6,10.028546,8.636352,0.8611768,0.8395274,1.0,0.55
CondAE_cell_only,RPL7,10.189982,8.780101,0.86164045,0.851253,1.0,0.7
CondAE_cell_only,RPL7L1,8.2286825,7.235623,0.8793173,0.8367186,1.0,0.8
CondAE_cell_only,RPL8,10.088408,8.604735,0.8529329,0.83661205,1.0,0.65
CondAE_cell_only,RPL9,9.974445,8.680896,0.87031364,0.8375464,1.0,0.7
CondAE_cell_only,RPLP0,9.099444,8.061928,0.88598025,0.8888042,1.0,0.65
CondAE_cell_only,RPP14,6.7922993,6.0542192,0.8913358,0.85377663,1.0,0.8
CondAE_cell_only,RPP21,2.09347,1.175157,0.561344,0.4563178,1.0,0.5
CondAE_cell_only,RPP30,6.224553,5.5107923,0.8853314,0.84593314,1.0,0.65
CondAE_cell_only,RPP40,5.890893,4.939625,0.83851886,0.7477576,1.0,0.7
CondAE_cell_only,RPS11,8.212224,7.162092,0.87212574,0.8383719,1.0,0.65
CondAE_cell_only,RPS12,7.557144,6.566714,0.8689412,0.8523834,1.0,0.75
CondAE_cell_only,RPS13,8.168534,7.352567,0.9001085,0.89816314,1.0,0.75
CondAE_cell_only,RPS14,7.082369,6.2821164,0.8870078,0.856522,1.0,0.75
CondAE_cell_only,RPS15,7.2382135,6.280369,0.86766833,0.8585394,1.0,0.65
CondAE_cell_only,RPS15A,8.318317,7.2444873,0.8709078,0.8431782,1.0,0.6
CondAE_cell_only,RPS18,11.096683,9.081669,0.81841296,0.8566703,1.0,0.7
CondAE_cell_only,RPS19,9.852957,8.459527,0.8585775,0.8438524,1.0,0.75
CondAE_cell_only,RPS19BP1,5.8141565,5.159921,0.88747543,0.81942797,1.0,0.7
CondAE_cell_only,RPS2,7.271668,6.468137,0.88949835,0.8805828,1.0,0.8
CondAE_cell_only,RPS20,8.353264,7.404978,0.8864772,0.86693966,1.0,0.65
CondAE_cell_only,RPS21,5.964163,5.016919,0.8411774,0.7468678,1.0,0.75
CondAE_cell_only,RPS24,9.098284,7.6952357,0.8457898,0.8809658,1.0,0.75
CondAE_cell_only,RPS26,7.880711,6.983647,0.8861696,0.8839504,1.0,0.7
CondAE_cell_only,RPS27,3.2861266,1.4715016,0.4477921,0.53596884,1.0,0.2
CondAE_cell_only,RPS27A,8.519187,7.5663013,0.8881483,0.8919498,1.0,0.6
CondAE_cell_only,RPS28,8.108038,7.031463,0.8672213,0.81530416,1.0,0.65
CondAE_cell_only,RPS3,9.042701,7.985998,0.883143,0.8643511,1.0,0.7
CondAE_cell_only,RPS3A,8.746764,7.7164593,0.88220733,0.8690599,1.0,0.7
CondAE_cell_only,RPS4X,5.469515,4.6752405,0.85478157,0.7905515,1.0,0.7
CondAE_cell_only,RPS6,9.426762,8.112604,0.8605929,0.8946082,1.0,0.65
CondAE_cell_only,RPS7,8.453964,7.5884366,0.8976187,0.88208216,1.0,0.7
CondAE_cell_only,RPS8,9.37697,8.023556,0.8556661,0.8764229,1.0,0.65
CondAE_cell_only,RPS9,8.2843485,7.3784065,0.89064413,0.8734364,1.0,0.7
CondAE_cell_only,RPSA,8.756517,7.701211,0.87948334,0.8625644,1.0,0.65
CondAE_cell_only,RPUSD3,2.6484165,1.9432636,0.73374546,0.61690575,1.0,0.7
CondAE_cell_only,RPUSD4,3.149464,1.756521,0.5577206,0.44067162,1.0,0.35
CondAE_cell_only,RRN3,5.025676,4.128981,0.8215773,0.75973374,1.0,0.7
CondAE_cell_only,RRP12,7.4894366,6.739126,0.8998175,0.84945166,1.0,0.7
CondAE_cell_only,RRP15,3.0901313,2.0768783,0.67210037,0.550839,1.0,0.5
CondAE_cell_only,RRP7A,6.4164085,5.605379,0.8736007,0.83000845,1.0,0.7
CondAE_cell_only,RRP9,2.9665956,2.3509305,0.7924674,0.6726905,0.95,0.65
CondAE_cell_only,RRS1,8.167405,7.344589,0.89925617,0.867642,1.0,0.8
CondAE_cell_only,RSL24D1,7.563947,6.5839105,0.87043315,0.80502504,1.0,0.9
CondAE_cell_only,RTCB,2.7636282,1.3668376,0.49458086,0.37396687,0.95,0.25
CondAE_cell_only,RTEL1,1.162008,0.5352422,0.46061832,0.38087574,0.9,0.3
CondAE_cell_only,RTRAF,2.362303,1.4340824,0.6070696,0.58717597,1.0,0.6
CondAE_cell_only,RTTN,2.7683623,1.2539352,0.452952,0.38207898,0.8,0.15
CondAE_cell_only,RUVBL1,10.654391,9.097927,0.85391337,0.82519126,1.0,0.75
CondAE_cell_only,RUVBL2,11.064944,9.339515,0.8440634,0.80656505,1.0,0.75
CondAE_cell_only,S100A1,2.60043,1.285449,0.4943217,0.42061356,0.95,0.3
CondAE_cell_only,SAE1,3.6244586,2.0152874,0.5560244,0.49122256,0.8,0.3
CondAE_cell_only,SAMD4B,3.238288,2.181848,0.6737659,0.5239598,1.0,0.6
CondAE_cell_only,SAP18,2.8488398,1.3150572,0.46161148,0.39447448,0.95,0.3
CondAE_cell_only,SARS2,3.054932,1.79145,0.5864124,0.45884213,1.0,0.6
CondAE_cell_only,SART1,9.582974,8.567726,0.8940571,0.87888783,1.0,0.65
CondAE_cell_only,SART3,3.5399268,2.927304,0.82693917,0.8156492,0.95,0.55
CondAE_cell_only,SASS6,2.51345,1.5613422,0.6211949,0.50217223,1.0,0.5
CondAE_cell_only,SBNO1,2.5783646,1.3726988,0.53239125,0.44585395,0.85,0.25
CondAE_cell_only,SCAF1,4.845561,3.997715,0.8250262,0.7944086,1.0,0.75
CondAE_cell_only,SCAP,2.9373188,2.2182732,0.7552034,0.64798796,1.0,0.65
CondAE_cell_only,SCD,4.5182295,3.4027662,0.7531194,0.72688407,0.95,0.75
CondAE_cell_only,SCFD1,5.8278937,4.775618,0.8194415,0.75615984,1.0,0.6
CondAE_cell_only,SDAD1,7.7064342,6.821965,0.88522977,0.83587205,1.0,0.8
CondAE_cell_only,SDC1,4.3620005,3.5461168,0.8129566,0.6909128,1.0,0.75
CondAE_cell_only,SDHAF2,2.329146,1.102525,0.4733602,0.44714263,0.85,0.25
CondAE_cell_only,SDHC,3.0642931,1.654233,0.5398416,0.4605335,1.0,0.5
CondAE_cell_only,SDR39U1,4.1857967,3.1250923,0.74659437,0.61527324,1.0,0.75
CondAE_cell_only,SEC61B,3.6663785,2.5835092,0.7046488,0.61522824,1.0,0.55
CondAE_cell_only,SEC61G,8.160151,7.076626,0.86721754,0.8355765,1.0,0.55
CondAE_cell_only,SEH1L,2.9285698,2.0148096,0.68798417,0.6034048,1.0,0.45
CondAE_cell_only,SEM1,3.455617,2.5058026,0.725139,0.6661232,1.0,0.5
CondAE_cell_only,SEPHS2,2.395524,0.9220493,0.38490504,0.3360763,0.95,0.25
CondAE_cell_only,SEPSECS,2.3072917,1.0299771,0.44640088,0.35231066,0.95,0.25
CondAE_cell_only,SERPINB1,2.6639295,1.3960938,0.5240731,0.46846843,0.95,0.2
CondAE_cell_only,SETD1A,6.821001,5.8240175,0.8538362,0.80446935,1.0,0.65
CondAE_cell_only,SETD5,3.2378068,2.2647207,0.69946134,0.63799995,1.0,0.55
CondAE_cell_only,SETDB1,2.2730646,1.0167711,0.4473129,0.37400538,1.0,0.25
CondAE_cell_only,SETX,2.2649374,1.1903975,0.52557635,0.46627405,0.95,0.2
CondAE_cell_only,SF3B3,10.680645,9.519383,0.8912742,0.90113056,1.0,0.65
CondAE_cell_only,SF3B4,7.6689167,6.334918,0.82605124,0.78985476,1.0,0.75
CondAE_cell_only,SF3B5,9.950703,8.749232,0.87925774,0.88110363,1.0,0.55
CondAE_cell_only,SHC1,2.1718717,0.83003336,0.38217422,0.31296408,1.0,0.1
CondAE_cell_only,SHOC2,3.412278,2.2171524,0.64975727,0.6210808,1.0,0.35
CondAE_cell_only,SHQ1,1.4659641,0.81692994,0.5572646,0.51452684,0.95,0.3
CondAE_cell_only,SKA3,3.8517194,3.1251462,0.81136394,0.7189973,1.0,0.65
CondAE_cell_only,SKP1,4.592577,3.4225528,0.7452358,0.6919464,1.0,0.65
CondAE_cell_only,SLBP,4.1405554,3.217315,0.777025,0.712812,1.0,0.6
CondAE_cell_only,SLC16A5,4.617712,3.6281905,0.7857117,0.7067475,1.0,0.7
CondAE_cell_only,SLC1A5,0.81171,0.36651698,0.45153686,0.3807764,0.95,0.5
CondAE_cell_only,SLC2A8,3.8835845,3.1316166,0.8063727,0.70761377,1.0,0.8
CondAE_cell_only,SLC39A7,5.044678,4.172013,0.82701266,0.7172152,1.0,0.75
CondAE_cell_only,SLC39A9,2.5565164,1.3152131,0.5144552,0.44250122,0.9,0.3
CondAE_cell_only,SLC7A6OS,6.5316954,5.599188,0.85723346,0.79472655,1.0,0.8
CondAE_cell_only,SLU7,4.551432,4.080825,0.8966024,0.88644975,1.0,0.7
CondAE_cell_only,SMC1A,5.0083027,3.6258066,0.72395915,0.6653435,0.95,0.45
CondAE_cell_only,SMC5,1.8915925,0.84169036,0.4449639,0.37577114,0.8,0.25
CondAE_cell_only,SMC6,2.934146,1.8482007,0.6298939,0.48477274,1.0,0.65
CondAE_cell_only,SMG5,6.217179,5.9701643,0.96026903,0.9541737,1.0,0.85
CondAE_cell_only,SMG7,6.5312924,5.888378,0.901564,0.79547757,1.0,0.95
CondAE_cell_only,SMN2,6.927236,6.1396317,0.88630325,0.8943395,1.0,0.6
CondAE_cell_only,SMNDC1,5.1867113,4.036536,0.7782458,0.73766106,1.0,0.4
CondAE_cell_only,SMUG1,2.9109807,2.0276577,0.69655484,0.55513173,1.0,0.7
CondAE_cell_only,SNAPC2,5.05814,3.912398,0.77348554,0.7420444,1.0,0.3
CondAE_cell_only,SNAPC3,1.8777555,0.93559146,0.4982499,0.3981636,0.9,0.4
CondAE_cell_only,SNAPC5,2.4249907,1.0896394,0.44933757,0.36411583,1.0,0.1
CondAE_cell_only,SNRNP200,6.40802,5.4921126,0.8570686,0.8580716,1.0,0.65
CondAE_cell_only,SNRNP25,3.2413626,1.9031659,0.58715,0.5141162,0.85,0.35
CondAE_cell_only,SNRNP27,4.0343847,2.8562613,0.7079794,0.597519,0.95,0.5
CondAE_cell_only,SNRNP35,5.269858,4.088704,0.7758661,0.68299377,1.0,0.7
CondAE_cell_only,SNRNP40,2.8012505,1.7822044,0.6362174,0.55889356,1.0,0.45
CondAE_cell_only,SNRNP48,4.5149655,3.5689013,0.79046035,0.69597113,0.95,0.65
CondAE_cell_only,SNRNP70,7.5070047,5.943817,0.79176944,0.7718908,1.0,0.5
CondAE_cell_only,SNRPA1,7.831105,6.6533604,0.8496068,0.8172648,1.0,0.7
CondAE_cell_only,SNRPB,8.359874,7.3363767,0.8775703,0.8301559,1.0,0.7
CondAE_cell_only,SNRPC,5.2667775,4.0161724,0.7625483,0.7218505,1.0,0.7
CondAE_cell_only,SNRPD1,9.841963,8.723103,0.8863174,0.8540022,1.0,0.75
CondAE_cell_only,SNRPD3,9.660367,8.562394,0.8863425,0.8478017,1.0,0.65
CondAE_cell_only,SNRPE,9.868652,8.670875,0.878628,0.8552613,1.0,0.7
CondAE_cell_only,SNRPF,10.044484,8.748601,0.87098557,0.8433106,1.0,0.65
CondAE_cell_only,SNUPN,2.576783,1.2975558,0.5035565,0.44280702,1.0,0.3
CondAE_cell_only,SOD2,2.4949462,1.0780383,0.4320888,0.35808256,0.95,0.25
CondAE_cell_only,SP1,2.926917,1.7477548,0.59713167,0.50074553,0.95,0.25
CondAE_cell_only,SPAG7,3.0394552,1.6754587,0.5512365,0.4415428,1.0,0.25
CondAE_cell_only,SPATA5L1,4.1184993,3.0967956,0.7519233,0.6404071,1.0,0.6
CondAE_cell_only,SPC25,7.9739327,6.945315,0.87100244,0.8217677,1.0,0.75
CondAE_cell_only,SPCS3,3.4369016,2.4568155,0.7148344,0.6334628,1.0,0.7
CondAE_cell_only,SPG7,2.6187878,1.1552321,0.44113237,0.35629043,1.0,0.35
CondAE_cell_only,SPOUT1,6.0911646,5.176177,0.84978443,0.76883376,1.0,0.65
CondAE_cell_only,SPRTN,2.7012708,1.2405828,0.45925897,0.38276875,0.9,0.25
CondAE_cell_only,SPTSSA,2.5142415,0.9652421,0.38390985,0.3188842,0.85,0.05
CondAE_cell_only,SRA1,1.5356357,0.7811578,0.5086869,0.41071212,1.0,0.2
CondAE_cell_only,SRBD1,2.3318732,1.8311338,0.78526306,0.6857817,1.0,0.7
CondAE_cell_only,SRF,2.7066197,1.270021,0.4692277,0.39204955,1.0,0.25
CondAE_cell_only,SRFBP1,6.600271,5.7155247,0.865953,0.80825514,1.0,0.65
CondAE_cell_only,SRP14,2.451885,1.518727,0.619412,0.5430439,1.0,0.2
CondAE_cell_only,SRP54,7.320365,6.4186754,0.8768245,0.87034184,1.0,0.7
CondAE_cell_only,SRP68,5.7868466,4.747572,0.82040745,0.80435103,1.0,0.65
CondAE_cell_only,SRP72,3.4957786,2.7208652,0.77832884,0.7343589,1.0,0.35
CondAE_cell_only,SRP9,2.177329,1.1804802,0.542169,0.46110705,1.0,0.35
CondAE_cell_only,SRPRB,2.8635526,2.0423276,0.71321464,0.6171539,1.0,0.5
CondAE_cell_only,SRRM1,3.1358218,1.8198962,0.580357,0.49209777,1.0,0.45
CondAE_cell_only,SRRM2,3.330313,1.9928417,0.59839475,0.5315301,1.0,0.2
CondAE_cell_only,SRSF1,5.5885625,3.813303,0.68234056,0.5908199,1.0,0.55
CondAE_cell_only,SRSF6,2.1997156,1.2480431,0.56736565,0.46566892,0.95,0.4
CondAE_cell_only,SRSF7,5.521056,4.657491,0.843587,0.7826686,1.0,0.85
CondAE_cell_only,SS18L2,3.179091,1.9726206,0.6204983,0.50036526,1.0,0.55
CondAE_cell_only,SSBP3,1.283071,0.58596134,0.4566866,0.39340916,0.85,0.15
CondAE_cell_only,SSU72,3.3172016,2.4502316,0.7386441,0.69504875,1.0,0.6
CondAE_cell_only,STAT5B,3.1810682,2.4382741,0.7664954,0.7157688,1.0,0.55
CondAE_cell_only,STIL,2.6517859,2.0632932,0.7780769,0.7072401,1.0,0.65
CondAE_cell_only,STRAP,3.6580126,2.6736615,0.7309055,0.64653486,0.95,0.55
CondAE_cell_only,STRIP1,3.0739992,1.7804372,0.5791925,0.47195122,0.95,0.55
CondAE_cell_only,STT3B,2.6691363,1.2434344,0.4658565,0.41738832,0.95,0.2
CondAE_cell_only,STX5,3.2808726,2.189808,0.6674468,0.5861209,1.0,0.35
CondAE_cell_only,STXBP4,2.2225313,1.2272856,0.55220175,0.49922526,0.9,0.4
CondAE_cell_only,SUDS3,4.6037226,2.7901685,0.6060679,0.5824088,0.95,0.3
CondAE_cell_only,SUGT1,3.721862,2.152126,0.5782391,0.5207446,1.0,0.55
CondAE_cell_only,SUMO2,3.2298703,1.5071288,0.46662208,0.4090776,0.9,0.15
CondAE_cell_only,SUPT16H,4.5403447,3.7690895,0.8301329,0.7239186,1.0,0.85
CondAE_cell_only,SUPT20H,3.3212209,2.1933498,0.6604047,0.6413956,0.9,0.35
CondAE_cell_only,SURF6,7.0395627,6.1694565,0.87639767,0.81532395,1.0,0.75
CondAE_cell_only,SYMPK,7.7410927,6.219617,0.80345464,0.7690725,1.0,0.55
CondAE_cell_only,SYS1,3.8779187,3.214332,0.8288807,0.71171916,1.0,0.65
CondAE_cell_only,TACC3,3.6205525,2.7686002,0.76469,0.67854494,1.0,0.65
CondAE_cell_only,TADA1,3.43288,2.280922,0.66443396,0.6090842,1.0,0.35
CondAE_cell_only,TADA2B,3.570446,2.050567,0.57431674,0.51191324,0.85,0.45
CondAE_cell_only,TADA3,3.2110271,1.5548633,0.48422617,0.36864328,0.9,0.35
CondAE_cell_only,TAF10,6.1041,4.9876046,0.81709087,0.75849164,0.95,0.65
CondAE_cell_only,TAF11,3.0204148,1.5371188,0.5089098,0.43222898,1.0,0.4
CondAE_cell_only,TAF12,6.9454713,5.720748,0.8236659,0.7594415,1.0,0.65
CondAE_cell_only,TAF13,3.5028448,2.4427416,0.6973594,0.6655214,1.0,0.45
CondAE_cell_only,TAF1B,2.7834961,1.7084051,0.6137624,0.50393456,1.0,0.45
CondAE_cell_only,TAF1C,3.602113,2.5621552,0.7112923,0.5720462,1.0,0.75
CondAE_cell_only,TAF1D,2.8390155,2.2307844,0.78575987,0.6930325,1.0,0.6
CondAE_cell_only,TAF2,7.579458,6.022987,0.7946461,0.74519783,0.9,0.55
CondAE_cell_only,TAF3,3.886852,2.5627255,0.6593319,0.5882012,0.95,0.55
CondAE_cell_only,TAF5,6.4834256,5.3139567,0.81962174,0.7540643,1.0,0.5
CondAE_cell_only,TAF6,4.0202837,2.7782946,0.6910693,0.6074811,1.0,0.65
CondAE_cell_only,TAF6L,3.2337847,1.7951148,0.55511266,0.48596203,0.95,0.3
CondAE_cell_only,TAF7,6.3117795,4.8990083,0.7761691,0.7275609,1.0,0.4
CondAE_cell_only,TAF8,7.954769,6.5124183,0.818681,0.7921437,1.0,0.65
CondAE_cell_only,TAMM41,2.989592,1.6748075,0.56021273,0.51733273,1.0,0.4
CondAE_cell_only,TARS,4.721358,3.8881495,0.8235236,0.6956264,1.0,0.75
CondAE_cell_only,TARS2,3.8028927,3.0141432,0.7925922,0.76298404,1.0,0.5
CondAE_cell_only,TAZ,2.349884,1.1587268,0.49309957,0.43095455,0.85,0.15
CondAE_cell_only,TBCA,1.9228299,0.9239189,0.48049957,0.3666662,1.0,0.35
CondAE_cell_only,TBCB,4.7123394,3.655391,0.77570623,0.73326594,1.0,0.45
CondAE_cell_only,TBCD,2.5055203,1.582329,0.6315371,0.5229897,1.0,0.65
CondAE_cell_only,TBP,2.6812782,1.601078,0.5971324,0.49122626,0.95,0.45
CondAE_cell_only,TBPL1,2.392343,1.1232612,0.46952346,0.43580273,0.9,0.25
CondAE_cell_only,TCERG1,3.8528304,2.2751215,0.5905065,0.50152344,0.95,0.35
CondAE_cell_only,TCOF1,2.9750855,1.932734,0.64963984,0.64442784,0.9,0.35
CondAE_cell_only,TEAD3,2.0539668,1.0495644,0.51099384,0.4034859,0.95,0.45
CondAE_cell_only,TEN1,2.726634,1.515701,0.5558872,0.4337038,1.0,0.5
CondAE_cell_only,TERF2,6.1607814,5.388713,0.8746801,0.80393887,1.0,0.85
CondAE_cell_only,TEX10,6.2831783,5.6409755,0.89779013,0.864713,1.0,0.8
CondAE_cell_only,TFAM,1.3565681,1.2135675,0.8945865,0.86048114,1.0,0.4
CondAE_cell_only,TFB1M,2.7362351,1.5256258,0.55756384,0.4819748,0.95,0.4
CondAE_cell_only,TFDP1,1.8496147,1.2313381,0.66572684,0.6052187,1.0,0.45
CondAE_cell_only,TFRC,3.7719295,2.8552716,0.75697905,0.64706504,1.0,0.75
CondAE_cell_only,TGS1,2.9333897,1.7555833,0.5984828,0.5210261,1.0,0.3
CondAE_cell_only,THAP1,5.718785,5.242643,0.9167407,0.8873227,1.0,0.75
CondAE_cell_only,THAP11,2.4080286,1.260617,0.5235058,0.4540694,0.9,0.45
CondAE_cell_only,THOC1,4.2339025,2.7006333,0.6378591,0.5706828,1.0,0.4
CondAE_cell_only,THOC2,7.573121,6.2914147,0.8307559,0.82039595,1.0,0.5
CondAE_cell_only,THOC3,3.6890426,2.2751656,0.61673605,0.5056834,1.0,0.45
CondAE_cell_only,THOC5,3.8526134,2.9284601,0.760123,0.7003064,0.95,0.55
CondAE_cell_only,THOC6,2.355453,1.2611126,0.5354013,0.44594488,0.95,0.3
CondAE_cell_only,THOC7,1.6186626,0.9797086,0.6052581,0.51291585,0.95,0.3
CondAE_cell_only,THRAP3,2.7184277,1.3983753,0.5144059,0.42406577,0.9,0.15
CondAE_cell_only,TIGD1,2.4874241,1.1983389,0.48175895,0.4077796,0.95,0.3
CondAE_cell_only,TIMM10,2.6811867,1.4809574,0.5523515,0.44783485,1.0,0.35
CondAE_cell_only,TIMM13,3.4981098,2.7525847,0.78687775,0.6791639,1.0,0.6
CondAE_cell_only,TIMM23B,5.9249,5.3430233,0.9017913,0.8728824,1.0,0.65
CondAE_cell_only,TIMM44,7.7842402,6.7800403,0.87099576,0.8058862,1.0,0.7
CondAE_cell_only,TIMM8A,2.0676436,0.9323688,0.45093304,0.3534852,0.9,0.4
CondAE_cell_only,TIMM9,3.3537204,2.2573488,0.67308795,0.5648947,0.95,0.55
CondAE_cell_only,TINF2,3.4830987,2.6723034,0.76722014,0.65189123,1.0,0.65
CondAE_cell_only,TLCD1,2.1713848,1.365585,0.62890047,0.49920326,1.0,0.45
CondAE_cell_only,TM7SF2,2.3157058,0.9609722,0.41498026,0.35938835,1.0,0.1
CondAE_cell_only,TMA16,6.14994,5.1950316,0.8447288,0.750928,1.0,0.75
CondAE_cell_only,TMED10,3.915462,2.479942,0.63337153,0.5629186,1.0,0.6
CondAE_cell_only,TMEM127,2.5573764,1.1048107,0.43200943,0.4081461,0.8,0.15
CondAE_cell_only,TMEM199,3.309286,2.0986736,0.63417715,0.5059929,1.0,0.7
CondAE_cell_only,TMEM214,1.5804188,1.0328025,0.6534992,0.54652464,1.0,0.45
CondAE_cell_only,TMEM242,2.313225,1.7326934,0.749038,0.6750783,1.0,0.45
CondAE_cell_only,TMSB10,3.828079,2.0950346,0.5472809,0.64200246,0.9,0.25
CondAE_cell_only,TMX2,3.5869427,2.824081,0.7873226,0.7202648,1.0,0.55
CondAE_cell_only,TNPO3,5.615362,4.301425,0.7660102,0.68182975,1.0,0.6
CondAE_cell_only,TNRC6A,2.5135493,1.3999025,0.5569425,0.50973785,1.0,0.35
CondAE_cell_only,TOE1,2.7108662,1.291098,0.4762677,0.40495437,0.95,0.3
CondAE_cell_only,TOMM22,4.4783726,3.8316317,0.85558575,0.75358903,1.0,0.75
CondAE_cell_only,TOMM40,3.7983494,2.7125344,0.71413505,0.5766051,1.0,0.6
CondAE_cell_only,TOP3A,2.5700555,1.0860924,0.4225949,0.33826435,0.85,0.5
CondAE_cell_only,TOPBP1,4.039427,3.003557,0.7435602,0.64351296,1.0,0.75
CondAE_cell_only,TP53I13,2.9389684,1.887974,0.6423934,0.51062584,0.95,0.6
CondAE_cell_only,TP53RK,5.0744176,4.027345,0.79365665,0.6938594,1.0,0.55
CondAE_cell_only,TPR,3.8538642,2.8262525,0.73335546,0.6687761,1.0,0.55
CondAE_cell_only,TPRKB,5.0269666,4.219361,0.83934534,0.7439785,0.95,0.75
CondAE_cell_only,TPT1,6.2528367,4.6327343,0.74090123,0.78235686,1.0,0.65
CondAE_cell_only,TPX2,5.903584,5.2437344,0.88822895,0.84626466,1.0,0.55
CondAE_cell_only,TRA2B,3.2572343,2.2353902,0.6862847,0.5531417,1.0,0.45
CondAE_cell_only,TRAIP,1.8138866,1.0111619,0.55745596,0.45141062,1.0,0.35
CondAE_cell_only,TRAPPC1,3.5547402,2.2407944,0.630368,0.52861625,0.95,0.45
CondAE_cell_only,TRAPPC11,1.3938531,0.84207165,0.6041323,0.5113174,0.95,0.35
CondAE_cell_only,TRAPPC3,2.1553123,1.0289329,0.4773939,0.3866616,0.95,0.35
CondAE_cell_only,TRAPPC4,3.0185783,1.5844605,0.5249029,0.45797768,1.0,0.45
CondAE_cell_only,TRAPPC5,3.0786712,2.3729882,0.77078325,0.68532175,1.0,0.55
CondAE_cell_only,TRAPPC8,2.866423,1.6689364,0.58223665,0.48555788,1.0,0.4
CondAE_cell_only,TRIAP1,3.0549395,1.7438388,0.57082593,0.44892278,1.0,0.6
CondAE_cell_only,TRMT112,5.912744,5.1221185,0.8662845,0.83136797,1.0,0.75
CondAE_cell_only,TRMT5,3.503912,2.2777047,0.6500462,0.52591324,1.0,0.55
CondAE_cell_only,TRMT6,3.0334687,1.5783672,0.5203176,0.4274656,1.0,0.3
CondAE_cell_only,TRNT1,4.0908856,3.5786374,0.87478304,0.8458043,1.0,0.55
CondAE_cell_only,TSEN2,3.472371,2.6095688,0.7515236,0.6525405,1.0,0.6
CondAE_cell_only,TSEN54,2.569963,1.2599938,0.49027702,0.38136658,0.9,0.3
CondAE_cell_only,TSFM,2.8732748,1.6533271,0.5754156,0.5189937,0.95,0.6
CondAE_cell_only,TSR1,5.324223,4.815615,0.9044728,0.8711026,1.0,0.8
CondAE_cell_only,TSR2,8.03054,7.1511297,0.8904917,0.88407934,1.0,0.75
CondAE_cell_only,TTC1,2.100767,1.2344444,0.5876161,0.45173642,1.0,0.55
CondAE_cell_only,TTC27,3.6053329,2.246762,0.6231774,0.51978666,1.0,0.75
CondAE_cell_only,TTC4,3.258736,2.2364144,0.6862828,0.50917816,1.0,0.8
CondAE_cell_only,TTI1,4.2002077,2.985268,0.71074295,0.6306904,1.0,0.6
CondAE_cell_only,TTK,6.609605,6.046728,0.91483957,0.8810975,1.0,0.8
CondAE_cell_only,TUBA1B,3.4629188,1.9644539,0.56728274,0.6361854,0.85,0.55
CondAE_cell_only,TUBB,3.19895,1.8364062,0.5740653,0.6022873,0.95,0.35
CondAE_cell_only,TUBB2A,2.306239,1.4012247,0.60758007,0.54928786,0.95,0.55
CondAE_cell_only,TUBD1,2.5931535,1.6034077,0.6183235,0.5327556,0.95,0.45
CondAE_cell_only,TUBE1,2.22133,0.9724447,0.4377759,0.34731638,0.95,0.05
CondAE_cell_only,TUBG1,1.9133879,1.0072025,0.52639747,0.48273,1.0,0.6
CondAE_cell_only,TUBGCP2,3.0612082,1.9971828,0.6524165,0.57577395,1.0,0.5
CondAE_cell_only,TUBGCP4,3.1424959,1.9188181,0.6106032,0.5400724,1.0,0.35
CondAE_cell_only,TUBGCP5,2.7510455,2.0157125,0.7327078,0.63390213,1.0,0.65
CondAE_cell_only,TUFM,2.7961695,1.4102203,0.50434005,0.3934251,0.95,0.4
CondAE_cell_only,TVP23C,3.549535,2.1904926,0.617121,0.48768604,1.0,0.55
CondAE_cell_only,TXNL4B,1.8986416,0.8791641,0.463049,0.42442915,1.0,0.2
CondAE_cell_only,U2SURP,5.002582,3.602414,0.7201109,0.6698802,0.95,0.5
CondAE_cell_only,UBA2,3.3666286,1.9963522,0.5929826,0.56112725,0.85,0.15
CondAE_cell_only,UBAP1,8.439861,7.0768414,0.8385021,0.8049106,1.0,0.55
CondAE_cell_only,UBE2H,2.5108383,1.1639351,0.46356434,0.3922041,0.95,0.15
CondAE_cell_only,UBE2I,3.931105,2.4727328,0.62901723,0.5862253,0.85,0.3
CondAE_cell_only,UBE2L3,3.2314165,2.0899389,0.6467563,0.55289423,1.0,0.5
CondAE_cell_only,UBE3C,3.4640293,2.011695,0.5807384,0.4680347,1.0,0.45
CondAE_cell_only,UBE3D,2.3040848,1.2112408,0.5256928,0.4563775,0.95,0.2
CondAE_cell_only,UBL5,5.8853345,4.8248553,0.81980985,0.8075946,1.0,0.55
CondAE_cell_only,UBQLN4,7.045355,5.9843264,0.8494003,0.8288896,0.95,0.65
CondAE_cell_only,UBR5,3.1487637,1.8077312,0.57410824,0.5004267,0.95,0.2
CondAE_cell_only,UCHL5,3.1161504,1.7404053,0.5585113,0.43256602,1.0,0.5
CondAE_cell_only,UFL1,3.2532187,2.2850602,0.7023998,0.6131489,1.0,0.6
CondAE_cell_only,UFM1,5.2426224,4.108973,0.78376293,0.7017848,1.0,0.6
CondAE_cell_only,UHRF1,3.7533467,2.5204911,0.6715317,0.6425881,0.95,0.2
CondAE_cell_only,UMPS,2.9574838,1.4903654,0.5039302,0.41257867,0.95,0.3
CondAE_cell_only,UPF2,4.6543627,3.4871154,0.74921435,0.62988883,1.0,0.55
CondAE_cell_only,UQCC2,3.0174074,1.6051989,0.5319795,0.45788383,0.95,0.45
CondAE_cell_only,URB1,5.315926,4.544515,0.85488683,0.7914909,0.95,0.7
CondAE_cell_only,URB2,5.7374616,5.0986643,0.88866204,0.8229542,1.0,0.85
CondAE_cell_only,URI1,4.9958243,4.2450566,0.84972095,0.8304688,0.95,0.5
CondAE_cell_only,URM1,3.0567017,1.6659437,0.54501355,0.44356045,1.0,0.45
CondAE_cell_only,UROD,2.2823584,0.9986885,0.43756866,0.35385826,0.9,0.15
CondAE_cell_only,USP10,2.988923,1.7726094,0.59305954,0.5602558,1.0,0.2
CondAE_cell_only,USP14,1.8435439,0.85331786,0.4628682,0.4239045,0.95,0.2
CondAE_cell_only,USP5,2.7464807,2.0222178,0.73629415,0.6419833,1.0,0.75
CondAE_cell_only,USP8,3.138236,1.8634167,0.5937784,0.48827922,0.95,0.4
CondAE_cell_only,USP9X,3.2562404,1.5650662,0.48063597,0.4007027,1.0,0.2
CondAE_cell_only,UTP11,8.075253,6.9528008,0.861001,0.7862774,1.0,0.8
CondAE_cell_only,UTP15,8.528151,7.406551,0.86848265,0.815935,1.0,0.8
CondAE_cell_only,UTP18,4.7114015,3.9845395,0.8457228,0.8139653,1.0,0.7
CondAE_cell_only,UTP20,6.008057,5.4233813,0.9026847,0.8520539,1.0,0.8
CondAE_cell_only,UTP23,4.7064714,4.145783,0.8808686,0.82699585,1.0,0.75
CondAE_cell_only,UTP6,4.5339518,3.845567,0.8481711,0.77381647,1.0,0.75
CondAE_cell_only,UXS1,2.6936846,1.1887869,0.4413237,0.39292803,1.0,0.35
CondAE_cell_only,UXT,4.7183347,3.468326,0.7350742,0.6738135,0.95,0.5
CondAE_cell_only,VARS,8.375609,7.2820945,0.86944056,0.86165667,1.0,0.55
CondAE_cell_only,VARS2,3.1000223,1.6806228,0.5421325,0.4508442,1.0,0.45
CondAE_cell_only,VPS13D,2.62327,1.3122314,0.50022733,0.4068218,0.9,0.25
CondAE_cell_only,VPS29,3.065587,1.6635802,0.54266286,0.4525948,0.9,0.3
CondAE_cell_only,VPS35,2.1461756,1.3429531,0.6257424,0.5349729,0.95,0.35
CondAE_cell_only,VPS41,3.0108898,2.2948945,0.7621981,0.64211035,1.0,0.45
CondAE_cell_only,VPS54,1.9157406,1.0515677,0.5489092,0.5203181,1.0,0.45
CondAE_cell_only,WARS,5.451333,4.188938,0.7684246,0.64076024,1.0,0.5
CondAE_cell_only,WBP1,2.6933463,1.4708973,0.5461226,0.4852759,0.85,0.25
CondAE_cell_only,WBP1L,3.0742033,1.3448333,0.4374575,0.35620153,1.0,0.15
CondAE_cell_only,WDFY3,2.9160266,1.1912191,0.40850762,0.3268621,0.9,0.1
CondAE_cell_only,WDHD1,2.8219633,1.8557888,0.6576233,0.5482182,0.95,0.35
CondAE_cell_only,WDR1,4.3228874,3.5423384,0.81943804,0.79929876,0.95,0.55
CondAE_cell_only,WDR12,6.465856,5.787685,0.895115,0.8457218,1.0,0.9
CondAE_cell_only,WDR18,3.5401764,2.7092657,0.76529115,0.7204116,1.0,0.55
CondAE_cell_only,WDR26,2.218774,1.2559639,0.5660621,0.5403702,0.9,0.2
CondAE_cell_only,WDR3,5.897043,5.2349796,0.8877296,0.8113167,1.0,0.8
CondAE_cell_only,WDR33,5.9923725,4.9051433,0.8185645,0.71972615,1.0,0.65
CondAE_cell_only,WDR36,6.1791244,5.3621993,0.8677927,0.80147886,1.0,0.75
CondAE_cell_only,WDR4,1.6984094,0.89887965,0.52924794,0.42655465,1.0,0.3
CondAE_cell_only,WDR43,8.212644,7.1047554,0.86509967,0.82735014,1.0,0.8
CondAE_cell_only,WDR46,4.6850886,4.1904254,0.8944175,0.8381533,1.0,0.75
CondAE_cell_only,WDR5,5.647655,4.318527,0.76465845,0.7421666,1.0,0.45
CondAE_cell_only,WDR70,4.6298504,3.9426124,0.8515637,0.86489785,1.0,0.45
CondAE_cell_only,WDR75,8.645987,7.472455,0.86426866,0.8134693,1.0,0.75
CondAE_cell_only,WDR77,2.7072537,1.7762499,0.65610766,0.60820216,1.0,0.45
CondAE_cell_only,WDR83OS,2.5586047,1.5037423,0.5877197,0.5232994,1.0,0.45
CondAE_cell_only,WTAP,1.8161284,1.114591,0.61371815,0.5297659,1.0,0.2
CondAE_cell_only,XPO1,8.959661,7.7184825,0.8614704,0.8162867,1.0,0.7
CondAE_cell_only,XPO5,2.3954906,1.372202,0.57282716,0.44712818,0.95,0.4
CondAE_cell_only,XRCC1,2.3854697,0.94630855,0.39669695,0.31066456,0.9,0.2
CondAE_cell_only,XRCC2,2.432319,1.1892895,0.48895293,0.44582206,0.95,0.25
CondAE_cell_only,XRCC5,5.1625485,4.307572,0.8343887,0.71844476,1.0,0.8
CondAE_cell_only,XRCC6,3.7881808,2.8982127,0.76506716,0.64001536,1.0,0.65
CondAE_cell_only,XRN2,2.9508002,1.4793543,0.50134003,0.40475866,0.85,0.3
CondAE_cell_only,YARS,4.861742,3.97754,0.8181306,0.73903155,0.95,0.6
CondAE_cell_only,YARS2,3.7362943,2.4462183,0.65471774,0.5403245,0.95,0.4
CondAE_cell_only,YEATS2,3.096274,1.8632152,0.60176045,0.5360226,1.0,0.75
CondAE_cell_only,YPEL5,2.8021543,1.418919,0.5063672,0.42023754,1.0,0.25
CondAE_cell_only,YTHDC1,5.738836,4.577076,0.79756176,0.76185334,1.0,0.4
CondAE_cell_only,ZBTB17,1.8754094,1.1076739,0.5906305,0.49356255,1.0,0.3
CondAE_cell_only,ZC3H13,5.511404,3.9097102,0.7093855,0.6265849,0.95,0.35
CondAE_cell_only,ZC3H4,3.0673366,1.7801853,0.58036846,0.5583494,0.85,0.25
CondAE_cell_only,ZCCHC9,8.360827,7.434994,0.88926536,0.8556353,1.0,0.7
CondAE_cell_only,ZCRB1,3.1213155,1.66718,0.53412735,0.47954854,0.95,0.4
CondAE_cell_only,ZDHHC7,2.5571747,2.0455813,0.7999381,0.79351825,0.95,0.5
CondAE_cell_only,ZFC3H1,4.681221,3.2390938,0.6919335,0.5635352,1.0,0.6
CondAE_cell_only,ZMAT2,4.260974,3.4021924,0.79845417,0.78621614,1.0,0.45
CondAE_cell_only,ZNF143,3.9994364,2.793072,0.6983664,0.61290777,0.95,0.3
CondAE_cell_only,ZNF207,4.2963605,3.2776384,0.7628872,0.7105648,1.0,0.45
CondAE_cell_only,ZNF236,5.6974053,4.8210535,0.8461841,0.8334958,1.0,0.6
CondAE_cell_only,ZNF292,2.0966105,0.9652797,0.4604001,0.38198242,0.95,0.25
CondAE_cell_only,ZNF574,3.44319,2.7883754,0.8098233,0.6897337,1.0,0.7
CondAE_cell_only,ZNF720,2.535555,1.4437891,0.5694174,0.4498555,0.95,0.4
CondAE_cell_only,ZNF787,4.53555,3.779025,0.83320105,0.7416543,1.0,0.75
CondAE_cell_only,ZNF84,5.0546823,4.4701333,0.88435495,0.8580672,1.0,0.75
CondAE_cell_only,ZNHIT1,4.0081925,2.5477037,0.6356241,0.56005675,1.0,0.35
CondAE_cell_only,ZNHIT2,4.225561,3.297373,0.78033966,0.75932914,1.0,0.35
CondAE_cell_only,ZNHIT3,2.054583,1.5580033,0.7583063,0.6384292,1.0,0.55
CondAE_cell_only,ZNHIT6,5.259348,4.4649982,0.8489642,0.77542317,1.0,0.8
CondAE_cell_only,ZNRD1,4.916311,4.0688396,0.8276205,0.7301915,1.0,0.65
Evoformer,AAAS,2.8417397,1.8513263,0.6514764,0.5622402,0.95,0.3
Evoformer,AAR2,2.7068954,1.5741076,0.58151776,0.48770377,0.85,0.25
Evoformer,AARS,8.214038,8.013766,0.97561836,0.97455317,1.0,0.75
Evoformer,AATF,7.042739,6.8052483,0.9662787,0.94944626,1.0,0.7
Evoformer,ABCB7,3.2315826,2.7683482,0.856654,0.8033152,1.0,0.7
Evoformer,ABHD11,2.9094632,1.9163994,0.658678,0.5573897,0.95,0.35
Evoformer,ABT1,4.511051,4.467261,0.99029267,0.97288215,1.0,0.7
Evoformer,ACSS2,3.3582509,2.4320035,0.72418755,0.6091847,0.95,0.5
Evoformer,ACTR1B,2.4665847,1.3649365,0.553371,0.46249366,0.9,0.25
Evoformer,ACTR2,1.9722543,1.1982666,0.60756195,0.50779206,0.95,0.3
Evoformer,ACTR5,3.9357455,3.0864315,0.7842051,0.7524898,1.0,0.35
Evoformer,ACTR6,3.0164921,2.2740424,0.75386983,0.70229256,1.0,0.45
Evoformer,ACTR8,3.3830342,2.8184867,0.8331239,0.77759945,1.0,0.5
Evoformer,ADRM1,2.5722651,1.6500627,0.64148235,0.5776852,1.0,0.2
Evoformer,AFG3L2,4.904261,4.5488396,0.927528,0.84588957,1.0,0.55
Evoformer,AGBL5,3.309759,2.3288727,0.70363814,0.651732,0.95,0.3
Evoformer,AHCTF1,3.9594572,3.5729594,0.9023862,0.8265155,1.0,0.55
Evoformer,AIFM1,2.7428844,1.8540968,0.6759661,0.5777582,0.95,0.3
Evoformer,AKIRIN2,2.3656113,1.562132,0.66035026,0.59151536,0.85,0.4
Evoformer,ALDOA,1.8659793,1.1440005,0.6130832,0.55533403,0.95,0.2
Evoformer,ALG11,3.820544,3.1695673,0.82961154,0.70706844,1.0,0.5
Evoformer,ALG13,3.3853807,2.6209629,0.7742003,0.6764065,1.0,0.45
Evoformer,ALG2,3.6274927,2.9805024,0.8216426,0.69800663,1.0,0.45
Evoformer,ANAPC1,2.290048,1.5947812,0.6963964,0.61029875,1.0,0.4
Evoformer,ANAPC10,2.9660687,1.8676335,0.62966627,0.52137035,1.0,0.45
Evoformer,ANAPC11,2.018393,1.4214522,0.70424944,0.57579404,0.95,0.65
Evoformer,ANAPC13,2.5140176,1.6675624,0.66330576,0.5969369,1.0,0.5
Evoformer,ANAPC5,3.5814726,2.8618226,0.7990631,0.75233567,1.0,0.55
Evoformer,ANKLE2,1.8615063,1.1492763,0.61739045,0.5440176,0.95,0.35
Evoformer,ANKRD11,2.0634542,1.4812351,0.7178425,0.63247335,0.9,0.25
Evoformer,ANKRD39,3.153388,2.243658,0.71150714,0.64288646,0.9,0.2
Evoformer,ANKRD49,2.393904,1.3270301,0.5543372,0.45885864,0.85,0.4
Evoformer,ANKS6,2.0378528,1.2922266,0.6341118,0.54663295,1.0,0.3
Evoformer,AP2M1,4.7570677,4.041719,0.84962404,0.794519,0.95,0.4
Evoformer,ARGLU1,3.681106,2.4725442,0.6716851,0.635608,0.95,0.3
Evoformer,ARL2,2.3168602,1.635684,0.7059917,0.64645004,0.95,0.45
Evoformer,ARL4D,2.4184692,1.3728981,0.5676724,0.4932575,0.85,0.3
Evoformer,ARMC7,2.627733,1.9318821,0.7351897,0.6810363,1.0,0.45
Evoformer,ARPC4,3.4288683,2.722335,0.79394567,0.7329998,1.0,0.55
Evoformer,ASCC3,2.3997734,1.6234506,0.67650163,0.5610102,1.0,0.45
Evoformer,ASF1B,2.8747344,1.8624076,0.6478538,0.55531085,0.95,0.35
Evoformer,ATF5,6.4738297,6.04379,0.9335726,0.91142875,1.0,0.65
Evoformer,ATP11B,4.6379232,4.623052,0.99679357,0.9641724,1.0,0.6
Evoformer,ATP2A2,2.514716,2.0245147,0.80506694,0.693605,1.0,0.65
Evoformer,ATP5ME,5.500448,5.517665,1.0031301,0.91614383,1.0,0.8
Evoformer,ATP5MF,5.153291,4.9667425,0.9638001,0.92093134,1.0,0.65
Evoformer,ATP5PD,7.3272867,7.535618,1.0284323,1.0069805,1.0,0.65
Evoformer,ATP6AP1,8.162866,8.1659155,1.0003736,0.9903808,1.0,0.75
Evoformer,ATP6AP2,5.96801,6.029285,1.0102673,1.0164038,1.0,0.65
Evoformer,ATP6V0B,5.774681,5.5220137,0.95624566,0.92002004,1.0,0.75
Evoformer,ATP6V0C,7.020656,6.73542,0.9593719,0.92911243,1.0,0.5
Evoformer,ATP6V0D1,2.859844,2.3830533,0.83328086,0.7039648,1.0,0.65
Evoformer,ATP6V1A,8.238124,8.199815,0.99534976,0.9679014,1.0,0.75
Evoformer,ATP6V1B2,7.6592274,7.3207583,0.955809,0.89628875,1.0,0.65
Evoformer,ATP6V1F,6.8794518,6.3797474,0.92736274,0.85765976,1.0,0.75
Evoformer,ATP6V1G1,4.61524,4.388682,0.95091087,0.9118105,1.0,0.75
Evoformer,ATP6V1H,4.8886704,4.771093,0.975949,0.93954724,1.0,0.7
Evoformer,ATR,4.267317,4.218364,0.9885284,0.9652615,1.0,0.7
Evoformer,ATRIP,3.8537738,3.4164796,0.8865283,0.7955157,1.0,0.65
Evoformer,AURKA,1.9511616,1.317543,0.67526084,0.62867534,0.9,0.4
Evoformer,AURKAIP1,3.498087,2.6946971,0.77033454,0.70878726,0.95,0.65
Evoformer,BAG6,3.9679675,3.0479453,0.76813763,0.71611935,1.0,0.45
Evoformer,BANP,2.2733197,1.3671684,0.60139734,0.50277346,1.0,0.5
Evoformer,BAP1,3.046291,2.7708955,0.90959644,0.8104855,1.0,0.55
Evoformer,BARD1,2.7033207,1.8458145,0.6827952,0.60172147,0.9,0.2
Evoformer,BCLAF1,2.8296618,1.8943973,0.6694783,0.58049697,1.0,0.35
Evoformer,BCR,2.6329682,1.7387202,0.66036505,0.59455913,1.0,0.15
Evoformer,BCS1L,2.8897448,1.8956826,0.6560035,0.56337285,1.0,0.35
Evoformer,BET1,3.8069553,3.1870334,0.8371607,0.76449156,1.0,0.5
Evoformer,BMS1,6.7970095,6.7712946,0.9962167,1.0095729,1.0,0.75
Evoformer,BOD1L1,2.8497188,1.8308054,0.6424512,0.56926125,0.95,0.45
Evoformer,BORA,2.6423495,1.9647368,0.74355674,0.6550611,0.95,0.55
Evoformer,BPTF,2.4929304,1.7192715,0.6896589,0.6579216,0.95,0.4
Evoformer,BRCA1,3.7833202,3.3874323,0.8953597,0.80632675,1.0,0.65
Evoformer,BRCA2,2.0821726,1.8338778,0.880752,0.7920597,1.0,0.6
Evoformer,BRD2,2.9809525,2.0413554,0.6847997,0.6174614,1.0,0.5
Evoformer,BRF1,2.8532863,2.4525743,0.8595612,0.7662527,1.0,0.5
Evoformer,BRF2,2.2942936,1.4991847,0.65344065,0.5940527,1.0,0.2
Evoformer,BRIP1,2.1333947,1.3270926,0.6220568,0.5434071,1.0,0.25
Evoformer,BRIX1,7.3494267,7.3184695,0.9957878,0.98188096,1.0,0.85
Evoformer,BTAF1,3.5049536,2.172252,0.61976624,0.5410444,0.95,0.35
Evoformer,BTF3,2.1621332,1.8036468,0.8341978,0.7651689,1.0,0.55
Evoformer,BTF3L4,1.9742976,1.262736,0.63958746,0.57094294,0.9,0.3
Evoformer,BUB1,2.5973108,2.108081,0.8116399,0.7028581,1.0,0.65
Evoformer,BUB1B,1.6710885,1.164946,0.69711804,0.61693776,0.95,0.45
Evoformer,BYSL,8.647164,8.376648,0.96871614,0.957945,1.0,0.7
Evoformer,C12orf45,7.145373,7.0546246,0.9872997,0.97162265,1.0,0.7
Evoformer,C17orf58,2.3859558,1.6933789,0.7097277,0.61516166,1.0,0.3
Evoformer,C18orf21,5.998008,5.612357,0.9357035,0.8628139,1.0,0.7
Evoformer,C19orf25,3.7761388,3.0348864,0.803701,0.69314647,1.0,0.5
Evoformer,C19orf53,3.060715,2.107495,0.688563,0.6026341,1.0,0.35
Evoformer,C1orf131,7.527991,7.3173795,0.9720229,0.9413138,1.0,0.75
Evoformer,C7orf26,2.494321,2.0441973,0.81954056,0.80791414,0.95,0.45
Evoformer,C9orf16,1.9522483,1.0991306,0.5630076,0.4857126,0.95,0.3
Evoformer,C9orf78,2.72933,1.8345408,0.67215794,0.619078,1.0,0.45
Evoformer,CA5A,2.0239155,1.1574901,0.5719063,0.51907873,1.0,0.3
Evoformer,CABIN1,2.5412745,1.9608972,0.77161956,0.69356906,1.0,0.45
Evoformer,CACTIN,9.674251,9.088306,0.9394326,0.9583954,1.0,0.35
Evoformer,CADM4,1.7966632,1.0582172,0.5889903,0.5011653,0.9,0.35
Evoformer,CALR,3.4101715,2.1092865,0.618528,0.7730468,1.0,0.5
Evoformer,CASC3,5.0008264,4.3565507,0.87116617,0.74445677,0.95,0.7
Evoformer,CBX1,2.2972825,1.2985094,0.56523716,0.48004726,1.0,0.25
Evoformer,CCAR1,3.2702346,2.20136,0.6731505,0.5888026,0.9,0.4
Evoformer,CCDC115,2.1033487,1.4350324,0.6822608,0.5610026,0.95,0.55
Evoformer,CCDC174,3.8727174,3.1855981,0.8225744,0.7576012,1.0,0.4
Evoformer,CCDC59,2.6367536,2.3244045,0.8815403,0.76348686,1.0,0.7
Evoformer,CCDC6,1.7449094,1.4482218,0.82996964,0.78712887,0.95,0.45
Evoformer,CCDC86,7.957981,8.011837,1.0067675,0.9588328,1.0,0.75
Evoformer,CCNB1,2.8039417,1.7050236,0.608081,0.5385937,1.0,0.35
Evoformer,CCNC,3.4042609,2.627866,0.7719344,0.72470737,0.95,0.3
Evoformer,CCND3,2.4929276,1.2925586,0.5184902,0.45112842,0.9,0.15
Evoformer,CCNH,2.837464,2.3145046,0.81569475,0.751997,1.0,0.65
Evoformer,CCP110,2.5641975,1.8378534,0.7167363,0.5992937,1.0,0.6
Evoformer,CCT2,8.164341,7.9745812,0.97675747,0.9908268,1.0,0.65
Evoformer,CCT3,8.387892,8.103497,0.96609455,0.9840837,1.0,0.65
Evoformer,CCT4,5.770814,5.5639453,0.96415263,0.9654235,1.0,0.5
Evoformer,CCT5,6.7802086,6.6823277,0.98556376,0.9752411,1.0,0.7
Evoformer,CCT6A,6.8315024,6.576607,0.96268827,0.9808151,1.0,0.6
Evoformer,CCT7,6.2414145,6.202209,0.9937185,0.99966425,1.0,0.6
Evoformer,CCT8,4.264387,3.859335,0.9050152,0.8664738,1.0,0.5
Evoformer,CD2BP2,2.78854,1.7048867,0.6113905,0.5465617,1.0,0.35
Evoformer,CD3EAP,6.2967153,6.272459,0.9961478,0.9752594,1.0,0.85
Evoformer,CDC123,3.120582,2.6155586,0.8381637,0.7283727,1.0,0.8
Evoformer,CDC16,4.583242,3.774282,0.8234961,0.7925267,1.0,0.5
Evoformer,CDC20,2.8000681,2.0978968,0.7492306,0.6610521,0.95,0.6
Evoformer,CDC42,2.3326755,1.9939785,0.8548032,0.79037607,1.0,0.6
Evoformer,CDC45,3.9499762,3.2576888,0.8247363,0.71487033,1.0,0.75
Evoformer,CDC6,6.721894,6.7138276,0.99880004,0.97260636,1.0,0.8
Evoformer,CDIPT,2.3009694,1.5160515,0.65887517,0.5864372,1.0,0.3
Evoformer,CDK1,4.699167,4.6166344,0.9824368,0.9673321,1.0,0.85
Evoformer,CDK2,2.0336025,1.3616551,0.66957784,0.56176853,0.95,0.45
Evoformer,CDT1,5.114457,5.0508366,0.98756063,0.94441813,1.0,0.75
Evoformer,CEBPZ,6.3724356,6.438232,1.0103252,0.9868914,1.0,0.8
Evoformer,CENPC,3.7701395,2.8398576,0.75325,0.65137285,1.0,0.35
Evoformer,CENPJ,5.9129405,5.8946104,0.9969,0.96978146,1.0,0.7
Evoformer,CENPK,2.3339083,1.9489642,0.8350646,0.7210982,1.0,0.7
Evoformer,CENPN,3.6221602,2.8585637,0.78918755,0.69517773,1.0,0.5
Evoformer,CENPT,2.5535648,2.0173779,0.79002416,0.71016914,1.0,0.5
Evoformer,CENPW,3.597341,3.0177984,0.83889693,0.7774055,1.0,0.7
Evoformer,CEP68,2.7550902,1.8022143,0.6541398,0.56548136,1.0,0.35
Evoformer,CEP85,2.2706347,1.4865574,0.65468806,0.5904935,0.9,0.35
Evoformer,CFL1,3.8732996,2.3314297,0.6019234,0.598036,1.0,0.45
Evoformer,CHAF1B,5.3885446,5.0653334,0.94001883,0.8937635,1.0,0.65
Evoformer,CHCHD1,2.6615543,1.7511106,0.6579278,0.58927584,0.95,0.35
Evoformer,CHCHD2,2.5570157,1.6496754,0.64515656,0.5561503,0.95,0.35
Evoformer,CHCHD4,5.5971537,5.63194,1.006215,0.96199083,1.0,0.65
Evoformer,CHD4,4.213932,2.8030822,0.665194,0.6130414,0.95,0.25
Evoformer,CHEK1,4.166517,3.8385687,0.9212896,0.86663765,1.0,0.6
Evoformer,CHERP,3.246897,2.5183556,0.7756192,0.7016877,0.95,0.6
Evoformer,CHMP4B,3.4683414,2.5235481,0.7275951,0.6483875,1.0,0.25
Evoformer,CHMP6,7.195433,7.129746,0.990871,1.0004948,1.0,0.5
Evoformer,CHMP7,3.1352239,1.836499,0.5857633,0.5311194,0.9,0.3
Evoformer,CHORDC1,2.616024,1.7095896,0.6535068,0.5717004,0.95,0.45
Evoformer,CHTOP,2.6230154,1.5261836,0.5818432,0.49386132,1.0,0.35
Evoformer,CIAO1,2.2642858,1.3945293,0.6158804,0.5716976,1.0,0.35
Evoformer,CIAPIN1,4.352913,4.1634026,0.9564636,0.9570502,1.0,0.65
Evoformer,CLASRP,1.9133962,1.396336,0.72976834,0.67354983,0.85,0.35
Evoformer,CLPB,2.673408,1.5894583,0.5945439,0.50518334,1.0,0.35
Evoformer,CMPK1,2.425904,1.4891288,0.61384493,0.53597456,0.95,0.3
Evoformer,CMTR1,3.0378313,2.3543186,0.7749998,0.6890107,0.95,0.55
Evoformer,CMTR2,3.5574527,2.2408354,0.62989885,0.55872756,1.0,0.3
Evoformer,CNN2,1.9472327,1.042744,0.53550047,0.48610762,0.9,0.35
Evoformer,CNOT1,5.8997264,5.1912017,0.8799055,0.8905375,1.0,0.5
Evoformer,CNOT10,3.0961134,2.0797145,0.6717178,0.640866,1.0,0.4
Evoformer,CNOT9,2.5006719,1.4278374,0.5709815,0.517535,1.0,0.3
Evoformer,COA5,3.166739,2.647072,0.8358984,0.7579133,1.0,0.45
Evoformer,COASY,2.6367445,1.614352,0.61225194,0.54842764,0.9,0.35
Evoformer,COG1,2.4290633,1.6461378,0.6776842,0.5782754,1.0,0.35
Evoformer,COG2,3.2646344,2.6527104,0.8125597,0.774822,1.0,0.6
Evoformer,COG4,2.6758063,1.6624311,0.62128234,0.524985,0.95,0.35
Evoformer,COG6,2.15994,1.4729376,0.6819345,0.5994843,1.0,0.35
Evoformer,COMTD1,3.2039373,2.1413848,0.6683604,0.59285223,0.95,0.4
Evoformer,COPS2,5.0939717,5.0376077,0.9889352,0.9882868,1.0,0.6
Evoformer,COPS3,5.2493796,4.833442,0.92076445,0.8751348,1.0,0.7
Evoformer,COPS4,5.2514906,5.2427244,0.9983307,0.9949341,1.0,0.55
Evoformer,COPS5,4.2860994,3.6808505,0.85878795,0.7908772,1.0,0.5
Evoformer,COPS8,2.1487765,1.2664818,0.58939666,0.5159806,1.0,0.35
Evoformer,COQ2,1.8907671,1.0732977,0.567652,0.48386613,1.0,0.25
Evoformer,COQ4,2.6271544,1.9310203,0.7350235,0.65799016,0.95,0.35
Evoformer,COQ5,2.9677095,1.7615019,0.59355605,0.51070666,0.95,0.25
Evoformer,COTL1,2.6951447,2.103205,0.78036815,0.73106974,1.0,0.35
Evoformer,COX10,2.3508415,1.6644377,0.7080178,0.6080202,1.0,0.3
Evoformer,COX11,1.9329418,1.178191,0.60953254,0.54456013,0.95,0.2
Evoformer,COX5A,6.7005415,6.6429424,0.9914038,0.909739,1.0,0.6
Evoformer,COX7C,5.274693,5.0323205,0.95404994,0.88234365,1.0,0.6
Evoformer,CPSF1,3.3229556,2.4224877,0.729016,0.6971034,0.9,0.6
Evoformer,CPSF3,3.9837217,3.3810542,0.84871745,0.8441188,1.0,0.5
Evoformer,CPSF4,4.684721,3.9082167,0.83424747,0.7756984,1.0,0.6
Evoformer,CPSF6,5.3357635,4.500062,0.84337735,0.8122436,1.0,0.6
Evoformer,CS,2.0582144,1.3415362,0.6517961,0.6036391,1.0,0.25
Evoformer,CSDE1,3.4503205,2.665753,0.77261025,0.6919015,1.0,0.65
Evoformer,CSE1L,6.8745594,6.5970902,0.95963824,0.96733373,1.0,0.55
Evoformer,CSNK2B,3.870081,2.9708302,0.76764035,0.7676329,0.85,0.35
Evoformer,CSTF1,2.8818305,2.1082034,0.7315501,0.74726176,0.95,0.4
Evoformer,CSTF3,5.5718637,4.55078,0.81674284,0.7942105,1.0,0.4
Evoformer,CTCF,4.064073,3.4518886,0.8493667,0.78639877,1.0,0.6
Evoformer,CTDP1,2.0554802,1.4039271,0.6830166,0.5966236,0.9,0.35
Evoformer,CTNNBL1,3.8150408,3.284097,0.86082876,0.7796663,1.0,0.4
Evoformer,CTU2,3.0886848,2.4969988,0.8084343,0.71312916,1.0,0.55
Evoformer,CUL1,3.815453,3.0233808,0.7924041,0.7359469,1.0,0.45
Evoformer,CUL2,4.5991464,4.4727983,0.9725279,0.9124821,1.0,0.75
Evoformer,CUL7,7.4962406,6.74758,0.90012854,0.88488775,0.95,0.5
Evoformer,CWC15,5.3601527,4.9258738,0.9189801,0.9119782,1.0,0.45
Evoformer,CWC22,9.35398,8.385761,0.8964912,0.91240543,1.0,0.55
Evoformer,CYC1,3.208836,2.2814834,0.7110003,0.6460746,0.95,0.4
Evoformer,CYFIP1,2.8391442,1.8634734,0.6563504,0.5705796,1.0,0.4
Evoformer,CYREN,4.3687315,3.7270222,0.8531131,0.7412018,0.95,0.7
Evoformer,DAP3,2.8658063,2.3030348,0.8036254,0.7115229,1.0,0.45
Evoformer,DARS,6.848814,6.6115274,0.9653536,0.9432452,1.0,0.75
Evoformer,DAXX,3.9615865,3.3801086,0.85322094,0.78032947,1.0,0.45
Evoformer,DBR1,4.531109,3.6379175,0.80287576,0.8241268,1.0,0.5
Evoformer,DCAF6,2.4803865,1.3866525,0.5590469,0.46049193,0.9,0.3
Evoformer,DCTN1,2.7174008,2.1800392,0.80225164,0.7477787,1.0,0.4
Evoformer,DCTN2,3.1222944,2.8121276,0.90066063,0.8142727,1.0,0.65
Evoformer,DCTN3,3.0137763,2.6370118,0.8749859,0.8266435,1.0,0.55
Evoformer,DCTN4,3.305847,2.7326124,0.8265998,0.73182565,1.0,0.55
Evoformer,DCTN6,3.7964935,3.0402663,0.800809,0.7088376,1.0,0.55
Evoformer,DCUN1D5,5.448104,5.2244873,0.95895517,0.92395085,1.0,0.7
Evoformer,DDOST,4.14311,3.49461,0.8434751,0.74832976,1.0,0.65
Evoformer,DDX1,2.4329145,1.5447192,0.6349254,0.551085,1.0,0.4
Evoformer,DDX10,7.0661535,7.0401616,0.9963216,1.0077829,1.0,0.8
Evoformer,DDX17,2.5215647,1.488747,0.590406,0.5545111,0.9,0.25
Evoformer,DDX18,8.57192,8.230519,0.9601722,0.963763,1.0,0.7
Evoformer,DDX19A,1.2120281,0.6707461,0.553408,0.47886866,0.9,0.25
Evoformer,DDX20,4.305192,3.6954057,0.85836023,0.8325651,1.0,0.25
Evoformer,DDX21,7.3985267,7.2600574,0.9812842,0.9824784,1.0,0.7
Evoformer,DDX23,5.113131,5.116001,1.0005614,1.0045803,1.0,0.7
Evoformer,DDX27,5.8193603,5.9356737,1.0199873,0.9933478,1.0,0.8
Evoformer,DDX3X,3.0759265,1.8535862,0.6026107,0.5376315,1.0,0.25
Evoformer,DDX41,9.336174,8.739507,0.9360908,0.9552494,1.0,0.4
Evoformer,DDX5,3.34866,2.741087,0.8185623,0.7967697,1.0,0.5
Evoformer,DDX51,6.226855,6.236007,1.0014699,0.9913496,1.0,0.75
Evoformer,DDX52,5.7141747,5.6060796,0.981083,0.9759768,1.0,0.75
Evoformer,DDX55,4.8562913,5.0790963,1.0458797,1.0285177,1.0,0.8
Evoformer,DDX56,6.1588254,5.856768,0.9509554,0.9144735,1.0,0.75
Evoformer,DDX6,3.8481112,3.1884093,0.82856476,0.78156483,0.95,0.4
Evoformer,DENR,3.1842046,2.4993598,0.7849244,0.70307034,1.0,0.55
Evoformer,DERL2,6.0515347,6.1013,1.0082235,0.97908705,1.0,0.65
Evoformer,DESI1,3.0056095,2.1028733,0.6996496,0.6735565,0.95,0.35
Evoformer,DHODH,2.363267,1.4033697,0.5938261,0.48433942,1.0,0.45
Evoformer,DHPS,3.0285144,2.1032379,0.6944784,0.6210796,1.0,0.35
Evoformer,DHX15,8.725341,8.522786,0.9767855,0.99079937,1.0,0.5
Evoformer,DHX16,6.6263657,5.877247,0.88694876,0.9168134,0.95,0.35
Evoformer,DHX29,3.2288492,2.2980058,0.7117105,0.65734446,0.95,0.45
Evoformer,DHX33,4.7829804,4.3085885,0.9008167,0.7834844,1.0,0.7
Evoformer,DHX36,3.3098216,2.2174885,0.66997224,0.58643705,1.0,0.35
Evoformer,DHX37,2.1984859,1.8752005,0.85295093,0.75325435,1.0,0.7
Evoformer,DIMT1,6.071774,5.9442363,0.97899497,0.97001445,1.0,0.85
Evoformer,DKC1,5.6854362,5.2031646,0.9151742,0.8529467,1.0,0.7
Evoformer,DLD,5.6660757,5.46138,0.96387345,0.96127784,1.0,0.5
Evoformer,DNAJA1,2.5109007,1.5642091,0.6229673,0.5333057,0.85,0.2
Evoformer,DNAJA3,5.0829577,4.896206,0.9632592,0.8665444,1.0,0.55
Evoformer,DNAJC17,6.8240933,6.49105,0.9511959,0.97126096,1.0,0.55
Evoformer,DNAJC19,2.173951,1.2636372,0.581263,0.49754366,0.9,0.3
Evoformer,DNAJC8,2.0071287,1.2654796,0.6304925,0.5684702,0.95,0.3
Evoformer,DNM1L,2.7501824,1.6577579,0.60278106,0.52905566,1.0,0.45
Evoformer,DNMT1,3.5638652,2.860332,0.80259264,0.76175237,0.95,0.55
Evoformer,DNTTIP2,8.789092,8.602389,0.97875744,0.97103107,1.0,0.75
Evoformer,DOHH,2.7394986,1.9197577,0.7007697,0.6604664,1.0,0.35
Evoformer,DOLK,2.175398,1.4510909,0.6670461,0.58178115,0.95,0.2
Evoformer,DPH2,3.0292106,2.0806608,0.6868657,0.63255376,1.0,0.65
Evoformer,DPH3,2.542153,1.5586022,0.6131033,0.5221762,1.0,0.4
Evoformer,DPH6,2.3699737,1.5034628,0.63437957,0.55608517,1.0,0.2
Evoformer,DRAP1,2.8901916,1.7665777,0.61123204,0.53647065,0.9,0.35
Evoformer,DRG1,2.9887686,1.9589545,0.65543866,0.5799865,0.95,0.45
Evoformer,DSTYK,2.2476566,1.6548201,0.7362424,0.65489304,0.95,0.6
Evoformer,DTL,4.6849647,4.442134,0.9481681,0.8819239,1.0,0.8
Evoformer,DYNC1I2,3.2085574,2.62735,0.81885713,0.7285286,1.0,0.55
Evoformer,DYNLL1,3.6582983,2.916705,0.7972846,0.748482,1.0,0.75
Evoformer,DYNLL2,1.9396892,1.1705253,0.60346025,0.5351391,0.85,0.2
Evoformer,E2F6,2.3637023,1.6349859,0.6917055,0.62704647,0.95,0.35
Evoformer,E4F1,4.478256,4.2920995,0.95843095,0.91304666,1.0,0.8
Evoformer,EARS2,3.1516628,2.5382679,0.8053742,0.7166914,1.0,0.5
Evoformer,EBNA1BP2,7.620724,7.5631943,0.99245083,0.9840497,1.0,0.7
Evoformer,ECD,3.6316247,2.879566,0.792914,0.6982888,1.0,0.65
Evoformer,EDC4,2.9694228,2.4293826,0.81813294,0.7819703,1.0,0.5
Evoformer,EFR3A,2.15342,1.4162716,0.6576848,0.58598816,1.0,0.4
Evoformer,EFTUD2,8.536459,8.269981,0.9687836,0.9521433,1.0,0.65
Evoformer,EHMT2,2.188402,1.3622463,0.6224845,0.6033008,1.0,0.55
Evoformer,EIF1,3.4783504,2.0507553,0.58957696,0.6337758,1.0,0.5
Evoformer,EIF1AD,2.9545603,1.9991939,0.6766468,0.60763556,1.0,0.45
Evoformer,EIF1AX,2.248862,1.7770035,0.790179,0.7157819,1.0,0.5
Evoformer,EIF2B1,5.1871805,5.3138876,1.0244269,1.0108938,1.0,0.7
Evoformer,EIF2B2,8.4871855,8.537749,1.0059577,1.0199194,1.0,0.65
Evoformer,EIF2B3,10.369284,10.334246,0.99662095,1.0028555,1.0,0.65
Evoformer,EIF2B4,8.467552,8.258224,0.97527874,0.96174127,1.0,0.7
Evoformer,EIF2B5,8.884261,8.901551,1.0019461,1.0138868,1.0,0.6
Evoformer,EIF2S1,12.378584,11.707459,0.94578344,0.954791,1.0,0.6
Evoformer,EIF2S2,6.6984277,6.7122407,1.0020621,0.98922616,1.0,0.7
Evoformer,EIF2S3,11.641071,11.212463,0.9631814,0.9658635,1.0,0.65
Evoformer,EIF3A,8.275316,8.229988,0.9945225,0.9923311,1.0,0.6
Evoformer,EIF3B,9.4233885,9.110491,0.9667956,0.9927956,1.0,0.5
Evoformer,EIF3I,10.052192,9.570101,0.9520412,0.9860908,1.0,0.4
Evoformer,EIF3J,4.4979653,4.0640106,0.903522,0.81230325,1.0,0.7
Evoformer,EIF3L,3.5939815,3.0129259,0.8383254,0.7501432,1.0,0.7
Evoformer,EIF4A1,5.2771745,4.8129306,0.91202796,0.84173083,1.0,0.6
Evoformer,EIF4A3,6.512128,6.325743,0.97137886,0.96209145,1.0,0.7
Evoformer,EIF4B,2.4003375,1.6623722,0.6925577,0.80306375,0.9,0.25
Evoformer,EIF4E,6.390708,6.370175,0.996787,0.9397395,1.0,0.75
Evoformer,EIF4G1,4.593125,3.9871643,0.8680723,0.7954572,1.0,0.65
Evoformer,EIF4G2,3.375603,2.344963,0.69467974,0.64951146,0.9,0.35
Evoformer,EIF4H,2.4194953,1.459159,0.603084,0.5051044,0.95,0.3
Evoformer,EIF5A,5.919408,5.291288,0.89388806,0.89931995,1.0,0.5
Evoformer,EIF6,4.9383116,4.5904884,0.9295664,0.94768256,1.0,0.85
Evoformer,ELAC2,2.7348154,1.7472368,0.6388866,0.6114835,0.95,0.45
Evoformer,ELL,2.2000709,1.9423711,0.8828675,0.81903535,1.0,0.45
Evoformer,ELOB,4.377112,3.9520876,0.9028985,0.84497786,1.0,0.7
Evoformer,ELOF1,4.1423845,3.4235754,0.82647455,0.773497,1.0,0.65
Evoformer,ELOVL1,2.2223108,1.3124498,0.59057885,0.5323935,0.95,0.35
Evoformer,ELP3,3.378304,3.1936963,0.9453549,0.8570099,1.0,0.7
Evoformer,ELP5,4.6455517,4.320037,0.9299298,0.8562197,1.0,0.6
Evoformer,ELP6,4.0123744,3.3951256,0.8461637,0.74208635,1.0,0.7
Evoformer,EMC1,2.4193075,1.7601978,0.72756267,0.6734446,0.95,0.25
Evoformer,EMC4,2.437789,1.639344,0.67247164,0.62098086,1.0,0.35
Evoformer,EMC7,1.8855808,1.3048114,0.6919944,0.5979159,1.0,0.5
Evoformer,ENO1,3.7539685,1.720569,0.45833337,0.5960761,0.9,0.15
Evoformer,ENY2,3.7661629,3.1797588,0.8442967,0.7839754,1.0,0.5
Evoformer,EPRS,8.020528,7.5613832,0.9427538,0.95183164,1.0,0.55
Evoformer,ERAL1,2.6776297,1.6466178,0.6149535,0.54723316,1.0,0.35
Evoformer,ERCC2,3.1335201,2.40849,0.7686212,0.69718564,1.0,0.4
Evoformer,ERCC3,2.6223364,1.5310303,0.58384204,0.50970644,1.0,0.25
Evoformer,ESF1,2.0494776,1.7205912,0.8395267,0.7420435,1.0,0.75
Evoformer,ETF1,7.3671837,7.31721,0.99321675,0.97052133,1.0,0.65
Evoformer,EXOC1,3.1260848,2.232561,0.71417165,0.60680264,1.0,0.6
Evoformer,EXOC2,2.657122,1.8150371,0.6830839,0.5879827,1.0,0.45
Evoformer,EXOC3,2.4618266,1.3339292,0.5418453,0.45370424,0.95,0.2
Evoformer,EXOC4,2.7608297,1.9292858,0.6988065,0.62971985,1.0,0.35
Evoformer,EXOC5,2.3660939,1.436992,0.60732675,0.5302728,0.95,0.4
Evoformer,EXOC7,4.175134,3.695581,0.88514066,0.8268402,1.0,0.55
Evoformer,EXOSC1,3.0946605,2.081448,0.67259336,0.5693011,1.0,0.55
Evoformer,EXOSC2,6.9079905,6.732583,0.97460806,1.0074835,1.0,0.65
Evoformer,EXOSC3,6.6064954,6.303184,0.9540889,0.97362036,1.0,0.65
Evoformer,EXOSC4,5.9816217,5.7701635,0.96464866,0.99152416,1.0,0.6
Evoformer,EXOSC5,5.4263563,5.222575,0.96244603,0.9667959,1.0,0.7
Evoformer,EXOSC7,5.1486316,4.498083,0.8736463,0.8330759,1.0,0.7
Evoformer,EXOSC8,6.4859405,6.1553807,0.9490344,0.9629557,1.0,0.65
Evoformer,EXOSC9,6.8737555,6.5748653,0.9565172,0.95887583,1.0,0.6
Evoformer,F8A1,2.7412355,1.545148,0.5636685,0.47999606,0.95,0.15
Evoformer,FAM136A,2.375647,2.2683702,0.9548431,0.9082488,1.0,0.55
Evoformer,FAM207A,2.0909448,1.3281381,0.63518566,0.5583643,0.9,0.5
Evoformer,FAM32A,5.2166467,4.76461,0.91334724,0.91122377,0.95,0.5
Evoformer,FARSA,8.538658,8.294827,0.9714439,0.9703835,1.0,0.6
Evoformer,FASN,3.9478066,3.0738688,0.778627,0.74109036,1.0,0.3
Evoformer,FASTKD5,3.1744921,1.7657046,0.5562164,0.5931115,0.75,0.45
Evoformer,FAU,7.7815843,7.629318,0.9804325,0.97222745,1.0,0.75
Evoformer,FBLIM1,1.9699409,1.098832,0.55779946,0.4753639,0.85,0.3
Evoformer,FBXO42,1.1680579,0.7662521,0.6560052,0.5904868,0.95,0.35
Evoformer,FCF1,4.8941092,4.6691923,0.9540433,0.9102022,1.0,0.75
Evoformer,FDPS,3.7725618,2.8085356,0.74446374,0.6824486,1.0,0.4
Evoformer,FDXR,2.739523,1.5058124,0.5496623,0.48899117,0.9,0.35
Evoformer,FGFR1OP,3.168161,1.9870623,0.6271974,0.5470046,0.95,0.25
Evoformer,FKBP9,2.7177906,2.197018,0.8083838,0.7717113,1.0,0.5
Evoformer,FNBP4,2.0572915,1.40539,0.68312633,0.6268223,1.0,0.5
Evoformer,FNTA,3.4954355,3.0659077,0.8771175,0.8759863,1.0,0.5
Evoformer,FOXO1,2.6301427,1.5227829,0.5789735,0.541849,0.9,0.15
Evoformer,FXN,3.3234987,2.4508784,0.7374392,0.70440257,1.0,0.35
Evoformer,GABPA,2.6278942,1.8340952,0.69793344,0.6175797,1.0,0.7
Evoformer,GABPB1,5.4189506,4.665388,0.8609394,0.8090205,0.9,0.7
Evoformer,GAR1,3.8595247,3.4693842,0.8989149,0.82791144,1.0,0.65
Evoformer,GART,2.53936,1.7919452,0.70566803,0.63085544,1.0,0.2
Evoformer,GCLC,2.1595564,1.3211133,0.6117522,0.54978734,0.9,0.3
Evoformer,GEMIN4,3.8883557,3.086201,0.7937033,0.73239696,1.0,0.25
Evoformer,GEMIN5,6.0335474,5.6342645,0.9338229,0.93323386,1.0,0.35
Evoformer,GFER,3.3071334,2.7913365,0.844035,0.75302416,1.0,0.7
Evoformer,GFM1,2.5765593,2.6586778,1.0318714,1.0162231,1.0,0.7
Evoformer,GFOD2,1.7041416,1.2295687,0.7215179,0.6175019,0.95,0.45
Evoformer,GINS1,4.485465,4.2117367,0.9389744,0.9036442,1.0,0.7
Evoformer,GINS2,3.319973,2.7223632,0.8199956,0.7445159,1.0,0.65
Evoformer,GINS4,2.976636,2.631793,0.88415015,0.8478335,1.0,0.55
Evoformer,GLB1,5.771977,5.4544377,0.94498605,0.93973774,1.0,0.7
Evoformer,GLE1,4.6694922,4.190089,0.89733297,0.8810583,1.0,0.45
Evoformer,GLRX3,2.8716922,1.8174717,0.63289225,0.5277141,1.0,0.5
Evoformer,GLRX5,1.7330208,1.1326063,0.65354455,0.5600304,0.95,0.3
Evoformer,GMPPB,3.4703076,2.695195,0.7766444,0.6574579,1.0,0.65
Evoformer,GNB1L,2.2983449,1.653859,0.71958697,0.6330967,1.0,0.55
Evoformer,GNL2,8.749113,8.626741,0.98601323,0.97651315,1.0,0.75
Evoformer,GNL3,6.8200026,6.951097,1.019222,0.99752814,1.0,0.75
Evoformer,GNL3L,5.388773,5.3484583,0.9925188,0.95590276,1.0,0.65
Evoformer,GNPAT,4.8720703,4.1468883,0.8511553,0.75811774,1.0,0.75
Evoformer,GNPNAT1,2.3276885,1.485933,0.6383728,0.6508964,1.0,0.3
Evoformer,GOLT1B,1.9700527,1.3861963,0.7036341,0.6241303,1.0,0.35
Evoformer,GPKOW,4.8463516,4.081833,0.8422486,0.85975647,0.95,0.5
Evoformer,GPN1,5.456439,4.8960123,0.89729077,0.87125915,1.0,0.6
Evoformer,GPN3,7.7960305,7.365214,0.944739,0.9323958,0.95,0.7
Evoformer,GPS1,4.2631063,4.377571,1.0268501,1.0645477,1.0,0.75
Evoformer,GPS2,2.7780879,1.9231273,0.6922485,0.62843275,1.0,0.3
Evoformer,GRPEL1,6.1698008,6.311888,1.0230294,0.98251086,1.0,0.65
Evoformer,GRSF1,2.801788,2.2013538,0.785696,0.67634463,1.0,0.55
Evoformer,GRWD1,2.1769154,1.26379,0.5805416,0.5084689,0.95,0.15
Evoformer,GSK3B,2.537263,1.6410294,0.6467715,0.58929485,0.95,0.35
Evoformer,GSPT1,7.785261,7.79336,1.0010403,0.96935195,1.0,0.7
Evoformer,GTF2A1,8.449998,7.687032,0.9097082,0.94811654,1.0,0.55
Evoformer,GTF2A2,3.7662973,2.5639536,0.6807624,0.6549417,1.0,0.5
Evoformer,GTF2E1,2.7771094,1.9471797,0.7011534,0.611854,0.95,0.4
Evoformer,GTF2E2,4.063715,3.8133893,0.9383998,0.94875634,0.95,0.55
Evoformer,GTF2F2,4.625296,4.1782627,0.9033503,0.88477296,1.0,0.7
Evoformer,GTF2H1,5.3733068,4.663208,0.86784697,0.8237332,1.0,0.55
Evoformer,GTF2H3,3.0379379,2.1108305,0.69482344,0.59212446,1.0,0.45
Evoformer,GTF2H4,2.8616805,1.9535487,0.68265784,0.61067736,0.9,0.25
Evoformer,GTF3A,3.847787,3.2957242,0.8565246,0.7818977,1.0,0.55
Evoformer,GTF3C1,2.1843448,1.4477186,0.6627702,0.6027808,1.0,0.3
Evoformer,GTF3C2,2.7012036,2.1472688,0.7949304,0.73209316,1.0,0.45
Evoformer,GTF3C6,2.353063,1.6420578,0.69783837,0.5992602,1.0,0.4
Evoformer,GTPBP4,4.3517094,4.2979236,0.9876403,0.9410842,1.0,0.8
Evoformer,GUK1,2.8037338,1.8048655,0.64373636,0.62820363,1.0,0.35
Evoformer,GYG1,2.5249965,1.8486769,0.73215026,0.64727914,1.0,0.4
Evoformer,H2AFX,2.744729,1.9577036,0.71325934,0.6649154,0.95,0.35
Evoformer,H2AFZ,3.1320133,1.8436863,0.5886585,0.65092707,0.9,0.4
Evoformer,H3F3A,3.3310173,1.9839394,0.59559566,0.61625916,1.0,0.25
Evoformer,HAMP,3.016944,1.9389815,0.6426972,0.57372105,0.9,0.35
Evoformer,HARS,8.712028,8.800368,1.0101401,0.9698095,1.0,0.7
Evoformer,HAUS8,2.4515877,1.6883101,0.6886599,0.5990761,1.0,0.65
Evoformer,HDAC3,3.400788,2.5023193,0.73580575,0.73078215,1.0,0.4
Evoformer,HDAC7,3.981686,3.271727,0.8216939,0.78377014,1.0,0.5
Evoformer,HECTD1,2.7534902,1.9213963,0.6978039,0.62213016,0.9,0.25
Evoformer,HERC1,1.9103185,1.4033661,0.73462415,0.6307957,1.0,0.6
Evoformer,HGS,7.2222333,7.260753,1.0053335,0.9576486,1.0,0.8
Evoformer,HHEX,2.5375855,1.5657934,0.61704063,0.55822325,0.95,0.2
Evoformer,HIPK1,3.5062423,2.468755,0.7041028,0.6753354,0.95,0.35
Evoformer,HIST1H2BN,3.1941757,2.225429,0.69671464,0.5651979,0.95,0.5
Evoformer,HJURP,2.4187164,1.6988549,0.7023787,0.62712604,0.95,0.3
Evoformer,HMBOX1,2.0943854,1.1944146,0.5702936,0.4949317,0.95,0.2
Evoformer,HMGA1,2.5031722,1.6612304,0.6636501,0.58812624,0.8,0.45
Evoformer,HMGB3,4.2234826,3.758509,0.88990754,0.7786823,1.0,0.8
Evoformer,HMGCS1,5.6195426,5.1274095,0.9124247,0.90173745,0.95,0.5
Evoformer,HNRNPA1,2.8290615,2.070123,0.7317349,0.6404375,0.95,0.3
Evoformer,HNRNPDL,3.3933465,2.7333672,0.80550784,0.74434716,0.95,0.45
Evoformer,HNRNPH1,2.9913836,1.8895311,0.6316579,0.5863094,0.95,0.35
Evoformer,HNRNPK,6.887448,6.535544,0.9489065,0.9024096,1.0,0.65
Evoformer,HNRNPL,2.912929,2.3209183,0.79676443,0.7276117,1.0,0.65
Evoformer,HPS5,3.7727199,2.8528972,0.7561911,0.68957764,0.95,0.5
Evoformer,HS6ST1,2.1231716,1.2884207,0.60683775,0.5168018,0.95,0.1
Evoformer,HSCB,1.1860508,0.66240394,0.55849546,0.47698146,0.95,0.35
Evoformer,HSD17B10,2.6664596,2.5103877,0.9414685,0.90050757,1.0,0.65
Evoformer,HSD17B12,1.48108,1.0636411,0.71815234,0.6100684,1.0,0.5
Evoformer,HSP90B1,3.4773586,1.9593776,0.56346726,0.64259547,1.0,0.35
Evoformer,HSPA14,2.6715024,1.8677803,0.6991498,0.59581655,1.0,0.5
Evoformer,HSPA8,3.6600842,2.8123214,0.7683762,0.75667334,0.95,0.55
Evoformer,HSPA9,12.051329,12.243127,1.0159152,1.0343231,1.0,0.55
Evoformer,HSPE1,5.9134407,5.952151,1.0065461,0.9940416,1.0,0.55
Evoformer,HUS1,2.0296252,1.1782724,0.5805369,0.49524987,0.95,0.2
Evoformer,HUWE1,3.2699564,2.6621542,0.8141253,0.7411534,1.0,0.5
Evoformer,IARS,4.9768877,4.537699,0.91175437,0.83973396,1.0,0.7
Evoformer,IARS2,6.7172365,6.683624,0.9949961,0.97476053,1.0,0.7
Evoformer,ICE1,7.245336,7.030461,0.97034293,0.94531673,1.0,0.6
Evoformer,ILF2,4.209822,3.724606,0.8847419,0.7832679,1.0,0.65
Evoformer,ILF3,3.632987,2.7823875,0.7658677,0.6835624,0.95,0.45
Evoformer,IMP4,7.0153227,6.8924546,0.9824858,0.96644384,1.0,0.8
Evoformer,IMPA2,4.16291,3.6875262,0.88580495,0.81920785,1.0,0.7
Evoformer,IMPDH2,2.6355636,2.29225,0.86973804,0.7936229,1.0,0.65
Evoformer,INF2,2.5986054,1.6280382,0.6265046,0.53470254,0.95,0.35
Evoformer,INO80,3.6904202,2.5707347,0.69659674,0.6239471,1.0,0.4
Evoformer,INO80B,2.8891265,1.9379902,0.6707876,0.5833256,0.9,0.45
Evoformer,INPPL1,3.5098233,2.8162832,0.8024003,0.7129888,0.95,0.6
Evoformer,INTS1,2.316389,1.5663866,0.6762191,0.6239635,0.95,0.15
Evoformer,INTS10,3.46178,2.4845073,0.7176965,0.640082,0.95,0.35
Evoformer,INTS11,4.3768563,4.2987375,0.98215187,0.9292714,1.0,0.85
Evoformer,INTS12,2.0722597,1.317815,0.6359314,0.5804337,1.0,0.4
Evoformer,INTS13,2.1413453,1.5512445,0.7244252,0.667458,1.0,0.35
Evoformer,INTS14,3.1023693,2.8097148,0.9056674,0.8720849,1.0,0.5
Evoformer,INTS2,7.388457,6.852298,0.9274329,0.9512503,1.0,0.45
Evoformer,INTS3,4.322625,3.8905206,0.9000365,0.8834911,1.0,0.6
Evoformer,INTS4,4.844315,4.5454307,0.93830204,0.89849377,1.0,0.55
Evoformer,INTS5,7.5061703,6.9484606,0.92569983,0.9468745,1.0,0.45
Evoformer,INTS6,5.516949,4.5261574,0.8204095,0.7621492,1.0,0.5
Evoformer,INTS7,5.61957,4.8565907,0.8642282,0.8299634,1.0,0.5
Evoformer,INTS8,7.821669,7.364786,0.9415875,0.96449053,1.0,0.65
Evoformer,INTS9,4.017051,3.7291787,0.92833734,0.9138581,1.0,0.6
Evoformer,IPO11,2.905123,2.1491752,0.739788,0.6662035,0.9,0.55
Evoformer,IPO7,3.4282675,3.197301,0.93262875,0.8194248,1.0,0.7
Evoformer,IPO9,3.7055395,2.8599677,0.77180874,0.6899306,1.0,0.35
Evoformer,ISCA2,2.8335793,2.1958108,0.77492476,0.7118844,1.0,0.55
Evoformer,ISCU,1.9659,1.3355399,0.67935294,0.61741024,0.9,0.3
Evoformer,ISG20L2,7.495657,7.546808,1.006824,0.98115337,1.0,0.75
Evoformer,IST1,2.778879,2.001914,0.7204035,0.6198059,1.0,0.4
Evoformer,ITGB1BP1,3.187123,2.0301042,0.63697076,0.56478786,1.0,0.4
Evoformer,IWS1,3.2234616,2.2365575,0.69383717,0.6466646,0.9,0.4
Evoformer,JMJD6,2.1859052,1.2794994,0.58534074,0.49941045,0.95,0.3
Evoformer,KAT7,3.1229134,2.1763535,0.69689846,0.6213008,0.95,0.45
Evoformer,KCMF1,2.847496,1.9628038,0.6893087,0.5935371,0.9,0.3
Evoformer,KDM1A,3.4349482,2.540856,0.7397072,0.6883148,1.0,0.3
Evoformer,KDM6A,2.3354812,1.5898999,0.680759,0.6360418,0.95,0.1
Evoformer,KEAP1,4.264454,3.6340947,0.8521829,0.85575306,0.95,0.5
Evoformer,KIAA0586,4.037351,3.5178404,0.8713239,0.7972413,1.0,0.7
Evoformer,KIAA1143,2.252248,1.3040029,0.57897836,0.50478315,0.95,0.35
Evoformer,KIF11,2.1134508,1.4418981,0.68224823,0.58736956,1.0,0.6
Evoformer,KIF18B,4.0873756,4.0498033,0.9908077,0.9199059,1.0,0.7
Evoformer,KIN,6.620284,6.6767764,1.0085332,0.9909425,1.0,0.8
Evoformer,KRI1,6.525739,6.391007,0.9793537,0.96434665,1.0,0.85
Evoformer,KRR1,5.8679576,5.266371,0.89747936,0.8057808,1.0,0.7
Evoformer,KTI12,2.1902657,1.6341826,0.7461116,0.62676096,1.0,0.65
Evoformer,LAMB1,4.2201705,3.5079403,0.8312319,0.76550454,1.0,0.55
Evoformer,LAMTOR1,2.0237596,1.3274108,0.6559133,0.60401547,0.95,0.45
Evoformer,LAMTOR4,3.1992168,2.2249875,0.6954788,0.5829944,1.0,0.55
Evoformer,LARS,9.263174,9.036287,0.9755066,0.96646357,1.0,0.7
Evoformer,LARS2,3.3086765,2.864189,0.86566,0.7589266,1.0,0.5
Evoformer,LAS1L,5.111237,5.2563753,1.0283959,0.9930956,1.0,0.8
Evoformer,LDB1,2.530503,1.6217413,0.64087707,0.5492394,0.95,0.3
Evoformer,LETM1,2.8998585,2.597186,0.8956251,0.7836355,1.0,0.7
Evoformer,LIMS1,2.535514,1.5659602,0.6176105,0.53662276,0.95,0.25
Evoformer,LIN52,3.025075,2.0997589,0.69411796,0.6760274,1.0,0.45
Evoformer,LONP1,4.062392,3.6894321,0.908192,0.83831704,0.95,0.6
Evoformer,LPIN1,1.7404985,0.9811424,0.56371343,0.4816787,0.9,0.35
Evoformer,LRP5,2.963779,1.503612,0.50732934,0.54609215,0.95,0.4
Evoformer,LRR1,3.0338945,2.7318983,0.90045923,0.8172416,1.0,0.65
Evoformer,LSG1,7.408053,7.671036,1.0354996,1.0123855,1.0,0.75
Evoformer,LSM10,3.1992652,2.5691426,0.80304146,0.6492576,1.0,0.45
Evoformer,LSM12,2.945759,2.4529698,0.8327123,0.81936646,1.0,0.4
Evoformer,LSM2,7.410954,7.190843,0.97029924,0.9394755,1.0,0.6
Evoformer,LSM3,5.520939,4.8550534,0.8793891,0.8248308,1.0,0.4
Evoformer,LSM4,7.879846,7.724837,0.9803284,0.9464583,1.0,0.85
Evoformer,LSM5,5.3877397,5.185266,0.96241957,0.9538451,1.0,0.7
Evoformer,LSM6,8.023715,7.9126887,0.9861627,0.9766351,1.0,0.6
Evoformer,LSM7,5.377205,5.0460844,0.9384214,0.9245997,1.0,0.6
Evoformer,LTBP3,1.9939762,1.2805407,0.6422046,0.5726689,1.0,0.4
Evoformer,LTV1,8.420017,8.19832,0.97367024,0.9675014,1.0,0.7
Evoformer,LYRM4,2.9618468,2.12879,0.71873736,0.5965959,1.0,0.55
Evoformer,MAD2L1,2.6148434,2.1656892,0.82822907,0.728291,1.0,0.65
Evoformer,MAD2L2,2.0505426,1.4993608,0.731202,0.6879808,1.0,0.45
Evoformer,MAK16,8.642721,8.444121,0.97702116,0.92884225,1.0,0.8
Evoformer,MALSU1,2.948768,2.3629117,0.8013217,0.6881838,1.0,0.5
Evoformer,MANF,1.9949783,1.2172602,0.61016214,0.52448267,1.0,0.4
Evoformer,MAP2K7,4.1087403,3.4730709,0.84528846,0.79314923,1.0,0.6
Evoformer,MARS,6.442479,6.353814,0.98623747,0.9546603,1.0,0.7
Evoformer,MASTL,2.1750283,1.3715457,0.6305875,0.5537932,0.95,0.35
Evoformer,MAT2A,1.8053442,1.105661,0.6124378,0.5430557,0.95,0.4
Evoformer,MAX,3.9113514,3.2494748,0.83078057,0.73100454,0.95,0.5
Evoformer,MBD3,3.7491572,2.6271632,0.7007343,0.6418153,1.0,0.5
Evoformer,MBIP,2.9165587,1.7689507,0.6065198,0.5254616,1.0,0.4
Evoformer,MBNL1,3.4669125,2.999634,0.8652177,0.82499826,1.0,0.6
Evoformer,MBTPS1,3.0585241,2.5615184,0.83750147,0.81552124,1.0,0.65
Evoformer,MBTPS2,2.8758636,2.3564649,0.8193938,0.75775814,1.0,0.7
Evoformer,MCL1,2.1409853,1.5391693,0.718907,0.6465965,0.95,0.45
Evoformer,MCM2,5.3536215,5.1395946,0.96002203,0.89639527,1.0,0.8
Evoformer,MCM3,3.4456925,3.2546706,0.94456214,0.9260776,1.0,0.65
Evoformer,MCM3AP,2.8702023,1.9515479,0.6799339,0.5879515,1.0,0.6
Evoformer,MCM5,3.4988186,2.8070085,0.8022732,0.73040515,0.95,0.55
Evoformer,MCM6,5.3751173,5.244143,0.9756332,0.9720988,1.0,0.75
Evoformer,MCM7,2.595793,1.8937095,0.7295303,0.6341487,1.0,0.4
Evoformer,MCMBP,3.4135768,2.9541373,0.8654082,0.8347135,1.0,0.6
Evoformer,MDN1,7.535544,7.6814523,1.0193627,0.99357533,1.0,0.7
Evoformer,MED11,4.8092294,4.7275176,0.9830094,0.9630058,1.0,0.65
Evoformer,MED14,3.5237565,3.404014,0.96601856,0.95601666,1.0,0.65
Evoformer,MED16,2.5599403,1.6067924,0.6276679,0.56542933,1.0,0.25
Evoformer,MED17,7.3975577,6.825155,0.92262274,0.89060754,1.0,0.65
Evoformer,MED19,4.42775,4.292811,0.9695242,0.96126014,1.0,0.6
Evoformer,MED20,4.384005,4.1469417,0.94592535,0.92118067,1.0,0.7
Evoformer,MED21,5.57819,5.342811,0.9578037,0.9257742,1.0,0.7
Evoformer,MED26,4.279607,3.4610364,0.8087277,0.74639446,1.0,0.45
Evoformer,MED29,6.0433197,5.6404138,0.93333036,0.8908371,1.0,0.55
Evoformer,MED30,9.014765,8.684503,0.9633643,0.95359313,1.0,0.75
Evoformer,MED4,8.257049,8.203718,0.99354124,0.9972668,1.0,0.6
Evoformer,MED6,5.6372056,5.0898447,0.90290207,0.8499938,1.0,0.6
Evoformer,MED7,7.7300544,7.565521,0.97871506,0.97295564,1.0,0.65
Evoformer,MED8,5.232717,4.887308,0.93399054,0.9063794,1.0,0.7
Evoformer,MED9,9.540071,9.173626,0.9615889,0.9448798,1.0,0.75
Evoformer,MEN1,2.3912964,1.6888007,0.7062281,0.62989116,1.0,0.25
Evoformer,METAP1,3.3737445,2.587964,0.76708955,0.6806821,1.0,0.45
Evoformer,METAP2,3.2931585,2.281185,0.69270426,0.60938036,0.95,0.3
Evoformer,METTL1,2.8614938,1.7871232,0.62454206,0.552988,0.95,0.35
Evoformer,METTL14,3.349722,2.4227328,0.72326386,0.63650376,0.95,0.45
Evoformer,METTL17,3.2699554,2.2955966,0.7020269,0.63275486,1.0,0.4
Evoformer,METTL3,2.787392,2.2118487,0.7935191,0.73281705,1.0,0.55
Evoformer,MEX3A,5.3476415,4.6067314,0.8614511,0.8026883,1.0,0.65
Evoformer,MICOS10,2.6269922,1.9316553,0.7353106,0.65615994,1.0,0.55
Evoformer,MIOS,2.38968,1.6724695,0.6998718,0.60893804,0.9,0.35
Evoformer,MIPEP,2.684386,1.7593567,0.6554038,0.5795877,1.0,0.45
Evoformer,MIS18BP1,3.180644,2.9887238,0.93965995,0.84004796,1.0,0.75
Evoformer,MLLT6,2.8518307,2.5606358,0.89789194,0.8433873,0.95,0.55
Evoformer,MMS19,2.7236493,2.114232,0.77624977,0.69099,1.0,0.55
Evoformer,MMS22L,3.6229277,2.9635906,0.81800985,0.7299544,1.0,0.55
Evoformer,MNAT1,2.8067875,2.1541495,0.76747864,0.7072761,0.95,0.5
Evoformer,MOB4,2.616026,2.0814126,0.7956391,0.68012226,1.0,0.75
Evoformer,MON1A,2.158599,1.6862097,0.78115934,0.66956013,1.0,0.6
Evoformer,MPG,3.6129968,2.567679,0.71067846,0.6360896,1.0,0.35
Evoformer,MPHOSPH10,6.449708,6.3932443,0.99124557,0.97789043,1.0,0.75
Evoformer,MPHOSPH6,3.3717346,3.096539,0.9183816,0.8182613,1.0,0.7
Evoformer,MRGBP,4.1260953,3.3250284,0.80585355,0.8195329,0.95,0.4
Evoformer,MRM1,4.801457,4.336957,0.90325856,0.8982089,1.0,0.7
Evoformer,MRPL1,3.0807881,2.2105665,0.7175328,0.6033161,1.0,0.4
Evoformer,MRPL10,4.4791646,4.234137,0.94529617,0.8604979,1.0,0.5
Evoformer,MRPL14,2.5003812,1.69078,0.6762089,0.56354135,0.95,0.5
Evoformer,MRPL16,3.6261024,3.400275,0.9377217,0.8747884,1.0,0.65
Evoformer,MRPL18,4.4774394,4.2107635,0.94044006,0.88045996,1.0,0.6
Evoformer,MRPL20,3.4733713,2.6109307,0.75169927,0.6475934,1.0,0.45
Evoformer,MRPL24,3.9838293,3.8888664,0.9761629,0.9028299,1.0,0.65
Evoformer,MRPL27,4.2479496,4.17942,0.9838676,0.9202286,1.0,0.65
Evoformer,MRPL3,3.055053,2.7521267,0.90084416,0.78098893,1.0,0.65
Evoformer,MRPL32,3.6355383,3.216584,0.8847614,0.7900767,1.0,0.6
Evoformer,MRPL34,3.8393013,3.9828975,1.0374017,1.0015054,1.0,0.7
Evoformer,MRPL35,3.9905636,4.1155725,1.031326,1.0237736,1.0,0.6
Evoformer,MRPL36,3.2954135,3.3888173,1.0283436,1.0179546,1.0,0.65
Evoformer,MRPL37,3.678442,2.9761043,0.80906653,0.68978053,1.0,0.55
Evoformer,MRPL38,3.1979856,2.730304,0.85375744,0.75430965,1.0,0.7
Evoformer,MRPL39,3.4568944,3.061614,0.8856545,0.80186033,0.95,0.6
Evoformer,MRPL4,4.1048737,3.604365,0.8780697,0.7793767,1.0,0.65
Evoformer,MRPL41,4.536883,4.484228,0.9883941,0.92344856,1.0,0.65
Evoformer,MRPL49,5.0192676,4.7932878,0.9549775,0.8868376,1.0,0.6
Evoformer,MRPL50,3.3395379,2.4296994,0.7275556,0.6339567,1.0,0.5
Evoformer,MRPL51,4.081273,3.6777627,0.9011313,0.8332702,1.0,0.65
Evoformer,MRPL54,3.737419,3.403674,0.91070175,0.82350785,1.0,0.65
Evoformer,MRPL9,3.4909706,2.9582858,0.8474107,0.7396534,1.0,0.6
Evoformer,MRPS10,4.138545,3.697786,0.8934991,0.7915418,1.0,0.65
Evoformer,MRPS16,2.7248337,2.0267417,0.7438038,0.64147455,1.0,0.4
Evoformer,MRPS17,3.1859775,2.6003737,0.8161934,0.72873473,1.0,0.35
Evoformer,MRPS21,3.3194733,2.937655,0.88497627,0.8159692,1.0,0.55
Evoformer,MRPS23,3.8450332,3.3628054,0.87458426,0.78125167,1.0,0.65
Evoformer,MRPS25,3.8212245,3.155145,0.8256895,0.7394874,1.0,0.55
Evoformer,MRPS26,4.3428087,3.9620707,0.9123291,0.8051965,1.0,0.7
Evoformer,MRPS30,4.875607,4.710798,0.9661972,0.873512,1.0,0.6
Evoformer,MRPS33,3.5075333,2.8039112,0.7993969,0.68403095,1.0,0.65
Evoformer,MRPS34,3.7880774,3.318075,0.87592584,0.79348916,1.0,0.3
Evoformer,MRPS35,4.95656,4.655961,0.9393533,0.83292824,1.0,0.8
Evoformer,MRPS5,4.3981676,4.1697726,0.9480704,0.85836947,1.0,0.65
Evoformer,MRPS6,2.6310282,1.9696426,0.74862087,0.6817478,1.0,0.3
Evoformer,MRPS7,2.6049404,1.6816764,0.64557195,0.5337271,0.9,0.4
Evoformer,MRPS9,3.850311,3.1535554,0.8190391,0.7066503,1.0,0.55
Evoformer,MSL1,3.1754525,2.2467391,0.70753354,0.68711966,0.95,0.3
Evoformer,MSRB1,2.692217,1.6243072,0.60333437,0.5519818,1.0,0.35
Evoformer,MST1,2.6930208,1.4842619,0.5511513,0.47015926,0.9,0.35
Evoformer,MTG2,1.918477,1.3070594,0.6813005,0.59190524,0.95,0.3
Evoformer,MTHFD1,3.0641184,2.0251958,0.66093916,0.57775366,1.0,0.3
Evoformer,MTOR,2.4238892,1.8231189,0.7521462,0.6738907,1.0,0.45
Evoformer,MVD,2.8171098,2.2469857,0.7976209,0.6767061,1.0,0.6
Evoformer,MVK,1.4152048,0.76014256,0.5371255,0.46569097,0.85,0.25
Evoformer,MYBBP1A,6.0792375,6.1068754,1.0045463,0.979157,1.0,0.8
Evoformer,MYBL2,3.26748,2.9861717,0.9139067,0.87216973,0.95,0.8
Evoformer,MYC,5.52264,5.181959,0.93831193,0.92092705,1.0,0.4
Evoformer,MYCBP,2.2617216,1.2894151,0.57010335,0.48613536,0.95,0.25
Evoformer,MYSM1,2.6892278,1.65924,0.616995,0.53824425,0.95,0.25
Evoformer,MZT1,2.9699922,1.9204571,0.6466203,0.53633446,1.0,0.35
Evoformer,NAA10,4.9418464,4.445274,0.8995168,0.85855985,1.0,0.6
Evoformer,NAA15,3.618459,2.533054,0.7000367,0.64592904,0.95,0.3
Evoformer,NAA20,2.7310417,1.7691625,0.6477977,0.5765534,0.95,0.25
Evoformer,NAA25,2.9870884,2.4476774,0.81941915,0.7113623,0.9,0.55
Evoformer,NAA30,3.0348203,2.109589,0.69512814,0.6008138,0.95,0.4
Evoformer,NAA35,2.0661192,1.1902014,0.5760565,0.4881467,0.9,0.4
Evoformer,NAA50,2.9839423,2.4251869,0.8127459,0.7225299,1.0,0.65
Evoformer,NACA,7.6045337,7.623259,1.0024624,0.97517765,1.0,0.75
Evoformer,NAF1,2.9700363,2.5530422,0.85959965,0.7586475,1.0,0.75
Evoformer,NAGLU,1.8098263,1.0206645,0.56395715,0.49059525,0.95,0.2
Evoformer,NAPG,2.050606,1.3431959,0.6550239,0.57186425,0.95,0.5
Evoformer,NARS,6.890522,6.805104,0.98760355,0.98505676,1.0,0.65
Evoformer,NARS2,1.8260266,1.0986254,0.6016481,0.50294495,0.9,0.3
Evoformer,NBAS,4.2610097,3.7748616,0.88590777,0.8165093,1.0,0.55
Evoformer,NCAPD2,2.1904821,1.4111558,0.64422154,0.577672,1.0,0.25
Evoformer,NCAPG2,3.428238,3.0786223,0.8980189,0.8245074,1.0,0.6
Evoformer,NCAPH2,4.1173053,3.906684,0.94884485,0.8776069,1.0,0.8
Evoformer,NCKAP1,2.659587,1.7112236,0.64341706,0.581583,1.0,0.35
Evoformer,NDC1,2.7883244,1.7730087,0.6358689,0.5833654,0.95,0.35
Evoformer,NDUFA11,3.4367347,2.7756581,0.807644,0.69968706,1.0,0.65
Evoformer,NDUFA2,5.50868,4.99626,0.90697956,0.8953811,0.95,0.55
Evoformer,NDUFA3,5.4650493,5.097673,0.9327771,0.8404963,1.0,0.6
Evoformer,NDUFA6,4.5166197,4.1966214,0.92915094,0.8475858,1.0,0.65
Evoformer,NDUFAB1,5.5012064,5.5345373,1.0060588,0.9797402,1.0,0.7
Evoformer,NDUFAF3,2.9961205,1.9877322,0.66343534,0.5699696,1.0,0.45
Evoformer,NDUFAF5,3.2102706,2.303142,0.7174293,0.6313998,1.0,0.6
Evoformer,NDUFAF7,4.2240095,4.022592,0.95231605,0.84083,1.0,0.8
Evoformer,NDUFB3,3.0731711,2.3781812,0.7738525,0.6600819,1.0,0.5
Evoformer,NDUFB4,5.004232,4.7425046,0.9476988,0.8735275,1.0,0.65
Evoformer,NDUFB8,4.725877,4.313012,0.9126375,0.8161773,1.0,0.7
Evoformer,NDUFS3,4.044398,3.4029374,0.8413953,0.7218363,1.0,0.45
Evoformer,NELFA,5.671689,4.6681886,0.8230685,0.815129,0.95,0.55
Evoformer,NELFB,3.2485328,2.4357984,0.7498149,0.72489196,1.0,0.4
Evoformer,NELFCD,3.6456141,2.679873,0.7350951,0.69243735,0.95,0.4
Evoformer,NELFE,4.939256,3.7274454,0.7546572,0.7601954,0.95,0.45
Evoformer,NEMF,2.28289,1.3073589,0.5726771,0.5007465,1.0,0.2
Evoformer,NFATC2IP,2.0724843,1.1676443,0.5634032,0.5039658,1.0,0.35
Evoformer,NFKBIE,3.458813,2.5201812,0.728626,0.6590363,0.95,0.3
Evoformer,NFRKB,2.9000826,2.3630836,0.8148332,0.74691874,1.0,0.35
Evoformer,NFS1,3.995251,3.6069639,0.90281284,0.84026617,1.0,0.65
Evoformer,NFYB,2.2862356,1.4554341,0.6366072,0.5831735,1.0,0.3
Evoformer,NFYC,3.867114,2.7363148,0.70758575,0.763975,0.95,0.25
Evoformer,NHLRC2,2.7335608,1.6071119,0.5879189,0.51539654,0.95,0.25
Evoformer,NHP2,4.230118,3.7265522,0.88095707,0.7681763,1.0,0.8
Evoformer,NIFK,8.214389,7.9864383,0.97224987,0.9759175,0.95,0.75
Evoformer,NIP7,4.461738,4.11092,0.9213719,0.81714106,1.0,0.8
Evoformer,NISCH,1.959341,1.2704753,0.6484197,0.55976605,1.0,0.3
Evoformer,NKAP,9.031183,8.586646,0.95077753,0.95208704,1.0,0.6
Evoformer,NKAPD1,2.5964892,1.7418973,0.6708664,0.59951353,1.0,0.35
Evoformer,NLE1,8.111597,8.14195,1.0037419,0.99289507,1.0,0.7
Evoformer,NMD3,6.0975657,6.2099447,1.0184301,0.9908559,1.0,0.7
Evoformer,NOB1,3.492291,3.2202013,0.92208844,0.84220654,1.0,0.55
Evoformer,NOC3L,5.896483,5.967687,1.0120757,0.9843691,1.0,0.7
Evoformer,NOC4L,6.1957736,5.9914765,0.9670264,0.9127287,1.0,0.8
Evoformer,NOL10,6.0088263,5.734365,0.95432365,0.9331609,1.0,0.7
Evoformer,NOL11,8.723909,8.621662,0.98827964,0.97343934,1.0,0.7
Evoformer,NOL12,5.589335,5.5591693,0.994603,0.96771145,1.0,0.75
Evoformer,NOL6,6.8523192,6.7223086,0.98102677,0.94737285,1.0,0.7
Evoformer,NOL7,2.543852,1.7482915,0.68726146,0.58711,1.0,0.35
Evoformer,NOL8,7.2623434,7.3030295,1.0056024,1.002017,1.0,0.75
Evoformer,NOLC1,4.155679,3.8173292,0.9185813,0.86485493,1.0,0.75
Evoformer,NOM1,5.4370255,5.2039127,0.95712495,0.94944644,1.0,0.75
Evoformer,NOMO1,2.405654,1.4760827,0.6135889,0.550148,0.95,0.35
Evoformer,NOP14,6.5395284,6.4452934,0.9855899,0.99056506,1.0,0.7
Evoformer,NOP16,7.8407316,7.7597437,0.9896709,0.9315782,1.0,0.75
Evoformer,NOP58,7.2462583,7.0174055,0.9684178,0.95622534,1.0,0.8
Evoformer,NOP9,2.4540231,1.6040982,0.6536606,0.57073635,0.95,0.5
Evoformer,NOS1AP,2.4504294,1.496597,0.6107489,0.5242058,0.95,0.3
Evoformer,NPLOC4,7.7028832,7.5469303,0.979754,0.97900724,1.0,0.6
Evoformer,NPM1,4.2525434,3.100257,0.7290359,0.7833681,1.0,0.65
Evoformer,NRBP1,3.2001288,2.3666441,0.73954654,0.65543157,1.0,0.45
Evoformer,NRDE2,3.9218519,3.246081,0.8276909,0.7813688,1.0,0.55
Evoformer,NSA2,6.3431277,6.3389964,0.9993487,0.9697584,1.0,0.85
Evoformer,NSMCE2,2.4449484,1.81971,0.74427336,0.6433192,0.95,0.5
Evoformer,NSUN4,2.0275764,1.2400724,0.61160326,0.50617695,1.0,0.5
Evoformer,NUB1,2.3568194,1.5644603,0.6638015,0.6248218,0.9,0.3
Evoformer,NUBP2,2.4821768,1.4662433,0.5907086,0.5224183,0.9,0.2
Evoformer,NUDC,3.7853131,3.5466876,0.93696016,0.84831345,1.0,0.65
Evoformer,NUDCD3,3.0324664,2.4978054,0.82368773,0.78762954,1.0,0.55
Evoformer,NUDT15,2.6026652,1.6468382,0.6327507,0.57689255,1.0,0.35
Evoformer,NUFIP1,2.635387,1.8248545,0.6924427,0.5875787,1.0,0.5
Evoformer,NUP107,5.1257577,4.8458667,0.9453952,0.950859,1.0,0.5
Evoformer,NUP133,2.4604669,2.0229428,0.8221784,0.77515846,1.0,0.6
Evoformer,NUP153,3.5935073,3.076552,0.8561418,0.8482308,1.0,0.45
Evoformer,NUP160,5.806134,5.377717,0.926213,0.9046905,1.0,0.65
Evoformer,NUP214,2.4065409,1.899767,0.78941816,0.723169,1.0,0.55
Evoformer,NUP35,2.3977897,1.4599262,0.60886335,0.5223429,1.0,0.25
Evoformer,NUP43,1.9736569,1.2052642,0.61067563,0.5289297,0.95,0.3
Evoformer,NUP54,5.477287,5.2213287,0.9532692,0.8536095,1.0,0.65
Evoformer,NUP62,6.9928794,6.589624,0.9423334,0.9152487,1.0,0.55
Evoformer,NUP85,2.6938374,2.1989136,0.81627554,0.7643102,0.95,0.45
Evoformer,NUP88,2.8761017,2.5752869,0.8954088,0.8851154,1.0,0.6
Evoformer,NUP98,7.5759487,7.308228,0.9646618,0.971197,1.0,0.7
Evoformer,NUTF2,4.525183,4.114816,0.9093148,0.89211285,1.0,0.55
Evoformer,NVL,7.5347795,7.6062546,1.009486,0.99275166,1.0,0.8
Evoformer,OGFOD1,3.2521417,2.4473302,0.7525288,0.6819319,1.0,0.45
Evoformer,OIP5,2.3759985,1.4379015,0.60517776,0.5303234,1.0,0.35
Evoformer,OLFML3,1.9158112,1.1596792,0.60532016,0.5392588,0.95,0.2
Evoformer,OPA1,3.7662854,3.4492972,0.9158353,0.7508685,1.0,0.6
Evoformer,ORC3,2.9007027,1.7715846,0.6107433,0.54309654,0.9,0.25
Evoformer,ORC4,2.2697535,1.2953087,0.5706826,0.50453514,1.0,0.2
Evoformer,ORC5,2.0450494,1.3134519,0.64225924,0.57398856,0.95,0.3
Evoformer,ORC6,3.8671453,3.479597,0.89978445,0.8128791,1.0,0.75
Evoformer,OSGEP,3.053641,2.1455445,0.7026184,0.59846985,1.0,0.45
Evoformer,OSTC,3.3538437,2.5492566,0.7601,0.6496978,0.9,0.5
Evoformer,PABPC1,9.182985,8.56267,0.93244946,0.97065824,1.0,0.6
Evoformer,PABPC4,3.313994,2.214972,0.66836935,0.6622471,1.0,0.45
Evoformer,PABPN1,4.774321,3.8158321,0.79924077,0.81804943,1.0,0.25
Evoformer,PAF1,9.230793,8.579557,0.9294497,0.90853995,1.0,0.55
Evoformer,PALB2,2.5757134,1.7677116,0.6862998,0.59873265,0.95,0.25
Evoformer,PAM16,7.4587865,7.483033,1.0032507,0.9634656,1.0,0.6
Evoformer,PARN,1.8544759,1.24037,0.6688521,0.57354933,1.0,0.55
Evoformer,PAXBP1,3.9335027,3.1556854,0.8022584,0.7640688,1.0,0.45
Evoformer,PCBP1,4.319369,4.0576935,0.93941814,0.91991115,1.0,0.7
Evoformer,PCID2,2.48529,1.6971614,0.68288267,0.59926873,1.0,0.35
Evoformer,PCNA,6.6289725,6.359327,0.95932317,0.9550599,1.0,0.65
Evoformer,PCNX3,2.148493,1.3623781,0.6341087,0.55285376,0.95,0.25
Evoformer,PDAP1,3.1120107,2.006337,0.64470756,0.5450746,1.0,0.25
Evoformer,PDCD11,7.864855,7.7494707,0.98532915,1.0052187,1.0,0.75
Evoformer,PDCD5,2.0939121,1.5546167,0.742446,0.63096005,0.95,0.35
Evoformer,PDCD6,2.7552228,1.6475137,0.59796023,0.54714227,1.0,0.3
Evoformer,PDCD6IP,1.8501008,1.159498,0.6267215,0.53909487,1.0,0.3
Evoformer,PDHA1,2.4189005,1.6538559,0.6837222,0.6167478,0.95,0.35
Evoformer,PDRG1,4.4421973,3.9092345,0.8800227,0.8350288,1.0,0.5
Evoformer,PELP1,6.712279,6.6677837,0.99337107,0.9724924,1.0,0.75
Evoformer,PES1,7.502975,7.4637914,0.99477756,0.9810347,1.0,0.85
Evoformer,PET117,2.600553,1.9622067,0.7545344,0.6704162,1.0,0.55
Evoformer,PEX19,2.9326668,2.1733334,0.74107754,0.6454397,1.0,0.35
Evoformer,PFDN2,5.8189106,5.184102,0.890906,0.8604176,0.95,0.5
Evoformer,PFDN4,2.441734,1.4726392,0.60311204,0.5402987,0.95,0.4
Evoformer,PFDN6,3.1776664,2.1223876,0.66790766,0.582902,1.0,0.45
Evoformer,PFN1,3.275899,1.9699224,0.60133797,0.7176044,1.0,0.4
Evoformer,PGAM1,2.8498838,1.7472537,0.6130965,0.69083923,0.9,0.2
Evoformer,PGD,3.2427683,2.2101579,0.68156517,0.5976356,1.0,0.35
Evoformer,PGK1,2.341899,1.4047124,0.5998177,0.6105165,0.95,0.4
Evoformer,PGPEP1,3.665766,2.9350832,0.8006739,0.7172665,1.0,0.6
Evoformer,PGS1,3.2084532,2.3820207,0.74242026,0.5982661,1.0,0.5
Evoformer,PHB,9.429797,9.338521,0.99032044,0.9835761,1.0,0.7
Evoformer,PHB2,9.270094,9.226231,0.9952683,0.98354113,1.0,0.8
Evoformer,PHF12,2.7863822,1.8871229,0.67726636,0.6063117,1.0,0.35
Evoformer,PI4KA,1.7726814,1.4809682,0.8354396,0.81198156,1.0,0.4
Evoformer,PIAS1,2.697004,1.8605043,0.6898411,0.64618236,0.85,0.3
Evoformer,PIGH,2.9868457,2.0226393,0.6771824,0.5593774,1.0,0.6
Evoformer,PITRM1,1.9630673,1.2083689,0.6155514,0.546813,0.95,0.3
Evoformer,PLEKHN1,3.0462012,2.0922644,0.6868438,0.57368594,1.0,0.45
Evoformer,PLK1,3.485482,2.7532566,0.78992134,0.73456764,0.95,0.6
Evoformer,PLK4,2.7341022,2.6204352,0.9584262,0.9126085,1.0,0.55
Evoformer,PMF1,3.8617268,3.760115,0.97368747,0.9388959,1.0,0.85
Evoformer,PMPCA,4.31582,4.059903,0.94070256,0.8394701,1.0,0.75
Evoformer,PMPCB,5.819714,6.03455,1.0369152,1.035476,1.0,0.55
Evoformer,PNKP,2.9738925,2.075455,0.6978917,0.6154784,1.0,0.4
Evoformer,PNN,4.2518167,3.5805786,0.8421291,0.79903436,1.0,0.7
Evoformer,PNO1,7.515352,7.2579,0.96574324,0.96454865,1.0,0.75
Evoformer,PNPT1,4.512686,3.9058495,0.86552656,0.8455326,0.95,0.55
Evoformer,POGLUT3,0.949327,0.6707095,0.7065105,0.6345475,1.0,0.3
Evoformer,POGZ,2.786352,1.7568876,0.6305333,0.51759535,0.9,0.4
Evoformer,POLA1,6.3263416,5.838408,0.9228727,0.8995528,1.0,0.55
Evoformer,POLD1,7.0685563,6.6714044,0.9438143,0.91770715,1.0,0.65
Evoformer,POLD2,6.841735,6.410889,0.93702686,0.8947032,1.0,0.6
Evoformer,POLE,7.468443,6.8064046,0.91135526,0.87434316,1.0,0.65
Evoformer,POLG2,2.8670516,1.7553782,0.61225903,0.48936594,0.95,0.35
Evoformer,POLL,4.7656493,4.405286,0.9243831,0.9009242,0.95,0.5
Evoformer,POLR1D,6.1337156,5.828938,0.95031106,0.92981505,1.0,0.75
Evoformer,POLR1E,6.502315,6.4079714,0.98549074,0.9764391,1.0,0.7
Evoformer,POLR2B,8.220969,7.800411,0.94884324,0.9559918,1.0,0.65
Evoformer,POLR2C,8.111291,7.662281,0.94464386,0.94307363,1.0,0.6
Evoformer,POLR2E,8.471163,8.0365715,0.94869757,0.94272727,1.0,0.7
Evoformer,POLR2F,5.708194,5.2991285,0.92833716,0.8915138,1.0,0.65
Evoformer,POLR2G,9.817696,9.285318,0.9457737,0.9401341,1.0,0.65
Evoformer,POLR2H,10.308628,9.537482,0.92519414,0.90048593,1.0,0.6
Evoformer,POLR2I,8.550869,8.240264,0.9636756,0.9694196,1.0,0.7
Evoformer,POLR2K,7.5864253,7.176377,0.94594973,0.9285103,0.95,0.7
Evoformer,POLR2M,2.8026521,2.1150272,0.7546521,0.7034619,0.95,0.5
Evoformer,POLR3B,4.444381,4.0387764,0.9087376,0.84526217,1.0,0.75
Evoformer,POLR3C,3.664156,2.785235,0.76013,0.6883872,0.95,0.35
Evoformer,POLR3D,5.435463,5.200656,0.95680094,0.92161536,1.0,0.45
Evoformer,POLR3E,2.67347,1.8004342,0.6734447,0.5851482,1.0,0.5
Evoformer,POLR3F,3.0851068,2.415206,0.78285974,0.71926093,1.0,0.3
Evoformer,POLR3K,3.6976974,2.7988846,0.75692636,0.7086245,1.0,0.45
Evoformer,POLRMT,5.5225143,5.8537774,1.0599841,0.9252382,1.0,0.65
Evoformer,POP1,6.382973,6.18999,0.96976596,0.9454722,1.0,0.75
Evoformer,POP4,6.5103474,6.5053716,0.9992357,1.0039656,1.0,0.8
Evoformer,POP5,3.902972,3.65775,0.93717045,0.863882,1.0,0.65
Evoformer,POP7,5.975526,5.711694,0.95584786,0.91798705,1.0,0.65
Evoformer,PPA1,2.5124793,1.7169807,0.683381,0.6135929,1.0,0.4
Evoformer,PPA2,3.0455315,2.1972995,0.7214831,0.61912817,0.95,0.35
Evoformer,PPAN,8.434944,8.28655,0.98240715,0.95755434,1.0,0.75
Evoformer,PPIA,2.623257,1.688682,0.6437349,0.61281073,0.95,0.25
Evoformer,PPIL2,5.719928,5.478354,0.9577663,0.9055274,1.0,0.65
Evoformer,PPME1,2.9963443,2.222882,0.7418647,0.6368018,0.95,0.5
Evoformer,PPP1R11,4.0964713,3.621297,0.88400394,0.8074934,1.0,0.5
Evoformer,PPP1R15B,3.9625382,3.2476642,0.8195919,0.73320425,1.0,0.5
Evoformer,PPP1R2,2.183785,1.7041649,0.7803721,0.72688174,1.0,0.5
Evoformer,PPP1R37,1.120843,0.6919331,0.6173327,0.55735373,0.95,0.35
Evoformer,PPP1R8,2.8400283,2.1771436,0.7665922,0.6999549,1.0,0.45
Evoformer,PPP2CA,2.3964267,1.5207317,0.634583,0.53813684,1.0,0.55
Evoformer,PPP2R1A,1.9330583,1.4102699,0.7295537,0.6576709,0.9,0.4
Evoformer,PPP2R3C,2.9446683,2.1529756,0.73114365,0.64026874,0.95,0.55
Evoformer,PPP6C,2.4193652,2.3692498,0.9792857,1.0141326,0.95,0.5
Evoformer,PPRC1,4.025551,3.5130217,0.872681,0.7197614,1.0,0.8
Evoformer,PRC1,2.201568,1.3370425,0.60731375,0.52712554,1.0,0.3
Evoformer,PRDM4,2.626531,1.587025,0.6042286,0.5090917,1.0,0.5
Evoformer,PRELID1,7.8782907,7.6172357,0.966864,0.9391618,1.0,0.6
Evoformer,PRELID3B,8.093668,8.269569,1.0217332,1.0056949,1.0,0.75
Evoformer,PRIM1,7.350192,6.8013277,0.9253265,0.8839003,1.0,0.75
Evoformer,PRIM2,5.914118,5.2261376,0.8836715,0.8441453,1.0,0.65
Evoformer,PRKCA,2.9135432,1.9254308,0.6608554,0.58419865,1.0,0.3
Evoformer,PRORP,3.2150621,2.1243463,0.6607481,0.5821275,0.95,0.4
Evoformer,PRPF19,5.062123,4.535868,0.89604074,0.8955665,1.0,0.65
Evoformer,PRPF3,8.517435,8.411225,0.9875303,0.9944156,1.0,0.65
Evoformer,PRPF31,7.5718865,7.4984055,0.9902955,0.98880976,1.0,0.6
Evoformer,PRPF39,2.619714,2.0339413,0.7763982,0.6757479,1.0,0.5
Evoformer,PRPF4,7.469994,7.3364835,0.9821271,0.9866898,1.0,0.7
Evoformer,PRPF40A,7.494878,7.064469,0.9425729,0.9281943,1.0,0.6
Evoformer,PRPF4B,4.3616486,3.5493186,0.8137562,0.7327241,0.9,0.55
Evoformer,PRPF8,7.399146,7.2842197,0.9844676,0.96300066,1.0,0.7
Evoformer,PRRC2A,4.0957303,3.6572087,0.892932,0.8197136,1.0,0.5
Evoformer,PSAT1,2.31228,1.5403448,0.66615844,0.6269234,1.0,0.55
Evoformer,PSMA3,12.1766405,11.855214,0.973603,0.98425734,1.0,0.6
Evoformer,PSMA4,11.405958,11.187402,0.9808384,1.0053104,1.0,0.55
Evoformer,PSMB1,7.6881657,7.365416,0.95802,0.93576807,1.0,0.7
Evoformer,PSMB2,11.1824875,11.025379,0.9859505,1.0094141,1.0,0.7
Evoformer,PSMB3,11.879647,11.579767,0.97475684,0.9778911,1.0,0.75
Evoformer,PSMB5,12.717336,12.381424,0.9735863,0.9989219,1.0,0.7
Evoformer,PSMC1,11.927312,11.54755,0.96816033,0.9847013,1.0,0.65
Evoformer,PSMC4,11.1264105,10.982664,0.98708063,1.0020074,1.0,0.8
Evoformer,PSMC5,12.196046,12.07206,0.9898339,1.0223103,1.0,0.7
Evoformer,PSMD11,11.161508,10.973499,0.98315567,0.99105114,1.0,0.7
Evoformer,PSMD14,10.443808,10.328775,0.9889856,0.9972681,1.0,0.8
Evoformer,PSMD4,5.6347804,5.212261,0.92501587,0.8731128,1.0,0.65
Evoformer,PSME1,2.9218533,1.6924402,0.57923514,0.5189339,0.95,0.35
Evoformer,PSME2,2.4369998,1.4311354,0.587253,0.5231775,1.0,0.3
Evoformer,PSMG1,2.3799803,1.5746803,0.6616359,0.6281503,1.0,0.2
Evoformer,PSMG2,3.0185103,1.8474747,0.6120485,0.52189183,1.0,0.35
Evoformer,PTCD1,2.670896,1.977435,0.7403639,0.6534751,0.95,0.5
Evoformer,PTCD3,3.2130241,2.0670652,0.64333946,0.54773694,1.0,0.25
Evoformer,PTEN,2.4123833,1.7702962,0.733837,0.6581527,1.0,0.4
Evoformer,PTGR2,2.9667213,1.8614426,0.627441,0.5425077,1.0,0.35
Evoformer,PTMA,4.3319173,3.2152007,0.74221194,0.8062367,1.0,0.45
Evoformer,PTPMT1,2.5474365,1.5015097,0.58941984,0.5261286,0.9,0.2
Evoformer,PTPN1,2.0563,1.2539493,0.60980856,0.5205111,1.0,0.35
Evoformer,PTPN11,2.1654105,1.2740793,0.5883777,0.5007821,1.0,0.45
Evoformer,PUF60,4.171093,3.1867962,0.7640194,0.7227447,0.9,0.35
Evoformer,PXN,3.353547,2.7635207,0.824059,0.73982984,1.0,0.65
Evoformer,PYROXD1,2.440845,1.7636517,0.72255784,0.6001011,1.0,0.55
Evoformer,PYURF,4.194021,4.0230255,0.9592287,0.871226,1.0,0.7
Evoformer,QARS,9.195697,8.947472,0.97300637,0.9893361,1.0,0.5
Evoformer,QRSL1,2.392809,1.6543511,0.69138455,0.585832,1.0,0.3
Evoformer,RAB4A,1.9438928,1.2870713,0.6621102,0.58522934,1.0,0.35
Evoformer,RAB4B,1.3419507,0.79988295,0.59605986,0.5160895,1.0,0.3
Evoformer,RAB6A,3.4113154,2.507457,0.7350411,0.6343727,0.95,0.5
Evoformer,RABGGTA,7.417123,7.403569,0.99817264,1.033301,1.0,0.55
Evoformer,RABGGTB,5.1473956,4.9033136,0.95258147,0.9248596,1.0,0.7
Evoformer,RAC1,2.639205,1.6931566,0.6415404,0.56374454,0.95,0.25
Evoformer,RAC3,3.8730638,3.5585787,0.91880196,0.8934843,1.0,0.65
Evoformer,RAD51,4.504777,3.9787457,0.8832281,0.8046795,1.0,0.75
Evoformer,RAD51C,3.0688848,2.077695,0.6770195,0.5899953,1.0,0.35
Evoformer,RAD51D,2.6051042,1.5522023,0.5958312,0.50541764,0.85,0.25
Evoformer,RAD9A,2.6560853,1.8634053,0.7015608,0.6110621,0.9,0.6
Evoformer,RAE1,5.603784,5.1771016,0.92385817,0.8673721,0.95,0.75
Evoformer,RAMAC,3.6252515,2.6469274,0.7301362,0.58505577,1.0,0.5
Evoformer,RAN,5.06697,4.651752,0.918054,0.88749623,1.0,0.65
Evoformer,RARS,6.135986,5.9485087,0.9694463,0.9256339,1.0,0.65
Evoformer,RARS2,2.768286,2.4728107,0.8932642,0.84162384,1.0,0.6
Evoformer,RBBP4,2.580681,1.4138469,0.547858,0.4742841,0.9,0.35
Evoformer,RBBP5,5.19759,4.4891133,0.86369133,0.8105546,1.0,0.45
Evoformer,RBBP8,5.041733,4.75724,0.9435724,0.8612767,1.0,0.75
Evoformer,RBM10,2.240855,1.6008557,0.71439505,0.6908507,1.0,0.25
Evoformer,RBM15,2.6989276,1.9512032,0.722955,0.6513374,1.0,0.45
Evoformer,RBM17,4.2347484,3.3383167,0.78831524,0.730985,0.95,0.3
Evoformer,RBM19,5.994122,5.545118,0.9250926,0.8646067,1.0,0.65
Evoformer,RBM28,7.2685018,7.310011,1.0057108,0.9909143,1.0,0.8
Evoformer,RBM33,3.0499184,2.0367002,0.66778845,0.5987699,0.95,0.25
Evoformer,RBM4,3.1815329,2.091297,0.65732366,0.5641593,0.9,0.25
Evoformer,RBM42,4.3152475,3.9450023,0.9142007,0.8439727,1.0,0.65
Evoformer,RBM48,2.8003404,2.0997574,0.7498222,0.62945366,1.0,0.65
Evoformer,RBMX2,5.307366,4.5839305,0.86369216,0.9036376,0.95,0.4
Evoformer,RBMXL1,3.0192463,2.0830717,0.68993104,0.5913121,1.0,0.4
Evoformer,RBX1,4.1425667,3.8918452,0.9394768,0.86991113,1.0,0.6
Evoformer,RCC1,2.1277063,1.8066344,0.8490995,0.774655,1.0,0.55
Evoformer,RCL1,7.1070647,7.0994177,0.998924,1.0007092,1.0,0.75
Evoformer,RFC2,3.4225717,2.9315634,0.8565382,0.7433691,1.0,0.75
Evoformer,RFC3,3.6692512,3.2807748,0.89412653,0.8278778,1.0,0.7
Evoformer,RFC4,4.124379,3.501931,0.84908074,0.7488591,1.0,0.6
Evoformer,RFC5,2.6234992,1.8256614,0.6958879,0.58935887,0.95,0.4
Evoformer,RHOQ,1.4645094,0.91927,0.62769824,0.5554529,1.0,0.25
Evoformer,RINT1,3.2096305,2.5418656,0.7919496,0.69999135,1.0,0.45
Evoformer,RIOK1,6.1813912,5.924364,0.9584192,0.9279307,1.0,0.7
Evoformer,RMI1,2.7569377,1.7204145,0.62403095,0.5188907,0.95,0.3
Evoformer,RNASEH2C,1.9666724,1.5458833,0.78604007,0.78391653,0.95,0.55
Evoformer,RNF103,2.9997485,1.9680221,0.65606236,0.5409631,1.0,0.4
Evoformer,RNF113A,7.4675617,6.7476273,0.90359175,0.90906596,1.0,0.5
Evoformer,RNF123,2.1035423,1.1038246,0.52474564,0.4555917,0.9,0.15
Evoformer,RNF14,1.9447635,1.1118729,0.5717265,0.47376433,0.95,0.3
Evoformer,RNF8,1.4187824,0.8207583,0.57849485,0.5066967,1.0,0.3
Evoformer,RNGTT,2.5256832,1.7076811,0.6761264,0.596987,0.9,0.15
Evoformer,RNPC3,3.728963,2.873193,0.7705073,0.7130449,1.0,0.5
Evoformer,ROMO1,3.381459,2.619054,0.77453375,0.6426386,1.0,0.55
Evoformer,RPA1,7.9715743,7.541143,0.9460042,0.901326,1.0,0.65
Evoformer,RPA2,8.846294,8.376988,0.9469489,0.92525315,1.0,0.55
Evoformer,RPA3,5.558235,5.3791075,0.96777254,0.9438855,1.0,0.6
Evoformer,RPAP1,9.053667,8.476391,0.9362384,0.91744065,0.95,0.7
Evoformer,RPAP2,8.580495,8.126192,0.947054,0.91227525,1.0,0.75
Evoformer,RPAP3,3.8152003,3.047656,0.7988194,0.734774,1.0,0.5
Evoformer,RPF1,6.757993,6.6817822,0.98872286,0.9738068,1.0,0.8
Evoformer,RPIA,2.5160086,1.7749343,0.7054564,0.6210507,0.95,0.4
Evoformer,RPL10,10.042094,9.63943,0.95990235,1.0002385,1.0,0.6
Evoformer,RPL10A,9.833056,9.673361,0.9837593,0.990092,1.0,0.65
Evoformer,RPL11,8.354897,8.129156,0.97298104,0.9615233,1.0,0.7
Evoformer,RPL13,10.019,9.153755,0.9136396,0.9605874,1.0,0.65
Evoformer,RPL14,10.927844,10.360324,0.9480666,0.9751082,1.0,0.55
Evoformer,RPL15,9.132358,8.857984,0.96995586,0.93863785,1.0,0.6
Evoformer,RPL17,11.065269,10.48145,0.94723856,0.9791352,1.0,0.6
Evoformer,RPL18,10.149169,9.804146,0.9660048,0.964039,1.0,0.65
Evoformer,RPL18A,9.051449,8.812683,0.97362125,0.94707286,1.0,0.65
Evoformer,RPL23,10.120117,9.912351,0.97946995,0.9797251,1.0,0.65
Evoformer,RPL23A,10.681197,10.300269,0.9643366,0.9564391,1.0,0.65
Evoformer,RPL24,9.356082,9.46186,1.0113058,0.99580127,1.0,0.7
Evoformer,RPL26,8.648739,8.361499,0.96678823,0.95862365,1.0,0.75
Evoformer,RPL27A,9.2276,9.022289,0.97775036,0.9568526,1.0,0.65
Evoformer,RPL28,3.6694295,3.15309,0.8592861,0.7729297,1.0,0.55
Evoformer,RPL29,4.3226657,2.1772833,0.50368994,0.6277194,1.0,0.35
Evoformer,RPL30,10.676313,10.313023,0.96597224,0.96399975,1.0,0.6
Evoformer,RPL31,9.980876,9.766718,0.97854316,0.9739846,1.0,0.6
Evoformer,RPL32,10.38073,9.933115,0.9568802,0.97784215,1.0,0.6
Evoformer,RPL34,10.675786,10.07185,0.94342935,0.95866996,1.0,0.65
Evoformer,RPL35,9.82529,9.504879,0.96738917,0.9666811,1.0,0.7
Evoformer,RPL35A,9.7720175,9.50161,0.97232836,0.9800578,1.0,0.6
Evoformer,RPL36,10.6323395,10.31783,0.9704195,0.96656096,1.0,0.65
Evoformer,RPL36A,4.1270814,3.3956447,0.82277143,0.852552,1.0,0.85
Evoformer,RPL37A,10.386874,9.795955,0.94310904,0.9639407,1.0,0.55
Evoformer,RPL38,10.023395,9.629264,0.96067894,0.93002737,1.0,0.65
Evoformer,RPL4,9.933278,9.681866,0.9746899,0.9800515,1.0,0.75
Evoformer,RPL41,1.7619928,1.047721,0.59462273,0.52264833,0.8,0.25
Evoformer,RPL5,9.132043,8.986807,0.984096,0.96396774,1.0,0.6
Evoformer,RPL6,10.028546,9.763463,0.9735671,0.96096617,1.0,0.7
Evoformer,RPL7,10.189982,9.879199,0.9695011,0.9624065,1.0,0.65
Evoformer,RPL7L1,8.2286825,8.079473,0.9818671,0.96670115,1.0,0.8
Evoformer,RPL8,10.088408,9.659736,0.9575084,0.94798195,1.0,0.7
Evoformer,RPL9,9.974445,9.79192,0.98170066,0.967405,1.0,0.8
Evoformer,RPLP0,9.099444,9.216382,1.0128511,1.0164762,1.0,0.55
Evoformer,RPP14,6.7922993,6.660951,0.9806622,0.9717721,1.0,0.75
Evoformer,RPP21,2.09347,1.4865787,0.7101027,0.61083436,1.0,0.4
Evoformer,RPP30,6.224553,6.0431194,0.97085196,0.9646755,1.0,0.65
Evoformer,RPP40,5.890893,5.387341,0.91452026,0.86156553,1.0,0.7
Evoformer,RPS11,8.212224,7.9907455,0.9730306,0.9545915,1.0,0.7
Evoformer,RPS12,7.557144,7.3327036,0.97030085,0.95728034,1.0,0.75
Evoformer,RPS13,8.168534,8.125947,0.99478644,0.99064547,1.0,0.7
Evoformer,RPS14,7.082369,6.966688,0.98366636,0.9614204,1.0,0.8
Evoformer,RPS15,7.2382135,6.9941015,0.96627456,0.95929796,1.0,0.6
Evoformer,RPS15A,8.318317,8.001351,0.9618954,0.9428427,1.0,0.7
Evoformer,RPS18,11.096683,9.949942,0.89665914,0.94937444,1.0,0.7
Evoformer,RPS19,9.852957,9.434684,0.9575485,0.96107954,1.0,0.8
Evoformer,RPS19BP1,5.8141565,5.6791873,0.9767861,0.9361977,1.0,0.75
Evoformer,RPS2,7.271668,7.1195607,0.9790822,0.9699554,1.0,0.8
Evoformer,RPS20,8.353264,8.180678,0.9793392,0.96024555,1.0,0.65
Evoformer,RPS21,5.964163,5.578292,0.9353017,0.85976,1.0,0.75
Evoformer,RPS24,9.098284,8.477242,0.9317408,0.98206484,1.0,0.8
Evoformer,RPS26,7.880711,7.6485095,0.97053546,0.96877116,1.0,0.7
Evoformer,RPS27,3.2861266,1.8488296,0.56261665,0.7036053,1.0,0.3
Evoformer,RPS27A,8.519187,8.338852,0.9788319,0.990324,1.0,0.65
Evoformer,RPS28,8.108038,7.7817674,0.9597596,0.920629,1.0,0.7
Evoformer,RPS3,9.042701,8.771699,0.9700309,0.95877725,1.0,0.7
Evoformer,RPS3A,8.746764,8.4644165,0.96771973,0.9589594,1.0,0.75
Evoformer,RPS4X,5.469515,5.135909,0.9390063,0.89648616,1.0,0.75
Evoformer,RPS6,9.426762,8.940733,0.9484416,0.98654747,1.0,0.7
Evoformer,RPS7,8.453964,8.409512,0.9947418,0.99383765,1.0,0.75
Evoformer,RPS8,9.37697,8.949496,0.95441234,0.9844659,1.0,0.7
Evoformer,RPS9,8.2843485,8.165524,0.9856567,0.97987944,1.0,0.8
Evoformer,RPSA,8.756517,8.474531,0.967797,0.95463717,1.0,0.65
Evoformer,RPUSD3,2.6484165,2.2012172,0.83114463,0.74454397,1.0,0.55
Evoformer,RPUSD4,3.149464,2.1200192,0.67313653,0.5699324,1.0,0.5
Evoformer,RRN3,5.025676,4.6218085,0.9196392,0.88756156,0.95,0.7
Evoformer,RRP12,7.4894366,7.3572826,0.98235464,0.96757513,1.0,0.75
Evoformer,RRP15,3.0901313,2.4764037,0.8013911,0.6917955,1.0,0.65
Evoformer,RRP7A,6.4164085,6.1727004,0.962018,0.94489735,1.0,0.75
Evoformer,RRP9,2.9665956,2.6890178,0.9064322,0.8142295,1.0,0.75
Evoformer,RRS1,8.167405,8.237278,1.008555,1.0084711,1.0,0.8
Evoformer,RSL24D1,7.563947,7.420046,0.9809754,0.94553065,1.0,0.85
Evoformer,RTCB,2.7636282,1.7657025,0.6389074,0.5210783,0.95,0.25
Evoformer,RTEL1,1.162008,0.69026786,0.5940302,0.5392835,0.95,0.2
Evoformer,RTRAF,2.362303,1.8165131,0.7689585,0.7573832,1.0,0.75
Evoformer,RTTN,2.7683623,1.5806735,0.5709778,0.49171045,0.85,0.15
Evoformer,RUVBL1,10.654391,10.101629,0.94811887,0.9300686,1.0,0.55
Evoformer,RUVBL2,11.064944,10.289538,0.9299223,0.90858513,1.0,0.65
Evoformer,S100A1,2.60043,1.6656739,0.64053786,0.5707864,0.95,0.45
Evoformer,SAE1,3.6244586,2.58011,0.71186084,0.66997105,0.8,0.3
Evoformer,SAMD4B,3.238288,2.6824198,0.82834506,0.6996317,0.9,0.55
Evoformer,SAP18,2.8488398,1.7364129,0.6095158,0.5412974,1.0,0.4
Evoformer,SARS2,3.054932,2.1188202,0.6935736,0.5870356,1.0,0.55
Evoformer,SART1,9.582974,9.498888,0.9912254,1.005584,1.0,0.7
Evoformer,SART3,3.5399268,3.4273045,0.9681851,0.9836684,1.0,0.55
Evoformer,SASS6,2.51345,1.8732886,0.7453057,0.6466989,1.0,0.4
Evoformer,SBNO1,2.5783646,1.8083593,0.70135903,0.6165265,0.95,0.25
Evoformer,SCAF1,4.845561,4.5228605,0.93340284,0.92901343,1.0,0.6
Evoformer,SCAP,2.9373188,2.5125353,0.85538393,0.77064246,0.95,0.6
Evoformer,SCD,4.5182295,3.760332,0.83225787,0.84354895,1.0,0.7
Evoformer,SCFD1,5.8278937,5.3217106,0.91314477,0.877945,1.0,0.55
Evoformer,SDAD1,7.7064342,7.717061,1.0013789,0.9791459,1.0,0.75
Evoformer,SDC1,4.3620005,4.0941353,0.9385912,0.8597716,1.0,0.8
Evoformer,SDHAF2,2.329146,1.3885115,0.5961462,0.5771747,0.85,0.2
Evoformer,SDHC,3.0642931,2.0324667,0.6632742,0.57902455,1.0,0.45
Evoformer,SDR39U1,4.1857967,3.4795496,0.83127534,0.7345146,1.0,0.7
Evoformer,SEC61B,3.6663785,3.0684466,0.83691484,0.757702,1.0,0.65
Evoformer,SEC61G,8.160151,7.896039,0.96763396,0.96645856,1.0,0.55
Evoformer,SEH1L,2.9285698,2.4087372,0.82249606,0.7657629,1.0,0.5
Evoformer,SEM1,3.455617,2.78065,0.8046754,0.76827544,1.0,0.5
Evoformer,SEPHS2,2.395524,1.4059728,0.5869166,0.5451312,0.9,0.3
Evoformer,SEPSECS,2.3072917,1.441483,0.6247511,0.5454894,0.95,0.25
Evoformer,SERPINB1,2.6639295,1.7875481,0.6710193,0.6539138,1.0,0.35
Evoformer,SETD1A,6.821001,6.592364,0.9664804,0.96119237,1.0,0.6
Evoformer,SETD5,3.2378068,2.6763341,0.8265886,0.759276,1.0,0.65
Evoformer,SETDB1,2.2730646,1.3792875,0.60679644,0.54777473,0.95,0.3
Evoformer,SETX,2.2649374,1.5343088,0.67741776,0.6474738,0.95,0.35
Evoformer,SF3B3,10.680645,10.120406,0.94754636,0.9702333,1.0,0.55
Evoformer,SF3B4,7.6689167,7.1601577,0.9336596,0.9048712,1.0,0.75
Evoformer,SF3B5,9.950703,9.386774,0.9433278,0.95878655,1.0,0.55
Evoformer,SHC1,2.1718717,1.303887,0.60035175,0.5384651,0.85,0.35
Evoformer,SHOC2,3.412278,2.8497567,0.8351479,0.7993831,0.95,0.3
Evoformer,SHQ1,1.4659641,0.94068986,0.64168686,0.600888,1.0,0.3
Evoformer,SKA3,3.8517194,3.475805,0.9024035,0.8363627,1.0,0.7
Evoformer,SKP1,4.592577,4.0610375,0.8842612,0.8510272,1.0,0.7
Evoformer,SLBP,4.1405554,3.8375099,0.92681044,0.8593362,1.0,0.6
Evoformer,SLC16A5,4.617712,4.1234317,0.8929599,0.83277,1.0,0.75
Evoformer,SLC1A5,0.81171,0.47100443,0.58026195,0.50853986,0.9,0.4
Evoformer,SLC2A8,3.8835845,3.5220613,0.90690994,0.83242446,1.0,0.65
Evoformer,SLC39A7,5.044678,4.7909036,0.9496946,0.8569615,1.0,0.7
Evoformer,SLC39A9,2.5565164,1.6243793,0.6353878,0.5567195,0.95,0.35
Evoformer,SLC7A6OS,6.5316954,6.1271443,0.9380634,0.9003315,1.0,0.7
Evoformer,SLU7,4.551432,4.4782157,0.98391354,0.9840683,1.0,0.7
Evoformer,SMC1A,5.0083027,4.0217915,0.8030248,0.7745432,0.95,0.4
Evoformer,SMC5,1.8915925,1.1359223,0.60051113,0.51689404,0.85,0.3
Evoformer,SMC6,2.934146,2.143981,0.7307002,0.6130275,1.0,0.6
Evoformer,SMG5,6.217179,6.4865885,1.043333,1.0315727,1.0,0.9
Evoformer,SMG7,6.5312924,6.5918994,1.0092795,0.91398156,1.0,1.0
Evoformer,SMN2,6.927236,6.837405,0.98703223,1.0072559,1.0,0.6
Evoformer,SMNDC1,5.1867113,4.5580053,0.87878525,0.8508432,1.0,0.45
Evoformer,SMUG1,2.9109807,2.3700848,0.8141877,0.68379325,1.0,0.65
Evoformer,SNAPC2,5.05814,4.4543524,0.88063055,0.855993,1.0,0.4
Evoformer,SNAPC3,1.8777555,1.2093389,0.64403427,0.56342834,1.0,0.3
Evoformer,SNAPC5,2.4249907,1.4222894,0.58651334,0.5116008,0.95,0.25
Evoformer,SNRNP200,6.40802,6.114471,0.9541904,0.97765917,1.0,0.6
Evoformer,SNRNP25,3.2413626,2.2886047,0.70606256,0.6380257,1.0,0.3
Evoformer,SNRNP27,4.0343847,3.3574653,0.83221245,0.73997426,0.95,0.55
Evoformer,SNRNP35,5.269858,4.7292256,0.89741045,0.8269205,1.0,0.7
Evoformer,SNRNP40,2.8012505,2.1319797,0.76108146,0.69484824,0.95,0.4
Evoformer,SNRNP48,4.5149655,4.0755987,0.90268654,0.82700646,1.0,0.65
Evoformer,SNRNP70,7.5070047,6.6828985,0.8902217,0.8925835,0.95,0.55
Evoformer,SNRPA1,7.831105,7.1620393,0.914563,0.89888793,1.0,0.55
Evoformer,SNRPB,8.359874,8.219263,0.9831803,0.95210016,1.0,0.75
Evoformer,SNRPC,5.2667775,4.649442,0.8827869,0.87165713,1.0,0.75
Evoformer,SNRPD1,9.841963,9.615238,0.97696346,0.95007944,1.0,0.75
Evoformer,SNRPD3,9.660367,9.494252,0.9828045,0.95730126,1.0,0.65
Evoformer,SNRPE,9.868652,9.522206,0.9648943,0.9575206,1.0,0.55
Evoformer,SNRPF,10.044484,9.8067,0.9763269,0.95161766,1.0,0.65
Evoformer,SNUPN,2.576783,1.6742866,0.6497585,0.58036286,1.0,0.35
Evoformer,SOD2,2.4949462,1.4814657,0.5937866,0.5316948,1.0,0.3
Evoformer,SP1,2.926917,2.19332,0.7493619,0.68546605,1.0,0.45
Evoformer,SPAG7,3.0394552,1.9489224,0.6412078,0.572636,1.0,0.25
Evoformer,SPATA5L1,4.1184993,3.7084236,0.9004308,0.8145015,1.0,0.5
Evoformer,SPC25,7.9739327,7.6883855,0.9641899,0.9381551,1.0,0.7
Evoformer,SPCS3,3.4369016,2.8745875,0.83638924,0.7617112,1.0,0.6
Evoformer,SPG7,2.6187878,1.6063418,0.6133914,0.525367,1.0,0.3
Evoformer,SPOUT1,6.0911646,6.0002723,0.98507804,0.9408013,1.0,0.7
Evoformer,SPRTN,2.7012708,1.7325456,0.6413817,0.5523773,0.95,0.35
Evoformer,SPTSSA,2.5142415,1.3491184,0.53659064,0.47819993,0.95,0.1
Evoformer,SRA1,1.5356357,0.9941165,0.6473648,0.5714843,0.95,0.3
Evoformer,SRBD1,2.3318732,2.1447322,0.9197465,0.8641489,0.95,0.7
Evoformer,SRF,2.7066197,1.6671869,0.61596644,0.5526104,1.0,0.35
Evoformer,SRFBP1,6.600271,6.325321,0.9583426,0.94541603,1.0,0.65
Evoformer,SRP14,2.451885,1.8362559,0.74891603,0.67362344,1.0,0.35
Evoformer,SRP54,7.320365,7.16956,0.97939926,0.9992812,1.0,0.8
Evoformer,SRP68,5.7868466,5.4836206,0.94760084,0.9652375,1.0,0.6
Evoformer,SRP72,3.4957786,3.1665204,0.9058126,0.89298356,1.0,0.4
Evoformer,SRP9,2.177329,1.5285609,0.70203483,0.619283,1.0,0.5
Evoformer,SRPRB,2.8635526,2.388962,0.8342651,0.7453248,1.0,0.4
Evoformer,SRRM1,3.1358218,2.185838,0.69705427,0.6101002,1.0,0.7
Evoformer,SRRM2,3.330313,2.27711,0.6837526,0.61466813,1.0,0.3
Evoformer,SRSF1,5.5885625,4.555324,0.8151155,0.7537793,1.0,0.5
Evoformer,SRSF6,2.1997156,1.5039324,0.683694,0.5957656,1.0,0.35
Evoformer,SRSF7,5.521056,5.171379,0.9366648,0.9054492,1.0,0.85
Evoformer,SS18L2,3.179091,2.3100724,0.7266456,0.63290185,1.0,0.6
Evoformer,SSBP3,1.283071,0.78038555,0.60821694,0.5405355,1.0,0.25
Evoformer,SSU72,3.3172016,2.902925,0.87511265,0.8622111,1.0,0.65
Evoformer,STAT5B,3.1810682,2.901837,0.91222095,0.8751988,1.0,0.6
Evoformer,STIL,2.6517859,2.322407,0.8757898,0.83912057,1.0,0.6
Evoformer,STRAP,3.6580126,3.1271987,0.85489005,0.78478885,0.95,0.55
Evoformer,STRIP1,3.0739992,2.0927787,0.6808,0.5881417,0.95,0.5
Evoformer,STT3B,2.6691363,1.5893612,0.595459,0.53782636,0.95,0.35
Evoformer,STX5,3.2808726,2.5904152,0.7895507,0.72494054,1.0,0.3
Evoformer,STXBP4,2.2225313,1.5616577,0.7026482,0.6292732,1.0,0.4
Evoformer,SUDS3,4.6037226,3.2472565,0.7053545,0.6798542,0.95,0.35
Evoformer,SUGT1,3.721862,2.4966624,0.67081004,0.6408319,0.9,0.5
Evoformer,SUMO2,3.2298703,2.0943356,0.6484271,0.5926545,0.85,0.2
Evoformer,SUPT16H,4.5403447,4.194544,0.9238382,0.83724624,1.0,0.65
Evoformer,SUPT20H,3.3212209,2.7381916,0.82445335,0.81631684,0.95,0.35
Evoformer,SURF6,7.0395627,6.97806,0.9912633,0.96310854,1.0,0.75
Evoformer,SYMPK,7.7410927,6.850469,0.8849486,0.87550557,1.0,0.6
Evoformer,SYS1,3.8779187,3.4932258,0.90079916,0.8128437,1.0,0.7
Evoformer,TACC3,3.6205525,3.2060304,0.8855086,0.81679255,1.0,0.7
Evoformer,TADA1,3.43288,2.7550287,0.80254155,0.7784141,0.95,0.4
Evoformer,TADA2B,3.570446,2.4063227,0.6739558,0.6412212,1.0,0.35
Evoformer,TADA3,3.2110271,2.0145864,0.6273963,0.5338918,0.95,0.35
Evoformer,TAF10,6.1041,5.4389296,0.8910289,0.857816,1.0,0.65
Evoformer,TAF11,3.0204148,1.95255,0.64645094,0.5812979,1.0,0.4
Evoformer,TAF12,6.9454713,6.276109,0.9036261,0.87637925,1.0,0.6
Evoformer,TAF13,3.5028448,2.8079786,0.80162805,0.7852223,1.0,0.5
Evoformer,TAF1B,2.7834961,2.048512,0.7359493,0.6292332,1.0,0.5
Evoformer,TAF1C,3.602113,2.9878123,0.829461,0.70652807,1.0,0.7
Evoformer,TAF1D,2.8390155,2.5393796,0.8944578,0.81704295,1.0,0.75
Evoformer,TAF2,7.579458,6.6344037,0.8753137,0.8704335,0.95,0.5
Evoformer,TAF3,3.886852,2.9586911,0.76120496,0.70059836,0.95,0.55
Evoformer,TAF5,6.4834256,5.707741,0.8803588,0.84199464,1.0,0.55
Evoformer,TAF6,4.0202837,3.1375213,0.78042287,0.71948427,1.0,0.65
Evoformer,TAF6L,3.2337847,2.3168976,0.71646625,0.6659812,1.0,0.5
Evoformer,TAF7,6.3117795,5.39867,0.8553325,0.8413525,1.0,0.35
Evoformer,TAF8,7.954769,7.1231456,0.89545596,0.90060675,1.0,0.5
Evoformer,TAMM41,2.989592,2.0447214,0.6839466,0.6139076,1.0,0.4
Evoformer,TARS,4.721358,4.4267783,0.93760705,0.8460986,1.0,0.75
Evoformer,TARS2,3.8028927,3.4437447,0.90555924,0.88906115,0.95,0.4
Evoformer,TAZ,2.349884,1.4967566,0.6369491,0.58125436,1.0,0.1
Evoformer,TBCA,1.9228299,1.180737,0.61406213,0.51092553,0.95,0.45
Evoformer,TBCB,4.7123394,4.1836147,0.8878,0.8543343,1.0,0.45
Evoformer,TBCD,2.5055203,1.8355739,0.73261184,0.6449356,1.0,0.65
Evoformer,TBP,2.6812782,1.9732063,0.73592,0.6466469,0.95,0.6
Evoformer,TBPL1,2.392343,1.4101444,0.58944076,0.5839343,0.85,0.2
Evoformer,TCERG1,3.8528304,2.6990273,0.70053107,0.6434643,0.95,0.25
Evoformer,TCOF1,2.9750855,2.3277762,0.7824233,0.789413,1.0,0.35
Evoformer,TEAD3,2.0539668,1.3459096,0.6552733,0.5475395,1.0,0.5
Evoformer,TEN1,2.726634,1.9158292,0.7026352,0.5789359,1.0,0.5
Evoformer,TERF2,6.1607814,6.065533,0.98453957,0.954167,1.0,0.8
Evoformer,TEX10,6.2831783,6.404525,1.0193129,1.0228034,1.0,0.75
Evoformer,TFAM,1.3565681,1.4117001,1.0406408,0.9748026,0.95,0.35
Evoformer,TFB1M,2.7362351,1.9163736,0.70036876,0.601037,1.0,0.3
Evoformer,TFDP1,1.8496147,1.4108025,0.7627548,0.69034475,1.0,0.6
Evoformer,TFRC,3.7719295,3.328855,0.8825337,0.79949605,1.0,0.7
Evoformer,TGS1,2.9333897,2.1277711,0.7253626,0.65000266,1.0,0.25
Evoformer,THAP1,5.718785,5.6704216,0.9915431,1.0025557,1.0,0.7
Evoformer,THAP11,2.4080286,1.6208199,0.67309,0.6168951,0.95,0.4
Evoformer,THOC1,4.2339025,3.2183757,0.76014405,0.70013195,1.0,0.55
Evoformer,THOC2,7.573121,6.9280505,0.914821,0.9178823,1.0,0.65
Evoformer,THOC3,3.6890426,2.6313603,0.71329087,0.6375077,1.0,0.45
Evoformer,THOC5,3.8526134,3.3865538,0.87902766,0.8391211,0.95,0.45
Evoformer,THOC6,2.355453,1.5641124,0.6640389,0.5899172,1.0,0.45
Evoformer,THOC7,1.6186626,1.159177,0.7161325,0.63334924,0.95,0.45
Evoformer,THRAP3,2.7184277,1.7396086,0.6399319,0.5717432,0.95,0.4
Evoformer,TIGD1,2.4874241,1.5474838,0.622123,0.536773,1.0,0.45
Evoformer,TIMM10,2.6811867,1.8160163,0.6773181,0.5813943,0.95,0.5
Evoformer,TIMM13,3.4981098,3.1342952,0.8959968,0.79273593,1.0,0.6
Evoformer,TIMM23B,5.9249,6.0832553,1.0267271,1.0311372,1.0,0.65
Evoformer,TIMM44,7.7842402,7.7967696,1.0016096,0.97827506,1.0,0.65
Evoformer,TIMM8A,2.0676436,1.2066977,0.5836101,0.48696712,0.85,0.4
Evoformer,TIMM9,3.3537204,2.6005998,0.77543724,0.69053465,0.95,0.55
Evoformer,TINF2,3.4830987,2.991552,0.85887665,0.7568928,0.95,0.5
Evoformer,TLCD1,2.1713848,1.6114712,0.7421398,0.61411756,1.0,0.5
Evoformer,TM7SF2,2.3157058,1.3286991,0.5737772,0.50353456,0.95,0.1
Evoformer,TMA16,6.14994,6.015358,0.9781165,0.908876,1.0,0.7
Evoformer,TMED10,3.915462,3.1303487,0.79948384,0.7338743,1.0,0.7
Evoformer,TMEM127,2.5573764,1.5326226,0.5992949,0.5513336,0.9,0.3
Evoformer,TMEM199,3.309286,2.4519,0.74091506,0.65066665,0.95,0.6
Evoformer,TMEM214,1.5804188,1.2146233,0.7685452,0.69298357,1.0,0.45
Evoformer,TMEM242,2.313225,2.101832,0.9086154,0.86792105,0.95,0.45
Evoformer,TMSB10,3.828079,2.4071014,0.6288014,0.7584574,1.0,0.3
Evoformer,TMX2,3.5869427,3.2917407,0.91770095,0.875291,1.0,0.45
Evoformer,TNPO3,5.615362,5.008908,0.89200085,0.84313047,1.0,0.6
Evoformer,TNRC6A,2.5135493,1.7500703,0.6962546,0.6651087,1.0,0.35
Evoformer,TOE1,2.7108662,1.5895672,0.58636874,0.51195157,0.9,0.25
Evoformer,TOMM22,4.4783726,4.464828,0.99697554,0.9095326,1.0,0.75
Evoformer,TOMM40,3.7983494,3.146945,0.8285033,0.6893717,1.0,0.65
Evoformer,TOP3A,2.5700555,1.5075263,0.5865734,0.4941024,0.95,0.4
Evoformer,TOPBP1,4.039427,3.4511857,0.8543751,0.7660828,1.0,0.7
Evoformer,TP53I13,2.9389684,2.3270109,0.7917781,0.65676033,1.0,0.65
Evoformer,TP53RK,5.0744176,4.763165,0.9386624,0.8608139,1.0,0.6
Evoformer,TPR,3.8538642,3.2987518,0.85595953,0.82394016,1.0,0.6
Evoformer,TPRKB,5.0269666,4.669566,0.92890334,0.8715039,0.95,0.65
Evoformer,TPT1,6.2528367,5.5499883,0.8875953,0.98129755,1.0,0.6
Evoformer,TPX2,5.903584,5.913309,1.0016474,0.9945604,1.0,0.5
Evoformer,TRA2B,3.2572343,2.5223806,0.7743933,0.6707229,0.95,0.35
Evoformer,TRAIP,1.8138866,1.243588,0.685593,0.5773697,1.0,0.45
Evoformer,TRAPPC1,3.5547402,2.6750643,0.7525344,0.6579082,0.95,0.3
Evoformer,TRAPPC11,1.3938531,1.0364833,0.74361014,0.6717747,1.0,0.4
Evoformer,TRAPPC3,2.1553123,1.3474398,0.6251715,0.5529175,1.0,0.3
Evoformer,TRAPPC4,3.0185783,1.9905163,0.6594218,0.58984596,0.95,0.25
Evoformer,TRAPPC5,3.0786712,2.8216646,0.9165203,0.8569372,1.0,0.55
Evoformer,TRAPPC8,2.866423,2.062649,0.7195899,0.6291454,1.0,0.3
Evoformer,TRIAP1,3.0549395,2.1319425,0.69786733,0.6003036,1.0,0.55
Evoformer,TRMT112,5.912744,5.6211057,0.9506763,0.9340142,1.0,0.75
Evoformer,TRMT5,3.503912,2.7445896,0.78329295,0.6619295,1.0,0.6
Evoformer,TRMT6,3.0334687,1.9906634,0.6562334,0.56971306,0.95,0.2
Evoformer,TRNT1,4.0908856,4.0621653,0.9929794,1.0029035,1.0,0.7
Evoformer,TSEN2,3.472371,3.1900313,0.9186896,0.8190777,1.0,0.55
Evoformer,TSEN54,2.569963,1.612041,0.62726235,0.5363561,0.95,0.4
Evoformer,TSFM,2.8732748,1.885924,0.6563674,0.590559,0.95,0.45
Evoformer,TSR1,5.324223,5.3469834,1.0042748,1.0004568,1.0,0.75
Evoformer,TSR2,8.03054,7.875235,0.9806607,0.9822932,1.0,0.75
Evoformer,TTC1,2.100767,1.5031778,0.7155376,0.5943156,1.0,0.6
Evoformer,TTC27,3.6053329,2.7811584,0.7714013,0.66947776,1.0,0.6
Evoformer,TTC4,3.258736,2.575298,0.79027516,0.6633617,0.95,0.7
Evoformer,TTI1,4.2002077,3.6855881,0.8774776,0.804242,1.0,0.6
Evoformer,TTK,6.609605,6.544016,0.9900767,0.9795339,1.0,0.8
Evoformer,TUBA1B,3.4629188,2.189884,0.63238096,0.7404989,0.95,0.45
Evoformer,TUBB,3.19895,2.1494493,0.6719234,0.73394907,0.95,0.4
Evoformer,TUBB2A,2.306239,1.6519443,0.71629363,0.65150976,0.95,0.5
Evoformer,TUBD1,2.5931535,1.9963907,0.76986986,0.6983644,0.95,0.35
Evoformer,TUBE1,2.22133,1.2773514,0.575039,0.49188274,0.95,0.3
Evoformer,TUBG1,1.9133879,1.2992636,0.6790383,0.6781268,1.0,0.6
Evoformer,TUBGCP2,3.0612082,2.306914,0.75359595,0.69830495,1.0,0.55
Evoformer,TUBGCP4,3.1424959,2.3527105,0.74867576,0.67961293,1.0,0.3
Evoformer,TUBGCP5,2.7510455,2.257522,0.82060516,0.7627575,1.0,0.65
Evoformer,TUFM,2.7961695,1.8355404,0.6564482,0.57365775,0.95,0.25
Evoformer,TVP23C,3.549535,2.6171496,0.7373218,0.61561364,0.95,0.45
Evoformer,TXNL4B,1.8986416,1.1277775,0.59399176,0.53244483,1.0,0.25
Evoformer,U2SURP,5.002582,4.2591405,0.85138845,0.8019879,1.0,0.6
Evoformer,UBA2,3.3666286,2.5001726,0.74263394,0.72993314,0.85,0.3
Evoformer,UBAP1,8.439861,8.1307745,0.9633777,0.9642104,1.0,0.55
Evoformer,UBE2H,2.5108383,1.4785558,0.5888694,0.5039991,1.0,0.35
Evoformer,UBE2I,3.931105,3.0034761,0.7640285,0.7311974,0.85,0.3
Evoformer,UBE2L3,3.2314165,2.5609725,0.7925232,0.7333734,1.0,0.6
Evoformer,UBE3C,3.4640293,2.441153,0.7047149,0.604249,1.0,0.5
Evoformer,UBE3D,2.3040848,1.5581998,0.6762771,0.61706513,0.95,0.5
Evoformer,UBL5,5.8853345,5.3896275,0.9157725,0.91872734,1.0,0.65
Evoformer,UBQLN4,7.045355,6.5543704,0.9303109,0.9225607,0.95,0.65
Evoformer,UBR5,3.1487637,2.1165526,0.6721853,0.5960552,0.95,0.25
Evoformer,UCHL5,3.1161504,2.1711576,0.69674355,0.59482867,1.0,0.6
Evoformer,UFL1,3.2532187,2.8722813,0.88290447,0.8157476,1.0,0.6
Evoformer,UFM1,5.2426224,4.8876905,0.9322988,0.8606817,1.0,0.7
Evoformer,UHRF1,3.7533467,2.8023329,0.74662244,0.72778577,1.0,0.2
Evoformer,UMPS,2.9574838,1.872091,0.63300127,0.549541,0.95,0.5
Evoformer,UPF2,4.6543627,4.0617657,0.87267923,0.76611996,0.95,0.6
Evoformer,UQCC2,3.0174074,1.9687878,0.6524766,0.5772961,0.95,0.45
Evoformer,URB1,5.315926,5.26923,0.99121577,0.9634222,1.0,0.7
Evoformer,URB2,5.7374616,5.7672777,1.0051967,0.9689142,1.0,0.7
Evoformer,URI1,4.9958243,4.5616813,0.9130988,0.9090661,1.0,0.5
Evoformer,URM1,3.0567017,2.091408,0.68420416,0.5841189,1.0,0.45
Evoformer,UROD,2.2823584,1.3497624,0.59138936,0.5113515,1.0,0.3
Evoformer,USP10,2.988923,2.1247482,0.7108742,0.6673512,1.0,0.2
Evoformer,USP14,1.8435439,1.0847087,0.58838236,0.5377084,1.0,0.2
Evoformer,USP5,2.7464807,2.3117409,0.8417102,0.779506,1.0,0.65
Evoformer,USP8,3.138236,2.4158115,0.7697992,0.67085433,1.0,0.45
Evoformer,USP9X,3.2562404,2.0335348,0.6245039,0.54757315,1.0,0.3
Evoformer,UTP11,8.075253,7.6726556,0.95014435,0.90206385,1.0,0.8
Evoformer,UTP15,8.528151,8.094,0.94909203,0.93053395,1.0,0.75
Evoformer,UTP18,4.7114015,4.4658513,0.9478817,0.917764,1.0,0.7
Evoformer,UTP20,6.008057,5.930668,0.9871191,0.9706059,1.0,0.75
Evoformer,UTP23,4.7064714,4.6462107,0.9871962,0.96488965,1.0,0.75
Evoformer,UTP6,4.5339518,4.209076,0.928346,0.87051606,1.0,0.65
Evoformer,UXS1,2.6936846,1.4816145,0.5500327,0.52783054,0.95,0.25
Evoformer,UXT,4.7183347,3.8433015,0.81454617,0.7618875,0.95,0.4
Evoformer,VARS,8.375609,8.148402,0.97287273,0.99966174,1.0,0.6
Evoformer,VARS2,3.1000223,2.133791,0.68831474,0.6066515,1.0,0.45
Evoformer,VPS13D,2.62327,1.7511375,0.66753995,0.59405154,1.0,0.25
Evoformer,VPS29,3.065587,2.017223,0.65802175,0.56843925,0.95,0.35
Evoformer,VPS35,2.1461756,1.5894471,0.7405951,0.66015476,0.95,0.4
Evoformer,VPS41,3.0108898,2.5967636,0.8624572,0.763004,1.0,0.5
Evoformer,VPS54,1.9157406,1.3265955,0.6924714,0.6522666,1.0,0.3
Evoformer,WARS,5.451333,4.8905616,0.8971313,0.7867591,1.0,0.6
Evoformer,WBP1,2.6933463,1.8076546,0.6711557,0.6001877,0.9,0.3
Evoformer,WBP1L,3.0742033,1.8195279,0.5918697,0.52176356,1.0,0.45
Evoformer,WDFY3,2.9160266,1.5829732,0.5428528,0.48117387,1.0,0.25
Evoformer,WDHD1,2.8219633,2.1987083,0.77914137,0.69785064,1.0,0.45
Evoformer,WDR1,4.3228874,4.4217415,1.0228676,1.0348113,1.0,0.55
Evoformer,WDR12,6.465856,6.523141,1.0088596,1.001092,1.0,0.8
Evoformer,WDR18,3.5401764,3.229713,0.91230285,0.8993223,1.0,0.6
Evoformer,WDR26,2.218774,1.4495199,0.65329766,0.6129193,1.0,0.1
Evoformer,WDR3,5.897043,5.676518,0.9626041,0.9164039,1.0,0.7
Evoformer,WDR33,5.9923725,5.51229,0.9198844,0.8415385,1.0,0.6
Evoformer,WDR36,6.1791244,5.772887,0.9342565,0.90421486,1.0,0.7
Evoformer,WDR4,1.6984094,1.1575509,0.68154997,0.5917176,0.95,0.25
Evoformer,WDR43,8.212644,7.836944,0.9542535,0.9505446,1.0,0.75
Evoformer,WDR46,4.6850886,4.5697,0.97537106,0.960043,1.0,0.65
Evoformer,WDR5,5.647655,4.547457,0.8051939,0.8089434,1.0,0.45
Evoformer,WDR70,4.6298504,4.3478794,0.93909717,0.976576,1.0,0.4
Evoformer,WDR75,8.645987,8.203761,0.94885194,0.93742734,1.0,0.75
Evoformer,WDR77,2.7072537,2.1668797,0.8003977,0.737334,1.0,0.45
Evoformer,WDR83OS,2.5586047,1.8314692,0.7158078,0.65809554,1.0,0.35
Evoformer,WTAP,1.8161284,1.3433692,0.73968846,0.681628,0.9,0.35
Evoformer,XPO1,8.959661,8.447463,0.94283295,0.9155214,1.0,0.7
Evoformer,XPO5,2.3954906,1.6210495,0.67670876,0.57548386,1.0,0.35
Evoformer,XRCC1,2.3854697,1.3350234,0.55964804,0.48594016,0.9,0.4
Evoformer,XRCC2,2.432319,1.5268943,0.62775254,0.57700443,0.95,0.2
Evoformer,XRCC5,5.1625485,4.9151516,0.9520785,0.85266954,1.0,0.75
Evoformer,XRCC6,3.7881808,3.2783806,0.8654235,0.7551343,1.0,0.65
Evoformer,XRN2,2.9508002,1.9802691,0.6710956,0.5866602,0.95,0.4
Evoformer,YARS,4.861742,4.605278,0.9472485,0.889775,1.0,0.7
Evoformer,YARS2,3.7362943,3.0220156,0.808827,0.7137143,1.0,0.4
Evoformer,YEATS2,3.096274,2.3369536,0.7547632,0.68925554,1.0,0.8
Evoformer,YPEL5,2.8021543,1.7749784,0.6334335,0.5591055,0.9,0.4
Evoformer,YTHDC1,5.738836,5.340662,0.9306177,0.921538,1.0,0.4
Evoformer,ZBTB17,1.8754094,1.3697913,0.73039585,0.6397137,0.95,0.35
Evoformer,ZC3H13,5.511404,4.6113787,0.83669764,0.7795645,1.0,0.45
Evoformer,ZC3H4,3.0673366,2.1462688,0.6997174,0.6685191,0.9,0.3
Evoformer,ZCCHC9,8.360827,8.159916,0.9759699,0.9744763,1.0,0.75
Evoformer,ZCRB1,3.1213155,2.078125,0.665785,0.6172065,1.0,0.25
Evoformer,ZDHHC7,2.5571747,2.3063183,0.90190095,0.9389828,1.0,0.55
Evoformer,ZFC3H1,4.681221,3.8564022,0.82380265,0.73368764,1.0,0.55
Evoformer,ZMAT2,4.260974,3.8660102,0.9073067,0.91962105,1.0,0.4
Evoformer,ZNF143,3.9994364,3.211898,0.80308765,0.73302895,1.0,0.4
Evoformer,ZNF207,4.2963605,3.7233927,0.8666388,0.8280815,1.0,0.35
Evoformer,ZNF236,5.6974053,5.3603787,0.9408456,0.9620669,0.95,0.6
Evoformer,ZNF292,2.0966105,1.2383626,0.5906498,0.52392846,1.0,0.3
Evoformer,ZNF574,3.44319,3.19569,0.92811894,0.8326798,1.0,0.7
Evoformer,ZNF720,2.535555,1.7074763,0.6734133,0.55854267,1.0,0.35
Evoformer,ZNF787,4.53555,4.379346,0.96556,0.89851284,1.0,0.65
Evoformer,ZNF84,5.0546823,4.8305984,0.95566803,0.94291234,1.0,0.7
Evoformer,ZNHIT1,4.0081925,3.081332,0.7687585,0.70692277,1.0,0.3
Evoformer,ZNHIT2,4.225561,3.8073058,0.9010178,0.8951839,1.0,0.45
Evoformer,ZNHIT3,2.054583,1.7203425,0.8373195,0.74756986,1.0,0.6
Evoformer,ZNHIT6,5.259348,4.909195,0.93342274,0.8965672,1.0,0.75
Evoformer,ZNRD1,4.916311,4.444571,0.904046,0.8270556,1.0,0.7
