model,perturbation,norm_ratio,abs_ratio,top20_recall,top20_sign,top20_corr
CondAE,AAAS,0.5313832759857178,0.42551231384277344,0.4,0.95,0.7157097530338775
CondAE,AAR2,0.43618300557136536,0.3358352780342102,0.35,0.8,0.6965495679057427
CondAE,AARS,0.852814793586731,0.8260413408279419,0.6,1.0,0.960716577041112
CondAE,AATF,0.8812748193740845,0.8317461013793945,0.75,1.0,0.9714446357405745
CondAE,ABCB7,0.7621482014656067,0.6815673112869263,0.75,1.0,0.9615449671452856
CondAE,ABHD11,0.5168577432632446,0.432510644197464,0.45,0.85,0.6336598693791651
CondAE,ABT1,0.8817956447601318,0.8262498378753662,0.75,1.0,0.9749539564381019
CondAE,ACSS2,0.5943590402603149,0.46141156554222107,0.45,0.9,0.8130748749477357
CondAE,ACTR1B,0.4145427644252777,0.32483235001564026,0.35,0.9,0.7697682987672154
CondAE,ACTR2,0.4706939160823822,0.35802698135375977,0.25,0.9,0.6812117031355753
CondAE,ACTR5,0.6764404773712158,0.629905641078949,0.45,1.0,0.9303489227053394
CondAE,ACTR6,0.5921736359596252,0.5513380765914917,0.4,1.0,0.8744813868528803
CondAE,ACTR8,0.6868994832038879,0.5909416079521179,0.55,1.0,0.9172221157559545
CondAE,ADRM1,0.48521026968955994,0.4100695252418518,0.15,0.95,0.8268515044158593
CondAE,AFG3L2,0.7911233901977539,0.6879051327705383,0.6,1.0,0.9757300528248016
CondAE,AGBL5,0.5733386278152466,0.5149773955345154,0.25,1.0,0.9039553291990101
CondAE,AHCTF1,0.7728219628334045,0.6837997436523438,0.55,1.0,0.8598770442980899
CondAE,AIFM1,0.5431836247444153,0.4377012252807617,0.25,0.95,0.8431902193905172
CondAE,AKIRIN2,0.5588715076446533,0.4745525121688843,0.45,0.85,0.6228608110234959
CondAE,ALDOA,0.484504371881485,0.4163772463798523,0.1,1.0,0.8192337661028817
CondAE,ALG11,0.6932454705238342,0.5650832653045654,0.55,1.0,0.9458676759726637
CondAE,ALG13,0.6413607597351074,0.5388906598091125,0.45,1.0,0.8344117851272065
CondAE,ALG2,0.6726764440536499,0.5493255853652954,0.5,1.0,0.9348714762165642
CondAE,ANAPC1,0.5591980814933777,0.4479917585849762,0.4,1.0,0.8846526001824012
CondAE,ANAPC10,0.5337369441986084,0.415871262550354,0.5,0.95,0.8379593161100052
CondAE,ANAPC11,0.5503708720207214,0.42309290170669556,0.6,0.95,0.801896071468185
CondAE,ANAPC13,0.5435183644294739,0.46276596188545227,0.45,1.0,0.8708159938716089
CondAE,ANAPC5,0.7029128670692444,0.6320803761482239,0.6,1.0,0.9313352774326891
CondAE,ANKLE2,0.45636269450187683,0.38389086723327637,0.3,0.9,0.7533216554492121
CondAE,ANKRD11,0.6208673119544983,0.4908170998096466,0.25,0.95,0.9617840512765292
CondAE,ANKRD39,0.5578417778015137,0.4894689619541168,0.25,0.95,0.8814397638517244
CondAE,ANKRD49,0.4348270893096924,0.3354213833808899,0.25,0.85,0.7050878988787942
CondAE,ANKS6,0.46855491399765015,0.38022109866142273,0.25,0.95,0.5291556218544695
CondAE,AP2M1,0.7235488891601562,0.6634332537651062,0.5,1.0,0.9118348709279367
CondAE,ARGLU1,0.5835877060890198,0.5250774621963501,0.25,1.0,0.8994199764006198
CondAE,ARL2,0.5779934525489807,0.4887825548648834,0.4,1.0,0.9059304064684365
CondAE,ARL4D,0.45249930024147034,0.3688869774341583,0.35,0.75,0.7272468850102357
CondAE,ARMC7,0.6382685899734497,0.5832855701446533,0.45,1.0,0.9116894719568174
CondAE,ARPC4,0.7104822993278503,0.6306754350662231,0.55,1.0,0.8732011107676284
CondAE,ASCC3,0.5379722714424133,0.4187147915363312,0.4,0.9,0.8776935531471592
CondAE,ASF1B,0.5299402475357056,0.42117929458618164,0.35,1.0,0.7418481299400662
CondAE,ATF5,0.813770055770874,0.7497798204421997,0.75,1.0,0.9514518625002061
CondAE,ATP11B,0.8081334829330444,0.7350254058837891,0.55,1.0,0.9668576295401782
CondAE,ATP2A2,0.6489095687866211,0.5260539054870605,0.6,1.0,0.8482704710928085
CondAE,ATP5ME,0.8465291261672974,0.7378204464912415,0.85,1.0,0.969361727121508
CondAE,ATP5MF,0.8196016550064087,0.7507802248001099,0.65,1.0,0.9369073428435114
CondAE,ATP5PD,0.8751294016838074,0.8221517205238342,0.6,1.0,0.9705659266666058
CondAE,ATP6AP1,0.9036985635757446,0.8645728230476379,0.8,1.0,0.9790335175273253
CondAE,ATP6AP2,0.904948890209198,0.8743314146995544,0.7,1.0,0.9822697015397938
CondAE,ATP6V0B,0.8379980325698853,0.7729123830795288,0.7,0.95,0.9325716816812617
CondAE,ATP6V0C,0.8641934394836426,0.801531970500946,0.5,1.0,0.9597482245294061
CondAE,ATP6V0D1,0.6878365874290466,0.5436936020851135,0.7,1.0,0.9762833534166224
CondAE,ATP6V1A,0.8930978178977966,0.8372365832328796,0.85,1.0,0.9795817080336735
CondAE,ATP6V1B2,0.8765398263931274,0.7882407307624817,0.65,1.0,0.9767097213507707
CondAE,ATP6V1F,0.8428311944007874,0.7385990023612976,0.75,1.0,0.9646709667851846
CondAE,ATP6V1G1,0.8441073298454285,0.7726211547851562,0.75,1.0,0.9012391334266264
CondAE,ATP6V1H,0.8483853340148926,0.7780967950820923,0.7,1.0,0.9807018678370542
CondAE,ATR,0.8546007871627808,0.7891497015953064,0.75,1.0,0.9707547451557067
CondAE,ATRIP,0.7514566779136658,0.6492382287979126,0.7,1.0,0.9577878631876524
CondAE,AURKA,0.5847334265708923,0.5199592113494873,0.35,0.95,0.5410274812158309
CondAE,AURKAIP1,0.6946026086807251,0.6214649081230164,0.6,0.95,0.7694631435403605
CondAE,BAG6,0.6133092641830444,0.5572369694709778,0.3,1.0,0.8619119415083766
CondAE,BANP,0.42838573455810547,0.3279624283313751,0.3,1.0,0.7682160494059576
CondAE,BAP1,0.7226372957229614,0.6015403270721436,0.65,0.95,0.9269804289081836
CondAE,BARD1,0.5690318942070007,0.4733673632144928,0.25,0.95,0.8263280849395628
CondAE,BCLAF1,0.5352401733398438,0.4378223121166229,0.3,1.0,0.8591131539594447
CondAE,BCR,0.5366315841674805,0.4603878855705261,0.2,0.95,0.8691509548029114
CondAE,BCS1L,0.4928532540798187,0.38631361722946167,0.35,1.0,0.8455725816964127
CondAE,BET1,0.7132248282432556,0.6216638088226318,0.45,1.0,0.9698714233871051
CondAE,BMS1,0.899163007736206,0.8732729554176331,0.8,1.0,0.9732416958155974
CondAE,BOD1L1,0.48227131366729736,0.41046392917633057,0.3,1.0,0.6658010483463955
CondAE,BORA,0.6512424349784851,0.5415810346603394,0.65,1.0,0.9131587658096525
CondAE,BPTF,0.6082859635353088,0.5427819490432739,0.4,0.9,0.7291471508128091
CondAE,BRCA1,0.774894118309021,0.6461812257766724,0.6,1.0,0.9539359574150983
CondAE,BRCA2,0.7435870170593262,0.6360999345779419,0.5,1.0,0.9091355868464185
CondAE,BRD2,0.5669135451316833,0.4722568988800049,0.4,1.0,0.8686203230467756
CondAE,BRF1,0.7347526550292969,0.6291192770004272,0.55,1.0,0.9371520267584679
CondAE,BRF2,0.4955512285232544,0.4285886883735657,0.2,0.95,0.7780671576137826
CondAE,BRIP1,0.4940732717514038,0.4023447036743164,0.25,0.95,0.7982549275204367
CondAE,BRIX1,0.8821796774864197,0.8340463042259216,0.8,1.0,0.9719442774291833
CondAE,BTAF1,0.4997160732746124,0.41583743691444397,0.3,0.85,0.7481023191989331
CondAE,BTF3,0.6998664736747742,0.6012142896652222,0.6,0.95,0.8950532594990749
CondAE,BTF3L4,0.49429428577423096,0.4261512756347656,0.2,0.95,0.750139061850725
CondAE,BUB1,0.6890028715133667,0.5582144856452942,0.6,1.0,0.8245978838952109
CondAE,BUB1B,0.5392370223999023,0.43827077746391296,0.45,0.95,0.8184612020905377
CondAE,BYSL,0.8791972398757935,0.835329532623291,0.65,1.0,0.9665548297385078
CondAE,C12orf45,0.8854868412017822,0.8441716432571411,0.7,1.0,0.9558688380145371
CondAE,C17orf58,0.5749200582504272,0.47255024313926697,0.25,1.0,0.8224957029511772
CondAE,C18orf21,0.828089714050293,0.7291962504386902,0.7,1.0,0.9585893945506557
CondAE,C19orf25,0.6741147041320801,0.524313747882843,0.65,1.0,0.9108207902994827
CondAE,C19orf53,0.5877143740653992,0.5067107081413269,0.35,1.0,0.868022261154859
CondAE,C1orf131,0.8865499496459961,0.8215604424476624,0.85,1.0,0.981357865756124
CondAE,C7orf26,0.6775250434875488,0.6432665586471558,0.4,0.95,0.876666657514469
CondAE,C9orf16,0.4081149995326996,0.31889957189559937,0.1,0.9,0.634945187185115
CondAE,C9orf78,0.5240047574043274,0.4663178324699402,0.35,1.0,0.9055594040809039
CondAE,CA5A,0.45394667983055115,0.40428289771080017,0.1,1.0,0.7989514810332641
CondAE,CABIN1,0.6256277561187744,0.5576183199882507,0.3,1.0,0.8786201572791547
CondAE,CACTIN,0.8912491202354431,0.8981876373291016,0.45,1.0,0.9643756728248004
CondAE,CADM4,0.41778695583343506,0.33285367488861084,0.1,0.95,0.8311778278050018
CondAE,CALR,0.5474518537521362,0.6536120772361755,0.45,1.0,0.666524066600385
CondAE,CASC3,0.7805919051170349,0.6361058354377747,0.75,1.0,0.9171615013071776
CondAE,CBX1,0.36746227741241455,0.2981845438480377,0.25,0.85,0.7272639482344604
CondAE,CCAR1,0.567388117313385,0.45808473229408264,0.4,1.0,0.8200081452224857
CondAE,CCDC115,0.5329846143722534,0.4030139148235321,0.6,0.9,0.6503532321591492
CondAE,CCDC174,0.715201735496521,0.6298773884773254,0.45,1.0,0.8337630299907551
CondAE,CCDC59,0.7924546599388123,0.6480825543403625,0.8,1.0,0.937668323845132
CondAE,CCDC6,0.6937993764877319,0.6137837767601013,0.5,0.95,0.8657081030096343
CondAE,CCDC86,0.8701364398002625,0.790805459022522,0.75,1.0,0.9771959163635784
CondAE,CCNB1,0.46194109320640564,0.3791828751564026,0.25,0.9,0.6636958740291453
CondAE,CCNC,0.6316931843757629,0.5847989916801453,0.35,0.95,0.9394937997514968
CondAE,CCND3,0.37660208344459534,0.316318154335022,0.1,0.75,0.565302869950737
CondAE,CCNH,0.7299971580505371,0.6451557278633118,0.6,1.0,0.891229654666981
CondAE,CCP110,0.5511279702186584,0.42945730686187744,0.65,1.0,0.9325016128171735
CondAE,CCT2,0.8670861721038818,0.8418396711349487,0.75,1.0,0.9869489950072536
CondAE,CCT3,0.851323127746582,0.8228497505187988,0.85,1.0,0.9764569484780631
CondAE,CCT4,0.8379419445991516,0.7967259287834167,0.6,1.0,0.974239991748221
CondAE,CCT5,0.8444352149963379,0.7978120446205139,0.65,1.0,0.983388010379522
CondAE,CCT6A,0.8422948122024536,0.8145094513893127,0.55,1.0,0.964029713265585
CondAE,CCT7,0.8530653119087219,0.8176532983779907,0.65,1.0,0.974245548512864
CondAE,CCT8,0.7839279174804688,0.7142664790153503,0.6,1.0,0.9643589296453091
CondAE,CD2BP2,0.47098812460899353,0.41435402631759644,0.3,0.95,0.7912304518673905
CondAE,CD3EAP,0.8880237936973572,0.8267921209335327,0.9,1.0,0.9798653175376336
CondAE,CDC123,0.7283656001091003,0.6114746928215027,0.75,1.0,0.9535217249105411
CondAE,CDC16,0.700026273727417,0.6367650628089905,0.55,1.0,0.9255090060473594
CondAE,CDC20,0.6346110701560974,0.517325758934021,0.55,0.95,0.8538074450650535
CondAE,CDC42,0.7158904075622559,0.6209871768951416,0.55,1.0,0.8666633072784556
CondAE,CDC45,0.7186726927757263,0.5989853143692017,0.65,1.0,0.9510149046187177
CondAE,CDC6,0.8932495713233948,0.8468509912490845,0.9,1.0,0.9811778099873316
CondAE,CDIPT,0.5053153038024902,0.44189244508743286,0.25,0.9,0.7069948931476381
CondAE,CDK1,0.9059748649597168,0.8661193251609802,0.75,1.0,0.9505309363654357
CondAE,CDK2,0.5121781229972839,0.40720394253730774,0.5,0.95,0.7981588407788213
CondAE,CDT1,0.8740888833999634,0.8069368600845337,0.75,1.0,0.9719813648193275
CondAE,CEBPZ,0.9011901021003723,0.8492207527160645,0.85,1.0,0.9688716798810237
CondAE,CENPC,0.6685174107551575,0.5500091314315796,0.4,1.0,0.8719179972228915
CondAE,CENPJ,0.8714151382446289,0.8192973136901855,0.75,1.0,0.963312272106723
CondAE,CENPK,0.7264118790626526,0.5873895287513733,0.75,1.0,0.935103584483327
CondAE,CENPN,0.6451940536499023,0.5304667353630066,0.5,1.0,0.921110213917593
CondAE,CENPT,0.6636840105056763,0.5653184652328491,0.5,1.0,0.9406281829001588
CondAE,CENPW,0.7383103370666504,0.6493611335754395,0.75,1.0,0.9491255765898693
CondAE,CEP68,0.5127124190330505,0.415768563747406,0.3,0.95,0.8648546795499168
CondAE,CEP85,0.4897860884666443,0.42578795552253723,0.25,0.9,0.6713236172988123
CondAE,CFL1,0.5285518169403076,0.49465635418891907,0.6,1.0,0.48985784493922824
CondAE,CHAF1B,0.8370704054832458,0.7545134425163269,0.65,0.95,0.9243036319741231
CondAE,CHCHD1,0.5052545666694641,0.42615723609924316,0.3,0.95,0.8552425873019492
CondAE,CHCHD2,0.47655609250068665,0.4004826843738556,0.3,0.95,0.819477781346897
CondAE,CHCHD4,0.8731347322463989,0.8057584166526794,0.7,1.0,0.9609343187025245
CondAE,CHD4,0.49280959367752075,0.4167286455631256,0.2,0.9,0.6305104886447945
CondAE,CHEK1,0.7930305004119873,0.7054749131202698,0.6,1.0,0.9607964754753713
CondAE,CHERP,0.6679315567016602,0.5861890912055969,0.4,1.0,0.8478677815553463
CondAE,CHMP4B,0.5744796991348267,0.4823906719684601,0.25,0.95,0.8095652585347933
CondAE,CHMP6,0.8632814288139343,0.8351049423217773,0.65,1.0,0.9097228375534886
CondAE,CHMP7,0.47394469380378723,0.4068976640701294,0.25,0.95,0.8020092231439874
CondAE,CHORDC1,0.4901471436023712,0.3963838517665863,0.35,0.85,0.6347017341391378
CondAE,CHTOP,0.4275122284889221,0.3436589539051056,0.3,0.85,0.6779343965321409
CondAE,CIAO1,0.4846794307231903,0.4314326047897339,0.4,1.0,0.7853693902409731
CondAE,CIAPIN1,0.8597486615180969,0.8310415744781494,0.7,1.0,0.9591528087771982
CondAE,CLASRP,0.6073033213615417,0.535514235496521,0.3,0.85,0.7837298147963674
CondAE,CLPB,0.4410528838634491,0.35610803961753845,0.4,0.95,0.8110724091893566
CondAE,CMPK1,0.4299226999282837,0.357791006565094,0.2,0.95,0.7244238399057445
CondAE,CMTR1,0.6398435235023499,0.5421708226203918,0.4,1.0,0.9297449146678851
CondAE,CMTR2,0.5331793427467346,0.4647722840309143,0.45,1.0,0.8973138479058399
CondAE,CNN2,0.40094175934791565,0.3424420952796936,0.15,0.85,0.5316037785254936
CondAE,CNOT1,0.8159672617912292,0.8226652145385742,0.45,1.0,0.9605573839187943
CondAE,CNOT10,0.6166826486587524,0.5722025036811829,0.4,1.0,0.8471295626627788
CondAE,CNOT9,0.4402744472026825,0.3678610026836395,0.2,1.0,0.6813343276679507
CondAE,COA5,0.6850987672805786,0.5874407291412354,0.45,1.0,0.8516157259791388
CondAE,COASY,0.4476357400417328,0.3689211308956146,0.25,0.9,0.6958520599328925
CondAE,COG1,0.5765506625175476,0.4708229601383209,0.3,1.0,0.9246054729024028
CondAE,COG2,0.6954911947250366,0.6553534865379333,0.6,1.0,0.9511641447377427
CondAE,COG4,0.49458667635917664,0.39479419589042664,0.3,0.95,0.8240528300602065
CondAE,COG6,0.5856420993804932,0.4709808826446533,0.4,1.0,0.9163358142810877
CondAE,COMTD1,0.5591074228286743,0.49169978499412537,0.4,0.95,0.9093732997607004
CondAE,COPS2,0.8159952759742737,0.7858274579048157,0.6,1.0,0.9604932761012079
CondAE,COPS3,0.7867265939712524,0.7192646265029907,0.65,1.0,0.9786820847221637
CondAE,COPS4,0.8266322612762451,0.8123971819877625,0.6,1.0,0.9663401304026001
CondAE,COPS5,0.7448405623435974,0.6560640335083008,0.65,1.0,0.9748800920288561
CondAE,COPS8,0.4874151349067688,0.3858819603919983,0.4,1.0,0.8217786086836776
CondAE,COQ2,0.4088492691516876,0.34711354970932007,0.1,0.9,0.7618034269100351
CondAE,COQ4,0.5793218016624451,0.48810917139053345,0.5,1.0,0.9160252687558744
CondAE,COQ5,0.45025068521499634,0.34986943006515503,0.2,0.7,0.6118839324393455
CondAE,COTL1,0.6747186779975891,0.6222149729728699,0.4,1.0,0.9634067591873879
CondAE,COX10,0.5336123108863831,0.4314398765563965,0.4,0.9,0.2567686134019968
CondAE,COX11,0.478525847196579,0.41908928751945496,0.3,0.85,0.6616445100162913
CondAE,COX5A,0.8457399606704712,0.7380723357200623,0.7,1.0,0.9499103607979507
CondAE,COX7C,0.7961844801902771,0.7024833559989929,0.7,1.0,0.9551463666011694
CondAE,CPSF1,0.6174640655517578,0.5790414810180664,0.35,1.0,0.8815928565007516
CondAE,CPSF3,0.7515577077865601,0.7159797549247742,0.5,1.0,0.8524746498024207
CondAE,CPSF4,0.7388187050819397,0.6648918390274048,0.5,0.95,0.7940116764091538
CondAE,CPSF6,0.6900765299797058,0.6618478298187256,0.6,1.0,0.9258968466053209
CondAE,CS,0.5547145009040833,0.5133593082427979,0.25,1.0,0.8857439311001557
CondAE,CSDE1,0.6798264980316162,0.5796232223510742,0.55,1.0,0.9433391484711502
CondAE,CSE1L,0.8380827903747559,0.8133338093757629,0.6,1.0,0.9692796415804932
CondAE,CSNK2B,0.6101364493370056,0.570837140083313,0.35,0.85,0.622153652090769
CondAE,CSTF1,0.6402527689933777,0.6266701817512512,0.3,0.8,0.6773918946435538
CondAE,CSTF3,0.7202513813972473,0.6768218874931335,0.35,0.95,0.6473967458616569
CondAE,CTCF,0.6929548978805542,0.6076639890670776,0.5,1.0,0.9138158186368353
CondAE,CTDP1,0.5340004563331604,0.4585808515548706,0.35,0.85,0.7763969585947006
CondAE,CTNNBL1,0.6922668814659119,0.6143463850021362,0.4,1.0,0.9148947072474714
CondAE,CTU2,0.702568531036377,0.5775719881057739,0.5,1.0,0.9568772597600085
CondAE,CUL1,0.6622032523155212,0.579195499420166,0.45,0.95,0.9075849442226694
CondAE,CUL2,0.8183537721633911,0.7442094087600708,0.8,1.0,0.9809329553840869
CondAE,CUL7,0.8442193865776062,0.8029669523239136,0.7,0.95,0.8190885875054239
CondAE,CWC15,0.8225362300872803,0.8031374216079712,0.5,1.0,0.9472657978329001
CondAE,CWC22,0.8619143962860107,0.8617198467254639,0.65,1.0,0.9545525687289459
CondAE,CYC1,0.5904892683029175,0.525772213935852,0.45,0.95,0.8450327932387431
CondAE,CYFIP1,0.5376047492027283,0.4318073093891144,0.4,1.0,0.8904471257654863
CondAE,CYREN,0.7432007789611816,0.6011086702346802,0.75,0.95,0.8513608561192081
CondAE,DAP3,0.6498174071311951,0.5440968871116638,0.35,1.0,0.9321934522539095
CondAE,DARS,0.8630068898200989,0.8177371621131897,0.75,1.0,0.9789353274658757
CondAE,DAXX,0.6822153925895691,0.5785840749740601,0.5,1.0,0.8748213507830476
CondAE,DBR1,0.6747650504112244,0.6481279134750366,0.5,1.0,0.8793328680512594
CondAE,DCAF6,0.39800184965133667,0.3170374631881714,0.2,0.8,0.8395017331981669
CondAE,DCTN1,0.6741113066673279,0.6170204877853394,0.4,1.0,0.909471325233967
CondAE,DCTN2,0.7885949015617371,0.6660099029541016,0.7,1.0,0.9565346249136396
CondAE,DCTN3,0.7681012749671936,0.6799300909042358,0.6,1.0,0.9444860218290377
CondAE,DCTN4,0.746951162815094,0.6350265145301819,0.65,1.0,0.9478720863120004
CondAE,DCTN6,0.7397791743278503,0.6144272685050964,0.6,1.0,0.960514060713366
CondAE,DCUN1D5,0.854705810546875,0.794815719127655,0.8,1.0,0.9314199133120511
CondAE,DDOST,0.6920413970947266,0.6015366911888123,0.6,1.0,0.8223439842786561
CondAE,DDX1,0.48179227113723755,0.39496076107025146,0.4,1.0,0.8199040338549124
CondAE,DDX10,0.9062421917915344,0.8814703822135925,0.7,1.0,0.9700673041397484
CondAE,DDX17,0.4723834991455078,0.42725664377212524,0.3,0.9,0.7243680427495546
CondAE,DDX18,0.8720460534095764,0.8523298501968384,0.7,1.0,0.9443194573433905
CondAE,DDX19A,0.4187471866607666,0.3539622724056244,0.2,0.9,0.7053518236781082
CondAE,DDX20,0.732257604598999,0.6995313167572021,0.35,1.0,0.8233760360622423
CondAE,DDX21,0.8889011144638062,0.8538401126861572,0.75,1.0,0.962749177807018
CondAE,DDX23,0.8510545492172241,0.8167238235473633,0.7,1.0,0.9745852495122178
CondAE,DDX27,0.897819459438324,0.8316072821617126,0.8,1.0,0.9793478195835266
CondAE,DDX3X,0.4594796895980835,0.37731727957725525,0.35,0.95,0.8361144449258366
CondAE,DDX41,0.863137423992157,0.8642833828926086,0.6,1.0,0.9791555304498445
CondAE,DDX5,0.651871919631958,0.5913935899734497,0.55,1.0,0.7296974651703606
CondAE,DDX51,0.9026686549186707,0.8556009531021118,0.8,1.0,0.975743518339154
CondAE,DDX52,0.9020967483520508,0.8570916056632996,0.75,1.0,0.9712245613615416
CondAE,DDX55,0.8972672820091248,0.8303451538085938,0.8,1.0,0.9765577799853221
CondAE,DDX56,0.8424771428108215,0.7753397226333618,0.75,1.0,0.9639962666413303
CondAE,DDX6,0.6365950107574463,0.587162971496582,0.4,0.95,0.8017070058450205
CondAE,DENR,0.6562314629554749,0.5505759716033936,0.6,1.0,0.9238599519644554
CondAE,DERL2,0.8784691691398621,0.8155117630958557,0.65,1.0,0.9861058909542005
CondAE,DESI1,0.5939695239067078,0.5387235283851624,0.35,0.95,0.768666875457613
CondAE,DHODH,0.430307000875473,0.3301142752170563,0.45,0.95,0.8135908624692172
CondAE,DHPS,0.5499280691146851,0.46278876066207886,0.4,0.95,0.8419688337840743
CondAE,DHX15,0.8662635684013367,0.8374991416931152,0.55,1.0,0.9641299037100983
CondAE,DHX16,0.8281022906303406,0.8283582925796509,0.4,0.95,0.9479464276747538
CondAE,DHX29,0.5261767506599426,0.4532601833343506,0.35,1.0,0.8033003115305579
CondAE,DHX33,0.7868620157241821,0.6572518944740295,0.7,0.95,0.9305479862824685
CondAE,DHX36,0.5800575017929077,0.47670140862464905,0.3,0.95,0.7742554817500538
CondAE,DHX37,0.7457956075668335,0.6081831455230713,0.8,1.0,0.9587781661896674
CondAE,DIMT1,0.8981372714042664,0.8624392151832581,0.85,1.0,0.967703143010763
CondAE,DKC1,0.823646605014801,0.7305698990821838,0.75,1.0,0.9576579339110733
CondAE,DLD,0.8281806111335754,0.7975916862487793,0.6,1.0,0.9270519588496637
CondAE,DNAJA1,0.452487587928772,0.3390016257762909,0.15,0.65,0.8315573486565097
CondAE,DNAJA3,0.8771216869354248,0.7174339294433594,0.55,1.0,0.9575324980876889
CondAE,DNAJC17,0.8790227174758911,0.8770374655723572,0.65,1.0,0.9376858261641879
CondAE,DNAJC19,0.40286120772361755,0.32482704520225525,0.2,0.85,0.714997176765405
CondAE,DNAJC8,0.48385363817214966,0.40117180347442627,0.2,1.0,0.7535620927281916
CondAE,DNM1L,0.500652551651001,0.43033286929130554,0.25,0.9,0.6959694016520748
CondAE,DNMT1,0.7089949250221252,0.6322546601295471,0.6,1.0,0.8754207105833425
CondAE,DNTTIP2,0.8901641964912415,0.8755378127098083,0.65,1.0,0.9608301295754215
CondAE,DOHH,0.5696715116500854,0.4949781596660614,0.3,0.9,0.8193567347501491
CondAE,DOLK,0.5184295773506165,0.42964112758636475,0.1,1.0,0.7964013534089851
CondAE,DPH2,0.5652311444282532,0.476644366979599,0.45,0.95,0.6425944638541818
CondAE,DPH3,0.4530557096004486,0.37402111291885376,0.3,0.9,0.7745397962458279
CondAE,DPH6,0.43247854709625244,0.35961732268333435,0.15,0.95,0.8136191722167727
CondAE,DRAP1,0.46786725521087646,0.38290679454803467,0.25,0.95,0.848144214852003
CondAE,DRG1,0.5179433822631836,0.4321383833885193,0.35,0.95,0.8048134270570779
CondAE,DSTYK,0.5871546864509583,0.48455050587654114,0.45,1.0,0.8634612719058619
CondAE,DTL,0.8575218915939331,0.7683851718902588,0.65,1.0,0.9821803578172249
CondAE,DYNC1I2,0.7051231861114502,0.5914393663406372,0.55,1.0,0.9286058618274868
CondAE,DYNLL1,0.695717990398407,0.6270342469215393,0.7,1.0,0.5250880585734209
CondAE,DYNLL2,0.47643914818763733,0.40429309010505676,0.2,0.9,0.7477457961513353
CondAE,E2F6,0.5463573336601257,0.4680313766002655,0.35,0.85,0.7320184165946324
CondAE,E4F1,0.871805727481842,0.7903719544410706,0.8,1.0,0.9854237929052935
CondAE,EARS2,0.6536836624145508,0.5541056990623474,0.5,1.0,0.7134890207839741
CondAE,EBNA1BP2,0.8830038905143738,0.8396031260490417,0.7,1.0,0.9753776335544775
CondAE,ECD,0.6587356925010681,0.5469872951507568,0.45,1.0,0.8820366764500195
CondAE,EDC4,0.621766984462738,0.5823677182197571,0.3,0.95,0.9040217711385835
CondAE,EFR3A,0.5404874086380005,0.4559077024459839,0.35,1.0,0.8399505694827268
CondAE,EFTUD2,0.8445793986320496,0.8081469535827637,0.75,1.0,0.9412480873929996
CondAE,EHMT2,0.48190781474113464,0.4078369438648224,0.5,1.0,0.6884315293731993
CondAE,EIF1,0.48953837156295776,0.5009295344352722,0.55,0.95,0.5242849559914636
CondAE,EIF1AD,0.5570104122161865,0.4927022159099579,0.35,1.0,0.8677294731306138
CondAE,EIF1AX,0.6609101295471191,0.6017984747886658,0.45,1.0,0.8976469261475641
CondAE,EIF2B1,0.8966869711875916,0.8575605154037476,0.55,1.0,0.9642724548065302
CondAE,EIF2B2,0.8952208161354065,0.8770627975463867,0.65,1.0,0.9755352013416178
CondAE,EIF2B3,0.8940956592559814,0.865276038646698,0.7,1.0,0.9744966275216925
CondAE,EIF2B4,0.8861311078071594,0.8358660936355591,0.65,1.0,0.9654176258043564
CondAE,EIF2B5,0.8928906917572021,0.8643465638160706,0.6,1.0,0.9753017802604238
CondAE,EIF2S1,0.8758366107940674,0.8537024259567261,0.6,1.0,0.9716531453095038
CondAE,EIF2S2,0.8864274621009827,0.8390195369720459,0.7,1.0,0.9775809659671351
CondAE,EIF2S3,0.8852035999298096,0.8587512373924255,0.65,1.0,0.9786604675968736
CondAE,EIF3A,0.8688333630561829,0.8272980451583862,0.8,1.0,0.9778648028090259
CondAE,EIF3B,0.8451030850410461,0.8350268602371216,0.7,1.0,0.9404564810138694
CondAE,EIF3I,0.8325304388999939,0.8239184617996216,0.45,1.0,0.9414557154637158
CondAE,EIF3J,0.7904736995697021,0.6765877604484558,0.75,1.0,0.9730334876019967
CondAE,EIF3L,0.7208307981491089,0.6492826342582703,0.7,1.0,0.9471379011324795
CondAE,EIF4A1,0.7837535738945007,0.6779380440711975,0.6,1.0,0.9568845536910814
CondAE,EIF4A3,0.8868259787559509,0.8508172631263733,0.7,1.0,0.96595217699315
CondAE,EIF4B,0.5273875594139099,0.5899576544761658,0.3,0.85,0.8833993212680629
CondAE,EIF4E,0.8603522181510925,0.7846004366874695,0.75,1.0,0.9406022255764126
CondAE,EIF4G1,0.7336198687553406,0.6480982899665833,0.55,1.0,0.9472716177898997
CondAE,EIF4G2,0.6067732572555542,0.5230880379676819,0.3,0.9,0.7128705006548456
CondAE,EIF4H,0.502234160900116,0.40027204155921936,0.35,1.0,0.6588931421822839
CondAE,EIF5A,0.8069244027137756,0.8005449175834656,0.6,1.0,0.9667086986750354
CondAE,EIF6,0.8389073610305786,0.8063514232635498,0.8,1.0,0.8969653804200102
CondAE,ELAC2,0.5607562065124512,0.5368265509605408,0.35,0.9,0.5427478457593059
CondAE,ELL,0.7862447500228882,0.7035388350486755,0.5,1.0,0.9088633666427554
CondAE,ELOB,0.7109229564666748,0.6334808468818665,0.6,1.0,0.8898013011270358
CondAE,ELOF1,0.7263757586479187,0.6875876188278198,0.55,1.0,0.94543508901469
CondAE,ELOVL1,0.4881857633590698,0.4400060772895813,0.35,1.0,0.787493806647424
CondAE,ELP3,0.8155537843704224,0.7153226733207703,0.55,1.0,0.9668711469021397
CondAE,ELP5,0.7902536988258362,0.6875203251838684,0.6,1.0,0.9320754803777878
CondAE,ELP6,0.7180805802345276,0.5910507440567017,0.55,1.0,0.977168479057864
CondAE,EMC1,0.5516796708106995,0.4975653290748596,0.1,0.9,0.8370234023444548
CondAE,EMC4,0.5195846557617188,0.481079638004303,0.3,1.0,0.7541890869033311
CondAE,EMC7,0.5462878346443176,0.45386749505996704,0.5,1.0,0.6737731441884593
CondAE,ENO1,0.3031172752380371,0.36758342385292053,0.15,0.8,0.7519306980053226
CondAE,ENY2,0.6985066533088684,0.6406080722808838,0.55,1.0,0.905844709654057
CondAE,EPRS,0.839684247970581,0.806538999080658,0.65,1.0,0.95602615412917
CondAE,ERAL1,0.4848839342594147,0.38294517993927,0.35,1.0,0.8757101578432631
CondAE,ERCC2,0.6809866428375244,0.5942394137382507,0.4,1.0,0.9412357311765641
CondAE,ERCC3,0.4420923590660095,0.36023059487342834,0.25,0.95,0.8160037868614362
CondAE,ESF1,0.7791852951049805,0.659405529499054,0.8,1.0,0.9454092548518644
CondAE,ETF1,0.8724310994148254,0.8173843026161194,0.7,1.0,0.9665205267757888
CondAE,EXOC1,0.592624306678772,0.4900791049003601,0.5,1.0,0.9313839292174434
CondAE,EXOC2,0.5389880537986755,0.45009714365005493,0.4,1.0,0.8395782513707989
CondAE,EXOC3,0.4296126663684845,0.33128640055656433,0.2,0.95,0.7378776820717536
CondAE,EXOC4,0.5846067070960999,0.5038340091705322,0.35,0.95,0.8515272177701112
CondAE,EXOC5,0.48560839891433716,0.3889961540699005,0.4,0.9,0.7984953572761566
CondAE,EXOC7,0.8301109075546265,0.7450223565101624,0.65,1.0,0.9795482727447216
CondAE,EXOSC1,0.5677789449691772,0.453807532787323,0.55,1.0,0.929300795084241
CondAE,EXOSC2,0.8577202558517456,0.8413682579994202,0.65,1.0,0.9339545268769767
CondAE,EXOSC3,0.839391827583313,0.8086156249046326,0.6,1.0,0.9183621447342096
CondAE,EXOSC4,0.8496044874191284,0.8295417428016663,0.6,1.0,0.915934174137311
CondAE,EXOSC5,0.8640218377113342,0.8249596357345581,0.7,1.0,0.9315448487449964
CondAE,EXOSC7,0.7870103120803833,0.712177574634552,0.65,1.0,0.8813208333920327
CondAE,EXOSC8,0.8477819561958313,0.8170687556266785,0.6,1.0,0.8910292227723067
CondAE,EXOSC9,0.8432457447052002,0.8280042409896851,0.65,1.0,0.9207629148879257
CondAE,F8A1,0.37199974060058594,0.3048141896724701,0.1,0.75,0.5164657360462331
CondAE,FAM136A,0.8480706810951233,0.7889348864555359,0.65,1.0,0.9680249652069393
CondAE,FAM207A,0.508762538433075,0.4199928343296051,0.4,0.75,0.7993582404012329
CondAE,FAM32A,0.8285014629364014,0.820002019405365,0.55,0.95,0.9285741974608293
CondAE,FARSA,0.8579362034797668,0.7988128066062927,0.55,1.0,0.9616528159096142
CondAE,FASN,0.6432586908340454,0.5939313173294067,0.25,0.95,0.7688473953046909
CondAE,FASTKD5,0.4504741430282593,0.4534854292869568,0.4,0.75,0.4941099456067501
CondAE,FAU,0.8908445239067078,0.8834632635116577,0.85,1.0,0.9319067024181131
CondAE,FBLIM1,0.40911397337913513,0.3300313353538513,0.2,0.95,0.7137464482320497
CondAE,FBXO42,0.4931735098361969,0.4171842932701111,0.15,0.95,0.7532803844839896
CondAE,FCF1,0.865321934223175,0.7964028120040894,0.75,1.0,0.9755892657235523
CondAE,FDPS,0.6034425497055054,0.5112010836601257,0.25,1.0,0.9161254741772764
CondAE,FDXR,0.4272948205471039,0.36487647891044617,0.15,0.95,0.36681548506841516
CondAE,FGFR1OP,0.5206546783447266,0.4285292625427246,0.1,0.9,0.8547507409057465
CondAE,FKBP9,0.6748279333114624,0.6086782813072205,0.65,1.0,0.8775883410065464
CondAE,FNBP4,0.554092288017273,0.4846082925796509,0.5,0.95,0.8487859012186706
CondAE,FNTA,0.8051486015319824,0.752335250377655,0.55,0.9,0.887080416614064
CondAE,FOXO1,0.4448702037334442,0.40767648816108704,0.2,1.0,0.8343300364074262
CondAE,FXN,0.6198129057884216,0.6059061884880066,0.35,1.0,0.7498208272526924
CondAE,GABPA,0.5599040389060974,0.4596478044986725,0.7,1.0,0.8180979057627246
CondAE,GABPB1,0.7445259094238281,0.6624499559402466,0.65,0.95,0.811310100115602
CondAE,GAR1,0.7885568737983704,0.6773078441619873,0.65,1.0,0.9745699176779816
CondAE,GART,0.5739091038703918,0.48203498125076294,0.25,0.95,0.8240980331990043
CondAE,GCLC,0.47971153259277344,0.4261781871318817,0.25,0.8,0.4121268017710694
CondAE,GEMIN4,0.6755033731460571,0.6137726902961731,0.3,1.0,0.603231175227156
CondAE,GEMIN5,0.8272941708564758,0.8184886574745178,0.4,1.0,0.9606704428288051
CondAE,GFER,0.7376749515533447,0.6351162195205688,0.7,1.0,0.9433566205267814
CondAE,GFM1,0.8717842102050781,0.8188817501068115,0.7,1.0,0.9726454568778362
CondAE,GFOD2,0.5787897706031799,0.4752192497253418,0.5,0.95,0.8942953685338964
CondAE,GINS1,0.8623597025871277,0.7972343564033508,0.75,1.0,0.9679859110287999
CondAE,GINS2,0.7263851761817932,0.6223342418670654,0.7,1.0,0.8911898872513
CondAE,GINS4,0.7807384729385376,0.7107985615730286,0.55,1.0,0.9347499312148602
CondAE,GLB1,0.8664494752883911,0.8192082047462463,0.8,1.0,0.9700360228528019
CondAE,GLE1,0.7857583165168762,0.7404158115386963,0.5,1.0,0.8932996870311057
CondAE,GLRX3,0.476231187582016,0.38582319021224976,0.4,1.0,0.654792321783081
CondAE,GLRX5,0.5089933276176453,0.4057512879371643,0.45,0.9,0.7602799017128826
CondAE,GMPPB,0.6654003858566284,0.5377151966094971,0.55,1.0,0.9634712248088513
CondAE,GNB1L,0.5871180295944214,0.48692238330841064,0.45,1.0,0.9216212520263992
CondAE,GNL2,0.8804723024368286,0.8461998105049133,0.75,1.0,0.9656589692324362
CondAE,GNL3,0.8924214243888855,0.8404242396354675,0.75,1.0,0.972513982299843
CondAE,GNL3L,0.8529528379440308,0.784203052520752,0.75,1.0,0.9643068471046452
CondAE,GNPAT,0.7770051956176758,0.6614072918891907,0.85,1.0,0.9517372800617294
CondAE,GNPNAT1,0.4860059916973114,0.5017518997192383,0.35,0.95,0.8054494686230043
CondAE,GOLT1B,0.5330641269683838,0.4390106499195099,0.3,0.9,0.7458998318868029
CondAE,GPKOW,0.7707803845405579,0.7495007514953613,0.45,1.0,0.9455258127579458
CondAE,GPN1,0.8132148385047913,0.7676085829734802,0.55,1.0,0.8780388233055394
CondAE,GPN3,0.8780134916305542,0.8522676229476929,0.75,0.95,0.898313502439527
CondAE,GPS1,0.867687463760376,0.85467129945755,0.7,0.95,0.9615235332107289
CondAE,GPS2,0.571571409702301,0.5057957172393799,0.4,1.0,0.9096288918937129
CondAE,GRPEL1,0.8946266770362854,0.8340144157409668,0.7,1.0,0.9672849969411416
CondAE,GRSF1,0.6575619578361511,0.5190070271492004,0.6,1.0,0.9491844897754801
CondAE,GRWD1,0.4453710615634918,0.3672274053096771,0.2,0.9,0.5362202831222457
CondAE,GSK3B,0.4657534062862396,0.4100498557090759,0.3,0.85,0.7019006614135345
CondAE,GSPT1,0.8910536170005798,0.8388774991035461,0.75,1.0,0.9685622910964917
CondAE,GTF2A1,0.8385511636734009,0.8407161831855774,0.6,1.0,0.9301564719060271
CondAE,GTF2A2,0.5497522354125977,0.49231889843940735,0.4,1.0,0.8973341016373811
CondAE,GTF2E1,0.5814304947853088,0.48996859788894653,0.4,0.95,0.767818371769156
CondAE,GTF2E2,0.8634650707244873,0.8639426827430725,0.6,0.95,0.8211694932729385
CondAE,GTF2F2,0.8067486882209778,0.7753084301948547,0.65,1.0,0.915582941878972
CondAE,GTF2H1,0.7825298309326172,0.7365540266036987,0.6,1.0,0.8958103494059715
CondAE,GTF2H3,0.5610055327415466,0.4480701684951782,0.5,1.0,0.8390302987846946
CondAE,GTF2H4,0.5959474444389343,0.5030527114868164,0.2,0.85,0.7392849565922262
CondAE,GTF3A,0.733626663684845,0.6218975186347961,0.6,1.0,0.909467249462195
CondAE,GTF3C1,0.5152832269668579,0.45653170347213745,0.25,0.9,0.7177503182701147
CondAE,GTF3C2,0.6297957301139832,0.575066089630127,0.4,1.0,0.8512504428010261
CondAE,GTF3C6,0.519132673740387,0.4173119068145752,0.3,1.0,0.8284766470663842
CondAE,GTPBP4,0.8722888231277466,0.7934545874595642,0.85,1.0,0.9666416277886984
CondAE,GUK1,0.48185792565345764,0.43899399042129517,0.35,0.9,0.6526004283017783
CondAE,GYG1,0.6225249171257019,0.5333356857299805,0.35,1.0,0.9683533988543406
CondAE,H2AFX,0.5568843483924866,0.49587902426719666,0.4,0.95,0.5159795405088302
CondAE,H2AFZ,0.48985135555267334,0.5259572863578796,0.3,0.95,0.7793625139773898
CondAE,H3F3A,0.4560707211494446,0.45251137018203735,0.3,0.95,0.2623698349175019
CondAE,HAMP,0.537214457988739,0.4478490948677063,0.35,0.9,0.755940941797806
CondAE,HARS,0.8935955166816711,0.8256067037582397,0.55,1.0,0.98378123961367
CondAE,HAUS8,0.5924751162528992,0.46696576476097107,0.6,1.0,0.8741638546533861
CondAE,HDAC3,0.6133096814155579,0.5783414244651794,0.45,1.0,0.8818461074843708
CondAE,HDAC7,0.742717981338501,0.6884281635284424,0.5,1.0,0.944672836048319
CondAE,HECTD1,0.5060965418815613,0.42571893334388733,0.25,0.95,0.8423254648067153
CondAE,HERC1,0.6025737524032593,0.49396976828575134,0.55,1.0,0.8528395292025971
CondAE,HGS,0.9010008573532104,0.8150787949562073,0.75,1.0,0.9792545878385884
CondAE,HHEX,0.46238577365875244,0.3932575285434723,0.05,0.85,0.705406468030164
CondAE,HIPK1,0.609253466129303,0.5910468101501465,0.35,1.0,0.6470518466486436
CondAE,HIST1H2BN,0.6002295613288879,0.44270220398902893,0.6,0.95,0.8386561593896857
CondAE,HJURP,0.6074649691581726,0.5072410106658936,0.35,0.95,0.7660869186901884
CondAE,HMBOX1,0.42371484637260437,0.3537631034851074,0.15,0.95,0.760735001603282
CondAE,HMGA1,0.5074142217636108,0.43278127908706665,0.45,1.0,0.8440264260053463
CondAE,HMGB3,0.7511433959007263,0.62699294090271,0.8,1.0,0.9657002619577701
CondAE,HMGCS1,0.8150196671485901,0.7736924886703491,0.6,0.95,0.8203193809234298
CondAE,HNRNPA1,0.5734372735023499,0.4679197669029236,0.35,1.0,0.8426347349839303
CondAE,HNRNPDL,0.640823245048523,0.5596057772636414,0.55,0.95,0.8424275690140101
CondAE,HNRNPH1,0.4701746702194214,0.41897907853126526,0.2,0.85,0.7586218219003062
CondAE,HNRNPK,0.8329562544822693,0.7620212435722351,0.65,1.0,0.8787354122598332
CondAE,HNRNPL,0.7081629633903503,0.6026368737220764,0.65,1.0,0.9082227036842935
CondAE,HPS5,0.6642603874206543,0.5958472490310669,0.35,0.95,0.6366981936522498
CondAE,HS6ST1,0.4515143632888794,0.36733242869377136,0.2,1.0,0.8162082738412307
CondAE,HSCB,0.4284345805644989,0.34592288732528687,0.35,0.85,0.6960556041404309
CondAE,HSD17B10,0.7918933033943176,0.7222827076911926,0.7,0.95,0.9743511757881611
CondAE,HSD17B12,0.5876429080963135,0.4753345847129822,0.5,1.0,0.9479094444935563
CondAE,HSP90B1,0.5342283248901367,0.5519163012504578,0.3,0.8,0.7300600378877546
CondAE,HSPA14,0.5764180421829224,0.46738365292549133,0.45,0.95,0.8920701202227976
CondAE,HSPA8,0.6861956119537354,0.6340528130531311,0.65,0.9,0.7955052989007887
CondAE,HSPA9,0.9106189012527466,0.8813946843147278,0.5,1.0,0.9767137782026439
CondAE,HSPE1,0.8770883083343506,0.835591733455658,0.6,1.0,0.9087261344546584
CondAE,HUS1,0.4428202509880066,0.36001795530319214,0.4,0.95,0.8048188506679514
CondAE,HUWE1,0.6611212491989136,0.5587223768234253,0.35,0.9,0.6671699771057182
CondAE,IARS,0.7863535284996033,0.6954657435417175,0.55,1.0,0.958095420922995
CondAE,IARS2,0.8754609823226929,0.8184168934822083,0.6,1.0,0.9659905589882257
CondAE,ICE1,0.8730470538139343,0.8393321633338928,0.6,1.0,0.9780224215049571
CondAE,ILF2,0.7747300267219543,0.6528716087341309,0.8,1.0,0.8703735860825772
CondAE,ILF3,0.6128895282745361,0.5225095748901367,0.4,0.95,0.8300328662039506
CondAE,IMP4,0.8906432390213013,0.8457953929901123,0.75,1.0,0.9691017490032091
CondAE,IMPA2,0.8280674815177917,0.7333065867424011,0.7,1.0,0.9669794199275168
CondAE,IMPDH2,0.6977309584617615,0.6048074960708618,0.6,1.0,0.9532973943596706
CondAE,INF2,0.488786518573761,0.3798777163028717,0.5,1.0,0.8691874586514253
CondAE,INO80,0.5657574534416199,0.49340611696243286,0.3,1.0,0.8527793569803823
CondAE,INO80B,0.5755618810653687,0.48908281326293945,0.4,1.0,0.7788629228881854
CondAE,INPPL1,0.676647961139679,0.5575548410415649,0.6,0.95,0.8905986671005067
CondAE,INTS1,0.547527551651001,0.4900737404823303,0.2,0.95,0.8273905472697193
CondAE,INTS10,0.5528985261917114,0.4741416275501251,0.3,0.95,0.816995163064695
CondAE,INTS11,0.854215681552887,0.7659503817558289,0.85,1.0,0.972523049175757
CondAE,INTS12,0.5183684825897217,0.447503000497818,0.4,1.0,0.6967241341961377
CondAE,INTS13,0.5899597406387329,0.5149742364883423,0.45,1.0,0.8633751028221699
CondAE,INTS14,0.7589370012283325,0.7286714315414429,0.6,1.0,0.9290803916651119
CondAE,INTS2,0.8643007874488831,0.8471578359603882,0.55,1.0,0.924496526131949
CondAE,INTS3,0.7937306761741638,0.753728985786438,0.75,1.0,0.9706706058796688
CondAE,INTS4,0.831649124622345,0.7659419775009155,0.6,1.0,0.930569636988357
CondAE,INTS5,0.8482213616371155,0.8219671845436096,0.55,1.0,0.9397572556926681
CondAE,INTS6,0.7319397926330566,0.6383099555969238,0.5,1.0,0.9433487237902625
CondAE,INTS7,0.7880653142929077,0.7167689204216003,0.6,1.0,0.9408722280313002
CondAE,INTS8,0.8697677254676819,0.8487744927406311,0.7,1.0,0.958796322466096
CondAE,INTS9,0.8313124775886536,0.7909667491912842,0.6,0.95,0.8936032971150885
CondAE,IPO11,0.6212353110313416,0.5385284423828125,0.5,0.95,0.8540112896035678
CondAE,IPO7,0.8284065127372742,0.6951022148132324,0.8,1.0,0.9797145320957952
CondAE,IPO9,0.6483206748962402,0.5649557709693909,0.4,1.0,0.9006075303290203
CondAE,ISCA2,0.6615241169929504,0.5770833492279053,0.55,1.0,0.6420224457402549
CondAE,ISCU,0.5698059797286987,0.4904482066631317,0.35,0.95,0.7601007022003442
CondAE,ISG20L2,0.8888428211212158,0.8355129361152649,0.8,1.0,0.9794014450513567
CondAE,IST1,0.5773417353630066,0.46406564116477966,0.35,0.95,0.896447473099436
CondAE,ITGB1BP1,0.5193581581115723,0.4317369759082794,0.25,0.95,0.5933165819078584
CondAE,IWS1,0.5936996340751648,0.5478789806365967,0.4,0.9,0.8499746865582966
CondAE,JMJD6,0.4065808355808258,0.32976460456848145,0.25,0.95,0.8421776460041747
CondAE,KAT7,0.5742568969726562,0.48514583706855774,0.35,1.0,0.8487153533690617
CondAE,KCMF1,0.547450065612793,0.45740851759910583,0.4,0.9,0.7329187161964063
CondAE,KDM1A,0.6263995170593262,0.5598196983337402,0.3,1.0,0.8864424818754179
CondAE,KDM6A,0.5656310319900513,0.5189836621284485,0.15,1.0,0.8646805261834769
CondAE,KEAP1,0.7423307299613953,0.7043400406837463,0.6,1.0,0.8735977168418321
CondAE,KIAA0586,0.7821632027626038,0.6888812780380249,0.6,1.0,0.9671328256109767
CondAE,KIAA1143,0.4228227436542511,0.3435850441455841,0.1,0.95,0.7431851530516342
CondAE,KIF11,0.6017586588859558,0.49881449341773987,0.6,1.0,0.8058354280525913
CondAE,KIF18B,0.8540898561477661,0.7648400068283081,0.75,1.0,0.975923379038282
CondAE,KIN,0.874497652053833,0.8309147953987122,0.8,1.0,0.9714708733274814
CondAE,KRI1,0.8927176594734192,0.8495904207229614,0.85,1.0,0.9689585002980855
CondAE,KRR1,0.8278664350509644,0.719377338886261,0.75,1.0,0.9683439618962073
CondAE,KTI12,0.6180695295333862,0.4759784936904907,0.75,1.0,0.9526576000284461
CondAE,LAMB1,0.7431169748306274,0.6692365407943726,0.65,1.0,0.9658978561572118
CondAE,LAMTOR1,0.5378953814506531,0.45498865842819214,0.25,1.0,0.875117438468374
CondAE,LAMTOR4,0.5721603035926819,0.4548719823360443,0.65,0.95,0.8049768069625738
CondAE,LARS,0.885040819644928,0.8502720594406128,0.7,1.0,0.9721404097139366
CondAE,LARS2,0.712485134601593,0.5854774713516235,0.6,1.0,0.9206351557030968
CondAE,LAS1L,0.8815502524375916,0.8118807077407837,0.85,1.0,0.9759112271336096
CondAE,LDB1,0.48083949089050293,0.3977213501930237,0.25,1.0,0.8485053996535025
CondAE,LETM1,0.7695779800415039,0.6424862742424011,0.6,1.0,0.9580467911177356
CondAE,LIMS1,0.4572685956954956,0.38107725977897644,0.25,0.95,0.6984066665332146
CondAE,LIN52,0.5598263740539551,0.5391541123390198,0.35,1.0,0.8906387617453453
CondAE,LONP1,0.7796244621276855,0.6827945709228516,0.6,0.95,0.9205110011784341
CondAE,LPIN1,0.4341782033443451,0.3589296042919159,0.2,0.85,0.707914303745523
CondAE,LRP5,0.3760085105895996,0.3712921738624573,0.3,0.8,0.7086416695208985
CondAE,LRR1,0.813869297504425,0.697001039981842,0.65,1.0,0.9674639653277975
CondAE,LSG1,0.9011775851249695,0.853223443031311,0.9,1.0,0.9751899122220908
CondAE,LSM10,0.669665515422821,0.5171477198600769,0.4,0.95,0.9401190680000724
CondAE,LSM12,0.6744349002838135,0.6750420928001404,0.4,1.0,0.7610016580735217
CondAE,LSM2,0.8304011821746826,0.7916904091835022,0.6,1.0,0.943072552064231
CondAE,LSM3,0.764193594455719,0.7051200270652771,0.45,1.0,0.8329177130750358
CondAE,LSM4,0.862101674079895,0.8138015866279602,0.8,1.0,0.9683240156762505
CondAE,LSM5,0.8437276482582092,0.8172447681427002,0.7,1.0,0.9326086663172087
CondAE,LSM6,0.858623743057251,0.8295958042144775,0.65,1.0,0.9576386973489442
CondAE,LSM7,0.8325985670089722,0.800338625907898,0.65,1.0,0.9482731293683625
CondAE,LTBP3,0.5114361047744751,0.44347044825553894,0.25,0.95,0.807132379020362
CondAE,LTV1,0.8735144138336182,0.8448969721794128,0.7,1.0,0.9574069998926701
CondAE,LYRM4,0.6008641719818115,0.45828238129615784,0.55,1.0,0.8192345192616256
CondAE,MAD2L1,0.7141435146331787,0.5982083082199097,0.65,1.0,0.12231925609286175
CondAE,MAD2L2,0.609685480594635,0.5556310415267944,0.5,1.0,0.7681832877038137
CondAE,MAK16,0.8700531125068665,0.8018332123756409,0.8,1.0,0.9735233715232559
CondAE,MALSU1,0.6778925657272339,0.5588654279708862,0.55,1.0,0.9292395468697853
CondAE,MANF,0.42635422945022583,0.33322736620903015,0.4,0.85,0.5644221726636018
CondAE,MAP2K7,0.7566550970077515,0.6726108193397522,0.65,1.0,0.8895145058209137
CondAE,MARS,0.8677241206169128,0.8005901575088501,0.65,1.0,0.9681898811959676
CondAE,MASTL,0.4429698884487152,0.3737797737121582,0.45,0.95,0.8295542758998286
CondAE,MAT2A,0.4616948664188385,0.38756173849105835,0.3,0.9,0.7295879083388798
CondAE,MAX,0.6881742477416992,0.5862115621566772,0.3,1.0,0.942819107446586
CondAE,MBD3,0.5527280569076538,0.47217869758605957,0.3,1.0,0.8497748906195706
CondAE,MBIP,0.5026322603225708,0.42419496178627014,0.25,0.95,0.857253615123821
CondAE,MBNL1,0.7678447961807251,0.6941320300102234,0.55,1.0,0.8656559021788057
CondAE,MBTPS1,0.7423030138015747,0.6505640149116516,0.7,1.0,0.7042443879602741
CondAE,MBTPS2,0.7185067534446716,0.6026163697242737,0.75,1.0,0.5097139390512946
CondAE,MCL1,0.5468522906303406,0.4602416157722473,0.35,0.95,0.7655718766478327
CondAE,MCM2,0.8618646264076233,0.7622299194335938,0.8,1.0,0.9737765093500569
CondAE,MCM3,0.8590949177742004,0.7949828505516052,0.7,1.0,0.9149389826914833
CondAE,MCM3AP,0.5714843273162842,0.46259161829948425,0.5,1.0,0.8042767618799073
CondAE,MCM5,0.7012087106704712,0.6104556918144226,0.5,1.0,0.8785274977922388
CondAE,MCM6,0.906444787979126,0.8787875175476074,0.8,1.0,0.9787121515554094
CondAE,MCM7,0.6122045516967773,0.49260830879211426,0.4,1.0,0.8847630304530582
CondAE,MCMBP,0.7632498741149902,0.7065033912658691,0.6,1.0,0.827950988754436
CondAE,MDN1,0.88905930519104,0.837909460067749,0.75,1.0,0.9723460768168315
CondAE,MED11,0.8716377019882202,0.8308150768280029,0.8,1.0,0.7891529705660965
CondAE,MED14,0.8657068014144897,0.8401515483856201,0.65,1.0,0.9651965586356055
CondAE,MED16,0.5023291110992432,0.4231127202510834,0.35,1.0,0.9087953172942304
CondAE,MED17,0.835737943649292,0.7779701352119446,0.75,1.0,0.9698975390903017
CondAE,MED19,0.8464893698692322,0.8073434233665466,0.65,1.0,0.9207749297090705
CondAE,MED20,0.8336628675460815,0.7912628054618835,0.6,1.0,0.9664373707436458
CondAE,MED21,0.8698816299438477,0.8208711743354797,0.7,1.0,0.9756486728320715
CondAE,MED26,0.7081950306892395,0.6305240988731384,0.45,0.95,0.9311587610639107
CondAE,MED29,0.8328760862350464,0.7690006494522095,0.7,1.0,0.9748685478582247
CondAE,MED30,0.8722825050354004,0.8419893383979797,0.75,1.0,0.9500180488269506
CondAE,MED4,0.9072571396827698,0.8881449103355408,0.75,1.0,0.9549748676092277
CondAE,MED6,0.8060133457183838,0.7429549694061279,0.7,1.0,0.882796022357697
CondAE,MED7,0.8795128464698792,0.8549063205718994,0.8,1.0,0.9636840150102047
CondAE,MED8,0.8559417128562927,0.8198790550231934,0.7,1.0,0.9479480655955678
CondAE,MED9,0.8631154298782349,0.8309676051139832,0.9,1.0,0.9436503682523836
CondAE,MEN1,0.5639573335647583,0.45938652753829956,0.25,0.95,0.8223330540070154
CondAE,METAP1,0.618689239025116,0.5134671926498413,0.45,1.0,0.9340376054841999
CondAE,METAP2,0.5596491694450378,0.4861713647842407,0.15,1.0,0.860710289393673
CondAE,METTL1,0.49770882725715637,0.4248286485671997,0.2,1.0,0.8656677612150178
CondAE,METTL14,0.5909240245819092,0.49783170223236084,0.45,0.95,0.8677778308067994
CondAE,METTL17,0.5779007077217102,0.49254757165908813,0.25,1.0,0.8636719483670595
CondAE,METTL3,0.6536712646484375,0.5646790266036987,0.55,0.95,0.9100158894044137
CondAE,MEX3A,0.7831085324287415,0.699049711227417,0.75,1.0,0.9771416959242185
CondAE,MICOS10,0.640055239200592,0.5482522249221802,0.55,1.0,0.8615507253768241
CondAE,MIOS,0.5565966963768005,0.4579034745693207,0.35,0.95,0.837065774739604
CondAE,MIPEP,0.5225639343261719,0.44530293345451355,0.3,1.0,0.8194163107964032
CondAE,MIS18BP1,0.8354719281196594,0.6955519318580627,0.85,1.0,0.955943227239013
CondAE,MLLT6,0.767551064491272,0.7070500254631042,0.45,0.9,0.8052284237510245
CondAE,MMS19,0.6447519063949585,0.5536792278289795,0.55,1.0,0.9442593227056436
CondAE,MMS22L,0.7362266182899475,0.625084638595581,0.65,1.0,0.937642648854923
CondAE,MNAT1,0.6701286435127258,0.6021186709403992,0.4,0.95,0.8399149935259036
CondAE,MOB4,0.728163480758667,0.6103949546813965,0.7,1.0,0.9613565987242414
CondAE,MON1A,0.6622358560562134,0.5353296995162964,0.6,1.0,0.8967639298930794
CondAE,MPG,0.6150871515274048,0.5023839473724365,0.4,0.95,0.8627371972912798
CondAE,MPHOSPH10,0.8901209235191345,0.8508485555648804,0.7,1.0,0.9663425494393386
CondAE,MPHOSPH6,0.7960060238838196,0.6688147187232971,0.75,1.0,0.9581390423986935
CondAE,MRGBP,0.7294526696205139,0.726186215877533,0.5,0.95,0.5354946577839601
CondAE,MRM1,0.8068225383758545,0.7623997926712036,0.7,1.0,0.9771421824907944
CondAE,MRPL1,0.5866013765335083,0.4670167565345764,0.45,1.0,0.935577264888121
CondAE,MRPL10,0.8127437829971313,0.7032053470611572,0.55,1.0,0.9764887611422434
CondAE,MRPL14,0.5508994460105896,0.4250885248184204,0.5,0.95,0.8873485687089873
CondAE,MRPL16,0.7907515168190002,0.7208734154701233,0.6,1.0,0.9573644103630881
CondAE,MRPL18,0.7771074771881104,0.6731934547424316,0.65,1.0,0.9466652050301685
CondAE,MRPL20,0.6337326169013977,0.5138379335403442,0.5,1.0,0.9386384271061142
CondAE,MRPL24,0.8348413109779358,0.7240820527076721,0.6,1.0,0.9785167103432136
CondAE,MRPL27,0.8323274850845337,0.7448241114616394,0.65,1.0,0.9610835593096734
CondAE,MRPL3,0.7458429336547852,0.5952101945877075,0.65,1.0,0.970480068064493
CondAE,MRPL32,0.7306176424026489,0.6273256540298462,0.45,1.0,0.9492017484000959
CondAE,MRPL34,0.9186912178993225,0.8532932996749878,0.7,1.0,0.986083500632416
CondAE,MRPL35,0.8721699714660645,0.8336359262466431,0.7,1.0,0.9653281642941526
CondAE,MRPL36,0.8608052134513855,0.8165886998176575,0.65,1.0,0.976363757964995
CondAE,MRPL37,0.6923161745071411,0.5466666221618652,0.55,1.0,0.9380465289703761
CondAE,MRPL38,0.6968161463737488,0.5688779354095459,0.65,1.0,0.911449676901749
CondAE,MRPL39,0.7246940732002258,0.6424593329429626,0.5,1.0,0.9421731244834705
CondAE,MRPL4,0.7234838008880615,0.6015238165855408,0.5,1.0,0.9497693587891178
CondAE,MRPL41,0.8310539722442627,0.7300102114677429,0.65,1.0,0.9704385355340304
CondAE,MRPL49,0.8416185975074768,0.7628934979438782,0.6,1.0,0.9482703574364466
CondAE,MRPL50,0.6051333546638489,0.5090004801750183,0.4,1.0,0.9589108015580404
CondAE,MRPL51,0.7678719758987427,0.6780956387519836,0.65,1.0,0.8949713066448156
CondAE,MRPL54,0.7818472385406494,0.6972646117210388,0.6,1.0,0.962102779300764
CondAE,MRPL9,0.6957879662513733,0.5694607496261597,0.4,1.0,0.9528276266924621
CondAE,MRPS10,0.7565374374389648,0.6330054998397827,0.55,1.0,0.9594367508314744
CondAE,MRPS16,0.5790340304374695,0.46947070956230164,0.45,1.0,0.8296148644564295
CondAE,MRPS17,0.6808053851127625,0.5846430659294128,0.2,1.0,0.9585645840636249
CondAE,MRPS21,0.7258405685424805,0.6377063989639282,0.5,1.0,0.9526771910734814
CondAE,MRPS23,0.7384805679321289,0.630226731300354,0.7,1.0,0.867768611185957
CondAE,MRPS25,0.6964629292488098,0.6077497601509094,0.6,1.0,0.7209432146340178
CondAE,MRPS26,0.7705449461936951,0.6641254425048828,0.65,1.0,0.7560630090626486
CondAE,MRPS30,0.796043872833252,0.6785393953323364,0.7,1.0,0.9554069715817645
CondAE,MRPS33,0.6513270735740662,0.524666965007782,0.6,1.0,0.936127775183841
CondAE,MRPS34,0.7484433054924011,0.6511876583099365,0.45,1.0,0.9515880251582312
CondAE,MRPS35,0.798053503036499,0.669256865978241,0.75,1.0,0.8948475249008702
CondAE,MRPS5,0.812877893447876,0.6946417093276978,0.7,1.0,0.5615014972489688
CondAE,MRPS6,0.599496066570282,0.5330001711845398,0.35,1.0,0.8505605978805575
CondAE,MRPS7,0.47570616006851196,0.36628061532974243,0.3,0.95,0.8149529184618209
CondAE,MRPS9,0.6750160455703735,0.545263409614563,0.5,1.0,0.9557405104204637
CondAE,MSL1,0.5434246063232422,0.5331336259841919,0.2,0.9,0.8041207882807647
CondAE,MSRB1,0.47059735655784607,0.42753830552101135,0.35,0.95,0.7738358358450161
CondAE,MST1,0.40590304136276245,0.32513511180877686,0.3,0.95,0.6536674298479859
CondAE,MTG2,0.5431464910507202,0.43409833312034607,0.35,0.95,0.7513946165109066
CondAE,MTHFD1,0.5335249900817871,0.454964280128479,0.25,1.0,0.7246245624870387
CondAE,MTOR,0.6002097725868225,0.5077207684516907,0.45,1.0,0.8383125282833233
CondAE,MVD,0.6401340365409851,0.501865804195404,0.55,1.0,0.899168619440253
CondAE,MVK,0.38424792885780334,0.30206379294395447,0.2,0.85,0.5075021093987655
CondAE,MYBBP1A,0.8844037055969238,0.8220673203468323,0.85,1.0,0.9721624062881078
CondAE,MYBL2,0.8478406071662903,0.7858102917671204,0.75,1.0,0.9174635372793448
CondAE,MYC,0.7710830569267273,0.7402827739715576,0.55,1.0,0.9485965515063447
CondAE,MYCBP,0.4591868817806244,0.3822241723537445,0.1,1.0,0.7175240312284245
CondAE,MYSM1,0.47070837020874023,0.3805505633354187,0.1,0.95,0.6713035131613463
CondAE,MZT1,0.5280126929283142,0.4163646697998047,0.4,1.0,0.8633967616461644
CondAE,NAA10,0.7797367572784424,0.7134969234466553,0.7,1.0,0.9749988262783613
CondAE,NAA15,0.5586353540420532,0.49448588490486145,0.2,1.0,0.8398404737383058
CondAE,NAA20,0.5126173496246338,0.43596354126930237,0.3,0.8,0.7423508315123524
CondAE,NAA25,0.7321065664291382,0.6053417325019836,0.65,0.95,0.9191573575074006
CondAE,NAA30,0.5606391429901123,0.44978058338165283,0.35,0.95,0.8632449131558119
CondAE,NAA35,0.4893819987773895,0.3966130018234253,0.4,0.95,0.7244097346417884
CondAE,NAA50,0.715082049369812,0.5992109179496765,0.55,1.0,0.9172433853550735
CondAE,NACA,0.8890279531478882,0.8184089064598083,0.9,1.0,0.9785479178478511
CondAE,NAF1,0.756807804107666,0.6309534311294556,0.75,1.0,0.9569012966697019
CondAE,NAGLU,0.3922561705112457,0.31362882256507874,0.05,0.85,0.6951436433639399
CondAE,NAPG,0.5242976546287537,0.4296906888484955,0.45,0.95,0.8192475262888026
CondAE,NARS,0.8616981506347656,0.8232089877128601,0.55,1.0,0.9612609990738328
CondAE,NARS2,0.4438936710357666,0.3583943843841553,0.2,0.9,0.8373222852645527
CondAE,NBAS,0.782488226890564,0.6731261014938354,0.6,1.0,0.917387549141654
CondAE,NCAPD2,0.4535767734050751,0.39167520403862,0.25,0.9,0.7762724443187746
CondAE,NCAPG2,0.7664436101913452,0.6673464179039001,0.6,1.0,0.9682014875453985
CondAE,NCAPH2,0.851452112197876,0.755931556224823,0.8,1.0,0.9757267653711671
CondAE,NCKAP1,0.4809342324733734,0.42440277338027954,0.25,1.0,0.802102176745377
CondAE,NDC1,0.5109637379646301,0.47768259048461914,0.2,0.95,0.7264047905553509
CondAE,NDUFA11,0.6658048033714294,0.5350383520126343,0.65,1.0,0.8324550345850569
CondAE,NDUFA2,0.7739775776863098,0.7391524314880371,0.6,1.0,0.9317774849527408
CondAE,NDUFA3,0.7932921051979065,0.6704619526863098,0.6,0.95,0.8018587134969072
CondAE,NDUFA6,0.7579081058502197,0.6472833156585693,0.65,1.0,0.9564083252842522
CondAE,NDUFAB1,0.8285866975784302,0.7511729001998901,0.6,1.0,0.9676892619611072
CondAE,NDUFAF3,0.5224405527114868,0.4182663857936859,0.4,0.95,0.545354655486959
CondAE,NDUFAF5,0.6075483560562134,0.5083080530166626,0.65,1.0,0.9453743602706921
CondAE,NDUFAF7,0.8176137804985046,0.6802708506584167,0.8,1.0,0.9381266264922516
CondAE,NDUFB3,0.6092766523361206,0.48478928208351135,0.35,0.95,0.868961489933501
CondAE,NDUFB4,0.803507387638092,0.6923083662986755,0.65,1.0,0.9494345315333617
CondAE,NDUFB8,0.7685482501983643,0.6540223956108093,0.6,1.0,0.9534715399756069
CondAE,NDUFS3,0.7163204550743103,0.5695713758468628,0.55,1.0,0.87630959525495
CondAE,NELFA,0.725051999092102,0.7023687958717346,0.55,1.0,0.9036698274162291
CondAE,NELFB,0.6383374929428101,0.5858798623085022,0.35,1.0,0.8593276941643879
CondAE,NELFCD,0.5922807455062866,0.5301891565322876,0.4,1.0,0.8636947435571518
CondAE,NELFE,0.6508969664573669,0.6318438649177551,0.5,1.0,0.9126110843064834
CondAE,NEMF,0.4089626669883728,0.3459312319755554,0.2,0.9,0.7900525265945737
CondAE,NFATC2IP,0.420906126499176,0.35033273696899414,0.15,0.9,0.599241290028577
CondAE,NFKBIE,0.5872031450271606,0.5180695056915283,0.3,0.95,0.7882942253587516
CondAE,NFRKB,0.6867541074752808,0.5792093873023987,0.5,1.0,0.9015149560745581
CondAE,NFS1,0.8094835877418518,0.7261123061180115,0.65,1.0,0.9630829739219159
CondAE,NFYB,0.5143283605575562,0.4356369078159332,0.45,1.0,0.7916360327327909
CondAE,NFYC,0.5760958194732666,0.5854575634002686,0.2,1.0,0.8884721559657276
CondAE,NHLRC2,0.442060649394989,0.37337809801101685,0.3,0.85,0.8290755386272826
CondAE,NHP2,0.794955849647522,0.6548256874084473,0.85,1.0,0.9692358417276788
CondAE,NIFK,0.8732511401176453,0.8432977199554443,0.75,0.95,0.9214122166792724
CondAE,NIP7,0.8118439316749573,0.7013869285583496,0.7,1.0,0.9685164526125078
CondAE,NISCH,0.4945771396160126,0.4003432095050812,0.25,1.0,0.7708319151682185
CondAE,NKAP,0.8687037825584412,0.8572921752929688,0.7,1.0,0.9628107692100757
CondAE,NKAPD1,0.5549089908599854,0.4610423445701599,0.25,0.95,0.7078766074384659
CondAE,NLE1,0.8835881352424622,0.8433989882469177,0.75,1.0,0.9566283257494553
CondAE,NMD3,0.8871026635169983,0.8318859934806824,0.7,1.0,0.9740346840147843
CondAE,NOB1,0.8308095335960388,0.7198603749275208,0.65,1.0,0.951924514662927
CondAE,NOC3L,0.8896317481994629,0.8293203115463257,0.75,1.0,0.9755247422851611
CondAE,NOC4L,0.8733745813369751,0.7988619804382324,0.75,1.0,0.9631163620773581
CondAE,NOL10,0.858572781085968,0.80926114320755,0.8,1.0,0.9643469867335025
CondAE,NOL11,0.8825851082801819,0.8246223330497742,0.7,1.0,0.9639293377928743
CondAE,NOL12,0.867152214050293,0.8036284446716309,0.8,1.0,0.9699088680406999
CondAE,NOL6,0.8996216058731079,0.8396952152252197,0.75,1.0,0.9685013364421862
CondAE,NOL7,0.5450626015663147,0.432407945394516,0.4,0.95,0.845956703282592
CondAE,NOL8,0.8894500136375427,0.8518410921096802,0.8,1.0,0.9746670675785178
CondAE,NOLC1,0.8110829591751099,0.7385669946670532,0.65,1.0,0.9476890018090144
CondAE,NOM1,0.8784462809562683,0.8348517417907715,0.8,1.0,0.9821293536091282
CondAE,NOMO1,0.49941572546958923,0.44583097100257874,0.2,0.85,0.7535617124043451
CondAE,NOP14,0.9035158157348633,0.8749539256095886,0.75,1.0,0.9700477455918702
CondAE,NOP16,0.8691000938415527,0.7826185822486877,0.8,1.0,0.9657910407349972
CondAE,NOP58,0.8853238821029663,0.837973415851593,0.75,1.0,0.9602311125988134
CondAE,NOP9,0.5132632255554199,0.4149983823299408,0.4,0.95,0.784070393402769
CondAE,NOS1AP,0.47712746262550354,0.3906428813934326,0.3,0.95,0.8103127539334345
CondAE,NPLOC4,0.8718862533569336,0.8367182612419128,0.7,1.0,0.9687688205031931
CondAE,NPM1,0.6318425536155701,0.6429912447929382,0.6,1.0,0.47374875515174103
CondAE,NRBP1,0.659134566783905,0.5379540920257568,0.45,0.95,0.7917470624965569
CondAE,NRDE2,0.7196164727210999,0.6591063737869263,0.45,1.0,0.8142359137546846
CondAE,NSA2,0.8761263489723206,0.8121291995048523,0.75,1.0,0.9738478464419523
CondAE,NSMCE2,0.6084128022193909,0.479086697101593,0.5,1.0,0.8054138111598981
CondAE,NSUN4,0.45745888352394104,0.3608671724796295,0.45,0.9,0.8041705238017732
CondAE,NUB1,0.5357078909873962,0.4820519685745239,0.4,1.0,0.7343717884666999
CondAE,NUBP2,0.45326709747314453,0.39526745676994324,0.15,0.9,0.5196091749777737
CondAE,NUDC,0.8057008385658264,0.6847564578056335,0.75,1.0,0.938068949514487
CondAE,NUDCD3,0.7202255129814148,0.6489400863647461,0.7,1.0,0.9118877830660927
CondAE,NUDT15,0.4825378656387329,0.40175968408584595,0.2,1.0,0.734808928938482
CondAE,NUFIP1,0.5582212805747986,0.4345618188381195,0.45,1.0,0.9031651701357053
CondAE,NUP107,0.8576145172119141,0.8348888754844666,0.5,1.0,0.9614734614518544
CondAE,NUP133,0.6977419853210449,0.6195679903030396,0.5,1.0,0.9200624513799531
CondAE,NUP153,0.74295973777771,0.7159417271614075,0.45,1.0,0.9404936510810675
CondAE,NUP160,0.8593763113021851,0.8240393400192261,0.7,1.0,0.9648419045550031
CondAE,NUP214,0.682986319065094,0.6034918427467346,0.45,1.0,0.8344387476303716
CondAE,NUP35,0.44788262248039246,0.36168769001960754,0.1,0.95,0.74376192143408
CondAE,NUP43,0.47767552733421326,0.3845871686935425,0.3,1.0,0.8002539906581888
CondAE,NUP54,0.8269898891448975,0.6947945356369019,0.65,1.0,0.9445169106027151
CondAE,NUP62,0.8131439089775085,0.7433839440345764,0.65,1.0,0.9462462104407849
CondAE,NUP85,0.7089696526527405,0.628822386264801,0.45,1.0,0.8776908291723097
CondAE,NUP88,0.7850472927093506,0.7424337267875671,0.65,1.0,0.7954314354665706
CondAE,NUP98,0.8698024749755859,0.8568515777587891,0.8,1.0,0.9673246260932084
CondAE,NUTF2,0.8168847560882568,0.7851052284240723,0.65,1.0,0.9401891813301
CondAE,NVL,0.8886569142341614,0.8347082138061523,0.8,1.0,0.9761965404415206
CondAE,OGFOD1,0.6264375448226929,0.5561010837554932,0.5,1.0,0.9083854731724298
CondAE,OIP5,0.4169071614742279,0.32567542791366577,0.15,0.95,0.6850732630236483
CondAE,OLFML3,0.45238906145095825,0.4002779722213745,0.2,0.95,0.7289620513673973
CondAE,OPA1,0.7807757258415222,0.6368287801742554,0.65,0.95,0.968165453681323
CondAE,ORC3,0.4755920171737671,0.42394697666168213,0.3,0.85,0.4333234501423078
CondAE,ORC4,0.41763362288475037,0.3640114367008209,0.25,0.9,0.5662535950815896
CondAE,ORC5,0.4927884638309479,0.40165266394615173,0.2,0.95,0.6210859557404382
CondAE,ORC6,0.810421884059906,0.6975081562995911,0.8,1.0,0.9642486196110043
CondAE,OSGEP,0.5400073528289795,0.43210041522979736,0.5,0.95,0.8965491066804984
CondAE,OSTC,0.6476562023162842,0.5222640037536621,0.4,1.0,0.896633473976482
CondAE,PABPC1,0.8628599047660828,0.8943727016448975,0.65,1.0,0.9558058868831186
CondAE,PABPC4,0.568645715713501,0.5286427736282349,0.4,0.9,0.5370191328585924
CondAE,PABPN1,0.6811411380767822,0.6566824316978455,0.3,1.0,0.8030716176768744
CondAE,PAF1,0.8386577367782593,0.7897866368293762,0.6,1.0,0.9560952339775083
CondAE,PALB2,0.5387040376663208,0.44239580631256104,0.3,1.0,0.7172838533048799
CondAE,PAM16,0.8880503177642822,0.8237593770027161,0.5,1.0,0.968126037522613
CondAE,PARN,0.523798406124115,0.4150713086128235,0.5,1.0,0.8063776724072852
CondAE,PAXBP1,0.7145167589187622,0.6620429158210754,0.4,1.0,0.921974248035999
CondAE,PCBP1,0.7964087724685669,0.7519378066062927,0.6,1.0,0.9403517443458397
CondAE,PCID2,0.5494283437728882,0.478676438331604,0.25,0.95,0.7873682577252636
CondAE,PCNA,0.86427903175354,0.8298860192298889,0.8,1.0,0.945961332428426
CondAE,PCNX3,0.49551141262054443,0.41570454835891724,0.35,1.0,0.8529637700145893
CondAE,PDAP1,0.5270763635635376,0.4278031289577484,0.3,0.95,0.8001357776472227
CondAE,PDCD11,0.8936911821365356,0.8761124610900879,0.8,1.0,0.9597286246216562
CondAE,PDCD5,0.6117367744445801,0.49055346846580505,0.4,0.95,0.8505054433339898
CondAE,PDCD6,0.5106584429740906,0.4633769989013672,0.2,0.95,0.8338694256475302
CondAE,PDCD6IP,0.4845914840698242,0.37909722328186035,0.35,0.95,0.5964236376740304
CondAE,PDHA1,0.5438752770423889,0.4774543046951294,0.5,0.95,0.7932817111667869
CondAE,PDRG1,0.78321772813797,0.7286677360534668,0.65,1.0,0.9486607003327435
CondAE,PELP1,0.9006897211074829,0.8446418046951294,0.75,1.0,0.9651014035628382
CondAE,PES1,0.8844042420387268,0.8376578688621521,0.8,1.0,0.974471646142064
CondAE,PET117,0.6159349083900452,0.5258145332336426,0.45,1.0,0.8846808235082162
CondAE,PEX19,0.6233850717544556,0.541474461555481,0.45,1.0,0.7562125786283761
CondAE,PFDN2,0.8049737811088562,0.7648307085037231,0.55,0.95,0.6609340223591726
CondAE,PFDN4,0.4951961040496826,0.41860872507095337,0.2,1.0,0.8736328719856383
CondAE,PFDN6,0.5387651324272156,0.44112786650657654,0.45,1.0,0.8531950502327206
CondAE,PFN1,0.5364369750022888,0.6135436296463013,0.45,1.0,0.43049976035878146
CondAE,PGAM1,0.49497008323669434,0.5183725357055664,0.2,0.9,0.887916808659829
CondAE,PGD,0.5142623782157898,0.41249799728393555,0.35,1.0,0.8484024611656824
CondAE,PGK1,0.4694857895374298,0.4749586284160614,0.3,0.9,0.7662004684034249
CondAE,PGPEP1,0.6848497986793518,0.5802281498908997,0.55,1.0,0.9363972097994882
CondAE,PGS1,0.6244377493858337,0.47423163056373596,0.5,1.0,0.9382923842897993
CondAE,PHB,0.869391143321991,0.8292818069458008,0.65,1.0,0.9721766429919292
CondAE,PHB2,0.8807390332221985,0.83067786693573,0.75,1.0,0.9793286535461482
CondAE,PHF12,0.5454463362693787,0.4527333080768585,0.3,1.0,0.8806560778544431
CondAE,PI4KA,0.6125717759132385,0.5242921710014343,0.35,1.0,0.787067768283164
CondAE,PIAS1,0.5670697093009949,0.5374962091445923,0.3,0.9,0.7633350312560895
CondAE,PIGH,0.5208219289779663,0.40426650643348694,0.55,1.0,0.8935536831531046
CondAE,PITRM1,0.4655337631702423,0.3926648199558258,0.25,1.0,0.6636544439771976
CondAE,PLEKHN1,0.5497847199440002,0.42399540543556213,0.5,0.95,0.652598412421923
CondAE,PLK1,0.6813066005706787,0.6300318837165833,0.65,0.95,0.8005526872099411
CondAE,PLK4,0.8373345732688904,0.7770065069198608,0.6,1.0,0.9705062126563204
CondAE,PMF1,0.8644582033157349,0.795370876789093,0.85,1.0,0.981023424485074
CondAE,PMPCA,0.8201090693473816,0.7093440294265747,0.75,1.0,0.9735292891662259
CondAE,PMPCB,0.9072155952453613,0.877966046333313,0.6,1.0,0.9687356534097873
CondAE,PNKP,0.5863469839096069,0.48336875438690186,0.3,0.95,0.8593116633308102
CondAE,PNN,0.7196833491325378,0.6732836961746216,0.65,0.95,0.874037742452047
CondAE,PNO1,0.8787166476249695,0.8569222688674927,0.75,1.0,0.9617770602278789
CondAE,PNPT1,0.7258681058883667,0.672476053237915,0.45,0.95,0.891491195465155
CondAE,POGLUT3,0.5724949836730957,0.494149386882782,0.3,1.0,0.8805558171898897
CondAE,POGZ,0.5222108960151672,0.42360758781433105,0.45,0.9,0.7497601089415795
CondAE,POLA1,0.8378480672836304,0.7889618873596191,0.65,1.0,0.964777739604609
CondAE,POLD1,0.8404067754745483,0.7817611694335938,0.75,1.0,0.9544034887000249
CondAE,POLD2,0.8376190662384033,0.7671486139297485,0.65,1.0,0.9580636475546338
CondAE,POLE,0.8274348974227905,0.7530714869499207,0.65,1.0,0.9596048237852918
CondAE,POLG2,0.48772895336151123,0.36571669578552246,0.35,0.85,0.7516150547642824
CondAE,POLL,0.7751259803771973,0.721540093421936,0.6,1.0,0.9237046842487558
CondAE,POLR1D,0.8668582439422607,0.8136844635009766,0.8,1.0,0.963864130202276
CondAE,POLR1E,0.8962991833686829,0.8486104011535645,0.75,1.0,0.9706306326224181
CondAE,POLR2B,0.8802937269210815,0.8697848916053772,0.7,1.0,0.8671725878101745
CondAE,POLR2C,0.8660838603973389,0.8491507768630981,0.65,1.0,0.9099933331061518
CondAE,POLR2E,0.8735412955284119,0.8515744805335999,0.7,1.0,0.96256399568466
CondAE,POLR2F,0.843095064163208,0.7883637547492981,0.7,1.0,0.9576560268055664
CondAE,POLR2G,0.8740121126174927,0.8528696894645691,0.75,1.0,0.9504581974665833
CondAE,POLR2H,0.838869571685791,0.7952264547348022,0.7,1.0,0.9437377744987218
CondAE,POLR2I,0.881553590297699,0.8733908534049988,0.7,1.0,0.957722337010542
CondAE,POLR2K,0.8765338659286499,0.8425469398498535,0.75,0.95,0.9163334517160785
CondAE,POLR2M,0.6102985143661499,0.5448160767555237,0.6,1.0,0.7375937249156655
CondAE,POLR3B,0.7804971933364868,0.7006677389144897,0.6,1.0,0.953053874359392
CondAE,POLR3C,0.626932680606842,0.5454078912734985,0.45,1.0,0.8772588783996325
CondAE,POLR3D,0.8404233455657959,0.7870904803276062,0.45,1.0,0.9615513435997659
CondAE,POLR3E,0.5486595034599304,0.44165316224098206,0.55,0.95,0.9081463044647774
CondAE,POLR3F,0.6651495099067688,0.594597578048706,0.35,1.0,0.9117291992478699
CondAE,POLR3K,0.5981699824333191,0.5580494403839111,0.4,0.95,0.9592794838626907
CondAE,POLRMT,0.9620003700256348,0.8071425557136536,0.65,1.0,0.9726890697682428
CondAE,POP1,0.8857245445251465,0.8232643008232117,0.8,1.0,0.9706936800862837
CondAE,POP4,0.8963978290557861,0.8626717329025269,0.75,1.0,0.9656300858589646
CondAE,POP5,0.8485295176506042,0.7396747469902039,0.8,1.0,0.9541278435619158
CondAE,POP7,0.872724711894989,0.8024245500564575,0.75,1.0,0.9593890827913599
CondAE,PPA1,0.5621938109397888,0.4742856025695801,0.5,1.0,0.9289876240308036
CondAE,PPA2,0.5919322371482849,0.4601954221725464,0.45,0.95,0.6589301811692077
CondAE,PPAN,0.8754133582115173,0.8198400735855103,0.8,1.0,0.9636347837583683
CondAE,PPIA,0.5257725715637207,0.5061811208724976,0.3,0.9,0.8234178699164314
CondAE,PPIL2,0.8334033489227295,0.7616877555847168,0.7,1.0,0.9654112064911352
CondAE,PPME1,0.621475100517273,0.4944458603858948,0.55,1.0,0.8889359064393366
CondAE,PPP1R11,0.7677037715911865,0.685580313205719,0.5,1.0,0.9152784208551599
CondAE,PPP1R15B,0.6941409707069397,0.6083675622940063,0.45,1.0,0.9080091991988437
CondAE,PPP1R2,0.6809710264205933,0.6277324557304382,0.45,1.0,0.9189190960069094
CondAE,PPP1R37,0.4641712009906769,0.3882181942462921,0.25,1.0,0.7480159714634625
CondAE,PPP1R8,0.6286919116973877,0.5544683337211609,0.35,1.0,0.8466625207474262
CondAE,PPP2CA,0.5137028694152832,0.4129555821418762,0.55,1.0,0.8664240887695106
CondAE,PPP2R1A,0.6491862535476685,0.5509575605392456,0.55,1.0,0.9084220911581775
CondAE,PPP2R3C,0.6067023873329163,0.5252872705459595,0.65,0.95,0.679862883605916
CondAE,PPP6C,0.7986676692962646,0.7739022374153137,0.45,1.0,0.9296850293533663
CondAE,PPRC1,0.7438060641288757,0.5751841068267822,0.8,1.0,0.7619811572776405
CondAE,PRC1,0.48847660422325134,0.3931765854358673,0.4,0.85,0.5998586633539305
CondAE,PRDM4,0.45815810561180115,0.37119060754776,0.55,0.9,0.846428211026672
CondAE,PRELID1,0.8698822855949402,0.8065744638442993,0.55,1.0,0.9718084694245747
CondAE,PRELID3B,0.9239070415496826,0.8677970170974731,0.6,1.0,0.97318507245332
CondAE,PRIM1,0.8305405974388123,0.7764031887054443,0.75,1.0,0.9717173774850636
CondAE,PRIM2,0.7975510954856873,0.7284701466560364,0.6,1.0,0.9615158316501613
CondAE,PRKCA,0.5023092031478882,0.43267011642456055,0.3,1.0,0.7726649172228932
CondAE,PRORP,0.49966347217559814,0.4032072424888611,0.4,0.95,0.7965512811524296
CondAE,PRPF19,0.8069443106651306,0.7849329113960266,0.5,1.0,0.9072782364042172
CondAE,PRPF3,0.8695164918899536,0.8572172522544861,0.7,1.0,0.9655172098885635
CondAE,PRPF31,0.8730946183204651,0.8522414565086365,0.7,1.0,0.9678955549463137
CondAE,PRPF39,0.6699532866477966,0.5439205765724182,0.4,1.0,0.9304543924620073
CondAE,PRPF4,0.8598670363426208,0.8406487107276917,0.75,1.0,0.9441206916768037
CondAE,PRPF40A,0.7959074974060059,0.7495734691619873,0.6,1.0,0.9485708640464264
CondAE,PRPF4B,0.7062572836875916,0.6059767603874207,0.6,1.0,0.9147096923227374
CondAE,PRPF8,0.8574610948562622,0.8218795657157898,0.75,1.0,0.9461967630788082
CondAE,PRRC2A,0.7944250702857971,0.7300522923469543,0.65,1.0,0.963513347234736
CondAE,PSAT1,0.512011706829071,0.4585830271244049,0.25,0.9,0.7347644609628677
CondAE,PSMA3,0.9289276003837585,0.9114782810211182,0.7,1.0,0.9779502964158241
CondAE,PSMA4,0.9347199201583862,0.9322008490562439,0.55,1.0,0.9619406884337892
CondAE,PSMB1,0.8846181631088257,0.8409042358398438,0.7,1.0,0.9810157490751428
CondAE,PSMB2,0.9302350282669067,0.9245888590812683,0.75,1.0,0.9682680393773418
CondAE,PSMB3,0.9192305207252502,0.9001079797744751,0.65,1.0,0.9761765291667611
CondAE,PSMB5,0.9241465330123901,0.922702431678772,0.65,1.0,0.9642633005531747
CondAE,PSMC1,0.909873366355896,0.8984600901603699,0.6,1.0,0.9640296522798846
CondAE,PSMC4,0.9183897376060486,0.9048070311546326,0.8,1.0,0.9840725986855839
CondAE,PSMC5,0.9238301515579224,0.9266661405563354,0.75,1.0,0.973618766335256
CondAE,PSMD11,0.9202686548233032,0.9027465581893921,0.65,1.0,0.9790722883914976
CondAE,PSMD14,0.9275313019752502,0.908817708492279,0.7,1.0,0.9780046969899774
CondAE,PSMD4,0.8061444759368896,0.7297763228416443,0.65,1.0,0.9698895309024823
CondAE,PSME1,0.4641546308994293,0.38363850116729736,0.25,1.0,0.6948454459150967
CondAE,PSME2,0.4652594029903412,0.4083993434906006,0.35,0.95,0.7778426254142778
CondAE,PSMG1,0.5024551153182983,0.4696829617023468,0.2,0.95,0.4580542395371199
CondAE,PSMG2,0.4519679546356201,0.35755452513694763,0.35,0.8,0.6616520999333527
CondAE,PTCD1,0.6325974464416504,0.5121940970420837,0.45,1.0,0.9333219607657987
CondAE,PTCD3,0.5111631751060486,0.42167532444000244,0.15,1.0,0.7608076994068786
CondAE,PTEN,0.5716665983200073,0.5020650029182434,0.35,1.0,0.8293047449878547
CondAE,PTGR2,0.4813879728317261,0.3901020884513855,0.15,0.95,0.6674440351847775
CondAE,PTMA,0.6890610456466675,0.7266970276832581,0.65,1.0,0.5744585575111598
CondAE,PTPMT1,0.44512179493904114,0.378412127494812,0.2,0.8,0.6021376394942022
CondAE,PTPN1,0.4448566734790802,0.3574081361293793,0.4,0.95,0.802281537709785
CondAE,PTPN11,0.47648024559020996,0.38257402181625366,0.4,1.0,0.7605939881150955
CondAE,PUF60,0.6648455858230591,0.6110096573829651,0.3,0.9,0.7268093835588714
CondAE,PXN,0.7309751510620117,0.6261847615242004,0.65,1.0,0.9804215367028696
CondAE,PYROXD1,0.5930327773094177,0.4623812139034271,0.55,0.95,0.9284370965577807
CondAE,PYURF,0.8143044114112854,0.7042146921157837,0.75,1.0,0.9446108104759746
CondAE,QARS,0.880235493183136,0.8562259674072266,0.6,1.0,0.9753612711566586
CondAE,QRSL1,0.5197226405143738,0.42863065004348755,0.4,1.0,0.87061484557139
CondAE,RAB4A,0.5332489609718323,0.4546979069709778,0.35,1.0,0.7690683531681014
CondAE,RAB4B,0.45505982637405396,0.36027178168296814,0.3,1.0,0.8754735908543066
CondAE,RAB6A,0.6098381876945496,0.5240666270256042,0.5,0.9,0.899601784999953
CondAE,RABGGTA,0.8684492111206055,0.8637443780899048,0.6,1.0,0.9615912741617576
CondAE,RABGGTB,0.8337466716766357,0.7763382792472839,0.8,1.0,0.9585074347018075
CondAE,RAC1,0.48307541012763977,0.4039626121520996,0.25,0.8,0.758113175349983
CondAE,RAC3,0.8026264309883118,0.7484515309333801,0.55,1.0,0.9698368296164283
CondAE,RAD51,0.8213338851928711,0.7221775054931641,0.65,1.0,0.9657170683083011
CondAE,RAD51C,0.5618086457252502,0.46078017354011536,0.3,1.0,0.8635408982477377
CondAE,RAD51D,0.4378424286842346,0.35457032918930054,0.15,0.75,0.6747964776890624
CondAE,RAD9A,0.5711048245429993,0.45886173844337463,0.5,0.9,0.8538339502351029
CondAE,RAE1,0.8237789869308472,0.7403624653816223,0.75,0.95,0.9415412725222412
CondAE,RAMAC,0.6393700242042542,0.4630519449710846,0.55,0.95,0.8913966111694765
CondAE,RAN,0.8255187273025513,0.7691325545310974,0.65,1.0,0.9721890683919363
CondAE,RARS,0.8275461792945862,0.7678913474082947,0.6,1.0,0.960493169579206
CondAE,RARS2,0.7581998109817505,0.6805533170700073,0.65,1.0,0.9607504398803748
CondAE,RBBP4,0.3740289807319641,0.3011268973350525,0.25,0.85,0.5252861749929266
CondAE,RBBP5,0.7360696196556091,0.6455253958702087,0.5,1.0,0.93286338827414
CondAE,RBBP8,0.8372200727462769,0.730935275554657,0.7,1.0,0.9794439294725488
CondAE,RBM10,0.5813002586364746,0.529449462890625,0.3,1.0,0.8289914106118518
CondAE,RBM15,0.5850424766540527,0.51682448387146,0.4,1.0,0.9038594783754609
CondAE,RBM17,0.622366189956665,0.5554256439208984,0.5,0.95,0.867536616813189
CondAE,RBM19,0.8414480686187744,0.7588516473770142,0.7,1.0,0.958798636629506
CondAE,RBM28,0.8750302791595459,0.8228219151496887,0.8,1.0,0.9749098743352375
CondAE,RBM33,0.5554733872413635,0.48077818751335144,0.25,0.85,0.7312603659268642
CondAE,RBM4,0.5268890857696533,0.4342232942581177,0.25,0.9,0.7010419244836971
CondAE,RBM42,0.7959893941879272,0.7017620801925659,0.6,1.0,0.9397959412781951
CondAE,RBM48,0.6164939999580383,0.4873311519622803,0.65,1.0,0.9564194293329674
CondAE,RBMX2,0.7933865785598755,0.805396556854248,0.45,1.0,0.9112439992443118
CondAE,RBMXL1,0.5636897087097168,0.44782790541648865,0.4,0.95,0.795334418876622
CondAE,RBX1,0.731950044631958,0.6353986859321594,0.6,1.0,0.9639776095509129
CondAE,RCC1,0.7163520455360413,0.6191152334213257,0.4,1.0,0.93956368133795
CondAE,RCL1,0.9083999991416931,0.8797289133071899,0.75,1.0,0.9722190155353708
CondAE,RFC2,0.7662261128425598,0.6424673199653625,0.75,1.0,0.9472800723656977
CondAE,RFC3,0.7998783588409424,0.7038249969482422,0.65,1.0,0.9428388910003612
CondAE,RFC4,0.7487591505050659,0.6250548958778381,0.65,1.0,0.9523453662553497
CondAE,RFC5,0.6059612035751343,0.503261923789978,0.3,0.95,0.8327651279641479
CondAE,RHOQ,0.5138437747955322,0.44489407539367676,0.25,1.0,0.6529525495739209
CondAE,RINT1,0.6538400053977966,0.5483556389808655,0.45,1.0,0.9320968303802121
CondAE,RIOK1,0.8735629320144653,0.8339793682098389,0.8,1.0,0.944618226921907
CondAE,RMI1,0.464151531457901,0.3693263828754425,0.25,0.95,0.7178305938692698
CondAE,RNASEH2C,0.6397385001182556,0.66965252161026,0.45,0.95,0.5182052687399834
CondAE,RNF103,0.555969774723053,0.4285324215888977,0.4,0.95,0.6201274245135423
CondAE,RNF113A,0.8439425826072693,0.8401093482971191,0.5,1.0,0.9214313433480873
CondAE,RNF123,0.40972647070884705,0.3378366529941559,0.1,0.85,0.6263484537827413
CondAE,RNF14,0.42927172780036926,0.3351757228374481,0.2,0.95,0.7327258837871562
CondAE,RNF8,0.40786948800086975,0.3389400243759155,0.2,1.0,0.802800314636412
CondAE,RNGTT,0.5973865985870361,0.5050089359283447,0.25,1.0,0.8149782882444283
CondAE,RNPC3,0.656916618347168,0.5781556367874146,0.6,1.0,0.9279395634224005
CondAE,ROMO1,0.6231291890144348,0.4835708439350128,0.45,1.0,0.9173943740208357
CondAE,RPA1,0.844938337802887,0.7868826389312744,0.75,1.0,0.9665313448864566
CondAE,RPA2,0.8485891819000244,0.8041226863861084,0.7,1.0,0.9469807174325395
CondAE,RPA3,0.8323119878768921,0.782523512840271,0.7,1.0,0.9577165836042727
CondAE,RPAP1,0.8709762692451477,0.837674081325531,0.75,0.95,0.7370808610392311
CondAE,RPAP2,0.8729029297828674,0.8167223930358887,0.8,1.0,0.8334833882524736
CondAE,RPAP3,0.7023040056228638,0.6246176362037659,0.55,1.0,0.874343918403343
CondAE,RPF1,0.8713986277580261,0.8209813237190247,0.7,1.0,0.9648594272573986
CondAE,RPIA,0.563460648059845,0.48481816053390503,0.25,1.0,0.6263417059126762
CondAE,RPL10,0.8575409054756165,0.8835898041725159,0.6,1.0,0.8138801755843635
CondAE,RPL10A,0.8772124648094177,0.874045193195343,0.7,1.0,0.9625689009104583
CondAE,RPL11,0.8556538820266724,0.8432459831237793,0.75,1.0,0.9731962847831588
CondAE,RPL13,0.813292384147644,0.8385512828826904,0.65,1.0,0.7487207100548782
CondAE,RPL14,0.8432326316833496,0.8631273508071899,0.55,1.0,0.8472733754727981
CondAE,RPL15,0.865670919418335,0.8305202722549438,0.5,1.0,0.9591753243246617
CondAE,RPL17,0.8410850167274475,0.8695738315582275,0.55,1.0,0.8149047926975367
CondAE,RPL18,0.8552448153495789,0.8515594601631165,0.65,1.0,0.9685735663430715
CondAE,RPL18A,0.8626315593719482,0.8227666616439819,0.65,1.0,0.9693059339559356
CondAE,RPL23,0.8681225776672363,0.8673723340034485,0.6,1.0,0.9535897748862435
CondAE,RPL23A,0.8548562526702881,0.8458204865455627,0.6,1.0,0.9608571659360411
CondAE,RPL24,0.885351836681366,0.8733163475990295,0.75,1.0,0.9820108337451934
CondAE,RPL26,0.8726127743721008,0.8404849767684937,0.7,1.0,0.9687846888133956
CondAE,RPL27A,0.8660534620285034,0.8337498903274536,0.6,1.0,0.9617914610845498
CondAE,RPL28,0.6510828733444214,0.55724036693573,0.6,1.0,0.9210605394068929
CondAE,RPL29,0.40672239661216736,0.4950414001941681,0.3,1.0,0.3771311177259341
CondAE,RPL30,0.8609793186187744,0.8673070669174194,0.6,1.0,0.9639893065759378
CondAE,RPL31,0.8585997819900513,0.8499994874000549,0.5,1.0,0.9618137507406846
CondAE,RPL32,0.8506729006767273,0.8668548464775085,0.55,1.0,0.8259523645776898
CondAE,RPL34,0.8451600670814514,0.8612794876098633,0.65,1.0,0.8457299619746764
CondAE,RPL35,0.8625518679618835,0.8568927645683289,0.6,1.0,0.9738282054134345
CondAE,RPL35A,0.8601865172386169,0.8632410168647766,0.6,1.0,0.9575214642293571
CondAE,RPL36,0.8604825735092163,0.8555232286453247,0.55,1.0,0.9620753678757492
CondAE,RPL36A,0.7224040627479553,0.7140163779258728,0.8,1.0,0.5933031724644
CondAE,RPL37A,0.8403741121292114,0.8519201874732971,0.5,1.0,0.8065094680293394
CondAE,RPL38,0.8548606634140015,0.8248603343963623,0.6,1.0,0.9623066684791105
CondAE,RPL4,0.8676842451095581,0.8645918369293213,0.75,1.0,0.9660931817010425
CondAE,RPL41,0.45646926760673523,0.3762584626674652,0.25,0.65,0.6552837197451977
CondAE,RPL5,0.8827837109565735,0.8749385476112366,0.65,1.0,0.975013314421698
CondAE,RPL6,0.8611767888069153,0.839527428150177,0.55,1.0,0.9649734964344904
CondAE,RPL7,0.8616403341293335,0.8512529730796814,0.7,1.0,0.9700510908319308
CondAE,RPL7L1,0.8793172240257263,0.8367186188697815,0.8,1.0,0.9665231264857804
CondAE,RPL8,0.8529329895973206,0.8366120457649231,0.65,1.0,0.9553718006289345
CondAE,RPL9,0.8703136444091797,0.8375464081764221,0.7,1.0,0.9654288425153572
CondAE,RPLP0,0.8859802484512329,0.8888041973114014,0.65,1.0,0.9808656964025662
CondAE,RPP14,0.8913357853889465,0.8537766337394714,0.8,1.0,0.96217533619712
CondAE,RPP21,0.5613440275192261,0.45631781220436096,0.5,1.0,0.8974248232879752
CondAE,RPP30,0.885331392288208,0.8459331393241882,0.65,1.0,0.9592032076040591
CondAE,RPP40,0.8385188579559326,0.747757613658905,0.7,1.0,0.9544502544804033
CondAE,RPS11,0.8721257448196411,0.8383718729019165,0.65,1.0,0.9508346797715451
CondAE,RPS12,0.8689411878585815,0.8523833751678467,0.75,1.0,0.9460394684968718
CondAE,RPS13,0.9001085162162781,0.8981631398200989,0.75,1.0,0.9499415079983952
CondAE,RPS14,0.8870077729225159,0.8565220236778259,0.75,1.0,0.8867692907958907
CondAE,RPS15,0.8676682710647583,0.8585394024848938,0.65,1.0,0.9413888842603283
CondAE,RPS15A,0.8709078431129456,0.8431782126426697,0.6,1.0,0.9428184331458326
CondAE,RPS18,0.8184128999710083,0.8566703200340271,0.7,1.0,0.7528574029152767
CondAE,RPS19,0.8585774898529053,0.8438524007797241,0.75,1.0,0.9471002512225302
CondAE,RPS19BP1,0.8874754905700684,0.8194279670715332,0.7,1.0,0.9725198313784641
CondAE,RPS2,0.8894983530044556,0.8805828094482422,0.8,1.0,0.9279623324009154
CondAE,RPS20,0.8864771723747253,0.8669396638870239,0.65,1.0,0.9676597461785383
CondAE,RPS21,0.8411774039268494,0.7468677759170532,0.75,1.0,0.9563939123684256
CondAE,RPS24,0.8457897901535034,0.8809658288955688,0.75,1.0,0.5991945253193542
CondAE,RPS26,0.8861696124076843,0.883950412273407,0.7,1.0,0.9580876897907057
CondAE,RPS27,0.4477921724319458,0.5359688401222229,0.2,1.0,0.540255675801473
CondAE,RPS27A,0.8881482481956482,0.8919497728347778,0.6,1.0,0.9475309181699152
CondAE,RPS28,0.8672212958335876,0.815304160118103,0.65,1.0,0.9298339450515782
CondAE,RPS3,0.8831430673599243,0.8643510937690735,0.7,1.0,0.6842077149739997
CondAE,RPS3A,0.8822073340415955,0.8690599203109741,0.7,1.0,0.9607809651556664
CondAE,RPS4X,0.8547816872596741,0.790551483631134,0.7,1.0,0.966902381233907
CondAE,RPS6,0.8605929017066956,0.894608199596405,0.65,1.0,0.6108091371632152
CondAE,RPS7,0.8976187109947205,0.8820821642875671,0.7,1.0,0.960735110423152
CondAE,RPS8,0.8556661009788513,0.8764228820800781,0.65,1.0,0.621430806224541
CondAE,RPS9,0.8906440734863281,0.8734363913536072,0.7,1.0,0.9514111609606148
CondAE,RPSA,0.8794833421707153,0.8625643849372864,0.65,1.0,0.9175432976273925
CondAE,RPUSD3,0.7337454557418823,0.6169057488441467,0.7,1.0,0.9565545276936929
CondAE,RPUSD4,0.5577206015586853,0.4406716227531433,0.35,1.0,0.9170104636770298
CondAE,RRN3,0.8215773105621338,0.7597337365150452,0.7,1.0,0.931059676393195
CondAE,RRP12,0.8998175263404846,0.8494516611099243,0.7,1.0,0.9718608330450338
CondAE,RRP15,0.6721003651618958,0.5508390069007874,0.5,1.0,0.9203058389548919
CondAE,RRP7A,0.8736007809638977,0.8300084471702576,0.7,1.0,0.9684599242930978
CondAE,RRP9,0.7924675941467285,0.6726905107498169,0.65,0.95,0.9109594386765275
CondAE,RRS1,0.89925616979599,0.8676419854164124,0.8,1.0,0.9673483877551826
CondAE,RSL24D1,0.8704332709312439,0.805025041103363,0.9,1.0,0.9780866824159233
CondAE,RTCB,0.49458086490631104,0.37396687269210815,0.25,0.95,0.8645667372904889
CondAE,RTEL1,0.4606183171272278,0.38087573647499084,0.3,0.9,0.693964684426257
CondAE,RTRAF,0.6070695519447327,0.5871759653091431,0.6,1.0,0.7261795518004419
CondAE,RTTN,0.45295199751853943,0.38207897543907166,0.15,0.8,0.48545975634883887
CondAE,RUVBL1,0.8539133667945862,0.8251912593841553,0.75,1.0,0.8997181490338395
CondAE,RUVBL2,0.8440635204315186,0.8065650463104248,0.75,1.0,0.9400240550771556
CondAE,S100A1,0.49432170391082764,0.420613557100296,0.3,0.95,0.8229804528966196
CondAE,SAE1,0.5560243725776672,0.4912225604057312,0.3,0.8,0.7134987048153357
CondAE,SAMD4B,0.6737658977508545,0.5239598155021667,0.6,1.0,0.9157231941783508
CondAE,SAP18,0.4616115391254425,0.39447447657585144,0.3,0.95,0.7651765269350379
CondAE,SARS2,0.5864123702049255,0.45884212851524353,0.6,1.0,0.9071468071438455
CondAE,SART1,0.8940570950508118,0.8788878321647644,0.65,1.0,0.9573674769158217
CondAE,SART3,0.8269391059875488,0.8156492114067078,0.55,0.95,0.808855030611423
CondAE,SASS6,0.6211948990821838,0.5021722316741943,0.5,1.0,0.8712528726102056
CondAE,SBNO1,0.5323912501335144,0.44585394859313965,0.25,0.85,0.6727769306302636
CondAE,SCAF1,0.825026273727417,0.7944086194038391,0.75,1.0,0.9488901302598842
CondAE,SCAP,0.7552034258842468,0.647987961769104,0.65,1.0,0.9356244055001033
CondAE,SCD,0.7531194686889648,0.7268840670585632,0.75,0.95,0.6536142293222986
CondAE,SCFD1,0.8194414973258972,0.7561598420143127,0.6,1.0,0.9581965734123161
CondAE,SDAD1,0.885229766368866,0.8358720541000366,0.8,1.0,0.9726123861740698
CondAE,SDC1,0.8129565119743347,0.6909127831459045,0.75,1.0,0.9317755637308437
CondAE,SDHAF2,0.47336021065711975,0.447142630815506,0.25,0.85,0.3694021298614607
CondAE,SDHC,0.5398416519165039,0.4605334997177124,0.5,1.0,0.7037290642216347
CondAE,SDR39U1,0.7465943098068237,0.6152732372283936,0.75,1.0,0.9669319763330801
CondAE,SEC61B,0.7046487331390381,0.6152282357215881,0.55,1.0,0.9062807852333898
CondAE,SEC61G,0.8672176599502563,0.8355764746665955,0.55,1.0,0.9447089171364424
CondAE,SEH1L,0.6879841685295105,0.6034048199653625,0.45,1.0,0.9284554825098078
CondAE,SEM1,0.7251390218734741,0.6661232113838196,0.5,1.0,0.901785206711863
CondAE,SEPHS2,0.38490504026412964,0.3360762894153595,0.25,0.95,0.5411366851993429
CondAE,SEPSECS,0.44640088081359863,0.3523106575012207,0.25,0.95,0.7521606937043186
CondAE,SERPINB1,0.5240731835365295,0.46846842765808105,0.2,0.95,0.7874026800919128
CondAE,SETD1A,0.8538361191749573,0.8044693470001221,0.65,1.0,0.96781037266307
CondAE,SETD5,0.6994613409042358,0.637999951839447,0.55,1.0,0.8332946046393322
CondAE,SETDB1,0.4473129212856293,0.37400537729263306,0.25,1.0,0.675197930011615
CondAE,SETX,0.5255763530731201,0.46627405285835266,0.2,0.95,0.7351906718494651
CondAE,SF3B3,0.8912742137908936,0.9011305570602417,0.65,1.0,0.968550831990729
CondAE,SF3B4,0.8260512351989746,0.7898547649383545,0.75,1.0,0.9788167169641828
CondAE,SF3B5,0.8792577385902405,0.8811036348342896,0.55,1.0,0.9764026147093521
CondAE,SHC1,0.38217422366142273,0.3129640817642212,0.1,1.0,0.7324894533313031
CondAE,SHOC2,0.6497572064399719,0.6210808157920837,0.35,1.0,0.7286829511114433
CondAE,SHQ1,0.5572646260261536,0.5145268440246582,0.3,0.95,0.7194179725348379
CondAE,SKA3,0.8113638758659363,0.7189972996711731,0.65,1.0,0.9550484774866904
CondAE,SKP1,0.745235800743103,0.6919463872909546,0.65,1.0,0.9599487428853866
CondAE,SLBP,0.7770249843597412,0.7128120064735413,0.6,1.0,0.8994350801641066
CondAE,SLC16A5,0.7857117056846619,0.7067474722862244,0.7,1.0,0.9623983506540811
CondAE,SLC1A5,0.4515368640422821,0.38077640533447266,0.5,0.95,0.793602909147681
CondAE,SLC2A8,0.8063727617263794,0.7076137661933899,0.8,1.0,0.9720607290936396
CondAE,SLC39A7,0.8270126581192017,0.7172151803970337,0.75,1.0,0.9626917383748735
CondAE,SLC39A9,0.5144551992416382,0.4425012171268463,0.3,0.9,0.8518178012328258
CondAE,SLC7A6OS,0.8572334051132202,0.794726550579071,0.8,1.0,0.8731250326482138
CondAE,SLU7,0.8966023921966553,0.8864497542381287,0.7,1.0,0.9729744238939173
CondAE,SMC1A,0.72395920753479,0.6653435230255127,0.45,0.95,0.8196510884126518
CondAE,SMC5,0.4449639320373535,0.3757711350917816,0.25,0.8,0.6187375173395225
CondAE,SMC6,0.6298938989639282,0.4847727417945862,0.65,1.0,0.9173311829717249
CondAE,SMG5,0.960269033908844,0.9541736841201782,0.85,1.0,0.9706887372354315
CondAE,SMG7,0.9015640020370483,0.795477569103241,0.95,1.0,0.960550421470301
CondAE,SMN2,0.8863033056259155,0.8943395018577576,0.6,1.0,0.9667859636680517
CondAE,SMNDC1,0.7782458066940308,0.7376610636711121,0.4,1.0,0.9587712383216261
CondAE,SMUG1,0.6965548396110535,0.555131733417511,0.7,1.0,0.9226393595797517
CondAE,SNAPC2,0.773485541343689,0.7420443892478943,0.3,1.0,0.9484396491881766
CondAE,SNAPC3,0.498249888420105,0.3981635868549347,0.4,0.9,0.8472741441295732
CondAE,SNAPC5,0.4493376314640045,0.364115834236145,0.1,1.0,0.9120942357082286
CondAE,SNRNP200,0.8570685386657715,0.8580716252326965,0.65,1.0,0.9489861769099384
CondAE,SNRNP25,0.5871499180793762,0.5141162276268005,0.35,0.85,0.7164419716823796
CondAE,SNRNP27,0.7079793810844421,0.5975189805030823,0.5,0.95,0.8255522809525832
CondAE,SNRNP35,0.7758661508560181,0.6829937696456909,0.7,1.0,0.9613332578944568
CondAE,SNRNP40,0.6362174153327942,0.5588935613632202,0.45,1.0,0.8838967462664725
CondAE,SNRNP48,0.7904603481292725,0.6959711313247681,0.65,0.95,0.9365791154228755
CondAE,SNRNP70,0.7917694449424744,0.7718908190727234,0.5,1.0,0.9244890030402421
CondAE,SNRPA1,0.8496068120002747,0.8172647953033447,0.7,1.0,0.9737238470680315
CondAE,SNRPB,0.8775702714920044,0.8301559090614319,0.7,1.0,0.9777247243418781
CondAE,SNRPC,0.7625483274459839,0.7218505144119263,0.7,1.0,0.953747348381272
CondAE,SNRPD1,0.8863173723220825,0.8540021777153015,0.75,1.0,0.9894326763405386
CondAE,SNRPD3,0.8863426446914673,0.847801685333252,0.65,1.0,0.9823744586399608
CondAE,SNRPE,0.8786280155181885,0.8552613258361816,0.7,1.0,0.9777097831050705
CondAE,SNRPF,0.8709855675697327,0.8433105945587158,0.65,1.0,0.9771687289681725
CondAE,SNUPN,0.503556489944458,0.44280701875686646,0.3,1.0,0.7112681000741585
CondAE,SOD2,0.43208879232406616,0.3580825626850128,0.25,0.95,0.7131101567760217
CondAE,SP1,0.5971316695213318,0.5007455348968506,0.25,0.95,0.8223646692223148
CondAE,SPAG7,0.5512364506721497,0.4415428042411804,0.25,1.0,0.8014217472431474
CondAE,SPATA5L1,0.7519233226776123,0.6404070854187012,0.6,1.0,0.9437364716705163
CondAE,SPC25,0.8710023760795593,0.8217676877975464,0.75,1.0,0.9649138285905309
CondAE,SPCS3,0.714834451675415,0.6334627866744995,0.7,1.0,0.9345973087853892
CondAE,SPG7,0.4411323666572571,0.35629042983055115,0.35,1.0,0.7964998197885039
CondAE,SPOUT1,0.8497844338417053,0.7688337564468384,0.65,1.0,0.9676317804316819
CondAE,SPRTN,0.4592589735984802,0.38276875019073486,0.25,0.9,0.8180758866597784
CondAE,SPTSSA,0.38390985131263733,0.3188841938972473,0.05,0.85,0.6217153420399552
CondAE,SRA1,0.5086869597434998,0.4107121229171753,0.2,1.0,0.8154894022710114
CondAE,SRBD1,0.7852630615234375,0.685781717300415,0.7,1.0,0.863254414858712
CondAE,SRF,0.46922770142555237,0.39204955101013184,0.25,1.0,0.7940008723581057
CondAE,SRFBP1,0.8659530282020569,0.808255136013031,0.65,1.0,0.9596538906452974
CondAE,SRP14,0.6194120049476624,0.5430439114570618,0.2,1.0,0.7933182795520047
CondAE,SRP54,0.8768245577812195,0.8703418374061584,0.7,1.0,0.916496862625045
CondAE,SRP68,0.8204074501991272,0.8043510317802429,0.65,1.0,0.8022973138529397
CondAE,SRP72,0.7783288955688477,0.7343589067459106,0.35,1.0,0.7644703277425327
CondAE,SRP9,0.542168915271759,0.4611070454120636,0.35,1.0,0.793545268742323
CondAE,SRPRB,0.713214635848999,0.6171538829803467,0.5,1.0,0.9326430688184474
CondAE,SRRM1,0.580357015132904,0.49209776520729065,0.45,1.0,0.8929033271316553
CondAE,SRRM2,0.5983946919441223,0.5315300822257996,0.2,1.0,0.9432011456099809
CondAE,SRSF1,0.6823406219482422,0.5908198952674866,0.55,1.0,0.8202953966458189
CondAE,SRSF6,0.5673656463623047,0.4656689167022705,0.4,0.95,0.8243571087814828
CondAE,SRSF7,0.8435869812965393,0.7826685905456543,0.85,1.0,0.9451810995334923
CondAE,SS18L2,0.6204983592033386,0.5003652572631836,0.55,1.0,0.897626441789886
CondAE,SSBP3,0.4566865563392639,0.3934091627597809,0.15,0.85,0.6048561106352403
CondAE,SSU72,0.7386441230773926,0.6950487494468689,0.6,1.0,0.9476072761095088
CondAE,STAT5B,0.766495406627655,0.7157688140869141,0.55,1.0,0.9253264243878908
CondAE,STIL,0.7780768871307373,0.707240104675293,0.65,1.0,0.9703988216994529
CondAE,STRAP,0.7309054136276245,0.6465348601341248,0.55,0.95,0.9560169922946029
CondAE,STRIP1,0.5791925191879272,0.4719512164592743,0.55,0.95,0.8759046092420968
CondAE,STT3B,0.46585649251937866,0.41738831996917725,0.2,0.95,0.7052516353164614
CondAE,STX5,0.6674466729164124,0.5861209034919739,0.35,1.0,0.8957950269779036
CondAE,STXBP4,0.5522017478942871,0.4992252588272095,0.4,0.9,0.8879265045528617
CondAE,SUDS3,0.6060678362846375,0.5824087858200073,0.3,0.95,0.7946089162906839
CondAE,SUGT1,0.5782390832901001,0.5207446217536926,0.55,1.0,0.9087297993850957
CondAE,SUMO2,0.46662208437919617,0.40907761454582214,0.15,0.9,0.6318148092635176
CondAE,SUPT16H,0.8301329016685486,0.723918616771698,0.85,1.0,0.9788598597468033
CondAE,SUPT20H,0.6604047417640686,0.641395628452301,0.35,0.9,0.8130356870673787
CondAE,SURF6,0.8763976693153381,0.8153239488601685,0.75,1.0,0.9773883958783529
CondAE,SYMPK,0.803454577922821,0.7690724730491638,0.55,1.0,0.9118017809532485
CondAE,SYS1,0.8288807272911072,0.7117191553115845,0.65,1.0,0.9584424471579357
CondAE,TACC3,0.7646899819374084,0.6785449385643005,0.65,1.0,0.951222176824268
CondAE,TADA1,0.6644339561462402,0.6090841889381409,0.35,1.0,0.7931384905372212
CondAE,TADA2B,0.5743167400360107,0.5119132399559021,0.45,0.85,0.6602595255407865
CondAE,TADA3,0.48422616720199585,0.36864328384399414,0.35,0.9,0.8313339836199425
CondAE,TAF10,0.8170908689498901,0.7584916353225708,0.65,0.95,0.911586183396117
CondAE,TAF11,0.5089098215103149,0.4322289824485779,0.4,1.0,0.7314991411485497
CondAE,TAF12,0.8236659169197083,0.7594414949417114,0.65,1.0,0.7976933183247535
CondAE,TAF13,0.6973593831062317,0.6655213832855225,0.45,1.0,0.895188419251796
CondAE,TAF1B,0.6137623190879822,0.5039345622062683,0.45,1.0,0.9053514582787159
CondAE,TAF1C,0.7112923264503479,0.5720462203025818,0.75,1.0,0.9458670016812242
CondAE,TAF1D,0.7857599258422852,0.6930325031280518,0.6,1.0,0.9124727794216891
CondAE,TAF2,0.7946460843086243,0.7451978325843811,0.55,0.9,0.9140200994145171
CondAE,TAF3,0.6593319177627563,0.5882012248039246,0.55,0.95,0.7502759189383227
CondAE,TAF5,0.8196216821670532,0.7540643215179443,0.5,1.0,0.9191857875167097
CondAE,TAF6,0.6910692453384399,0.6074811220169067,0.65,1.0,0.8791342149904375
CondAE,TAF6L,0.5551126003265381,0.48596203327178955,0.3,0.95,0.8338759758197386
CondAE,TAF7,0.7761691212654114,0.7275608777999878,0.4,1.0,0.852962133052673
CondAE,TAF8,0.8186808824539185,0.792143702507019,0.65,1.0,0.9698233944933506
CondAE,TAMM41,0.5602126717567444,0.5173327326774597,0.4,1.0,0.9230291573926487
CondAE,TARS,0.8235235810279846,0.6956263780593872,0.75,1.0,0.9678769490022184
CondAE,TARS2,0.7925922274589539,0.762984037399292,0.5,1.0,0.9594623526245024
CondAE,TAZ,0.49309951066970825,0.43095454573631287,0.15,0.85,0.7870951340088751
CondAE,TBCA,0.4804995357990265,0.36666619777679443,0.35,1.0,0.8591573887836068
CondAE,TBCB,0.7757062315940857,0.7332659363746643,0.45,1.0,0.42312014510784396
CondAE,TBCD,0.631537139415741,0.5229896903038025,0.65,1.0,0.9649916408137579
CondAE,TBP,0.5971323847770691,0.4912262558937073,0.45,0.95,0.8035284415215775
CondAE,TBPL1,0.46952345967292786,0.43580272793769836,0.25,0.9,0.5264936213296965
CondAE,TCERG1,0.5905065536499023,0.5015234351158142,0.35,0.95,0.8286887193595278
CondAE,TCOF1,0.6496398448944092,0.6444278359413147,0.35,0.9,0.7447507224404851
CondAE,TEAD3,0.5109938383102417,0.40348589420318604,0.45,0.95,0.7601996515937225
CondAE,TEN1,0.5558873414993286,0.43370380997657776,0.5,1.0,0.7918309476475803
CondAE,TERF2,0.8746801614761353,0.8039388656616211,0.85,1.0,0.9401636529390777
CondAE,TEX10,0.8977901339530945,0.8647130131721497,0.8,1.0,0.974742381867926
CondAE,TFAM,0.8945863842964172,0.8604811429977417,0.4,1.0,0.9747980738341157
CondAE,TFB1M,0.557563841342926,0.4819748103618622,0.4,0.95,0.6740411531829816
CondAE,TFDP1,0.6657268404960632,0.6052187085151672,0.45,1.0,0.7362714940916315
CondAE,TFRC,0.7569791078567505,0.6470650434494019,0.75,1.0,0.8834967279169325
CondAE,TGS1,0.5984827876091003,0.521026074886322,0.3,1.0,0.791505854600319
CondAE,THAP1,0.9167407155036926,0.887322723865509,0.75,1.0,0.9608698467824918
CondAE,THAP11,0.5235058665275574,0.4540694057941437,0.45,0.9,0.7472805759345955
CondAE,THOC1,0.6378591060638428,0.5706828236579895,0.4,1.0,0.8975020717919946
CondAE,THOC2,0.830755889415741,0.8203959465026855,0.5,1.0,0.9565418152418861
CondAE,THOC3,0.6167359948158264,0.505683422088623,0.45,1.0,0.8655043335012143
CondAE,THOC5,0.7601230144500732,0.7003064155578613,0.55,0.95,0.9204667239458898
CondAE,THOC6,0.5354012846946716,0.4459448754787445,0.3,0.95,0.8470882357280392
CondAE,THOC7,0.6052581667900085,0.512915849685669,0.3,0.95,0.8169084100307383
CondAE,THRAP3,0.5144059062004089,0.4240657687187195,0.15,0.9,0.8606254228855834
CondAE,TIGD1,0.4817589521408081,0.40777960419654846,0.3,0.95,0.8529731251485408
CondAE,TIMM10,0.5523515343666077,0.447834849357605,0.35,1.0,0.8405731456872523
CondAE,TIMM13,0.7868777513504028,0.6791638731956482,0.6,1.0,0.9624364383236119
CondAE,TIMM23B,0.9017912745475769,0.8728824257850647,0.65,1.0,0.9598639119583379
CondAE,TIMM44,0.8709957599639893,0.8058862090110779,0.7,1.0,0.9705007060262274
CondAE,TIMM8A,0.450933039188385,0.35348519682884216,0.4,0.9,0.6359157487418213
CondAE,TIMM9,0.6730879545211792,0.5648946762084961,0.55,0.95,0.9101177537066787
CondAE,TINF2,0.767220139503479,0.6518912315368652,0.65,1.0,0.8687078318909064
CondAE,TLCD1,0.6289005875587463,0.49920326471328735,0.45,1.0,0.8856605886062521
CondAE,TM7SF2,0.41498029232025146,0.3593883514404297,0.1,1.0,0.6661239924274402
CondAE,TMA16,0.8447288274765015,0.7509279847145081,0.75,1.0,0.9629616757323504
CondAE,TMED10,0.6333714723587036,0.5629186034202576,0.6,1.0,0.9095923384471355
CondAE,TMEM127,0.43200936913490295,0.40814611315727234,0.15,0.8,0.41772628600084016
CondAE,TMEM199,0.6341771483421326,0.5059928894042969,0.7,1.0,0.9612697869887807
CondAE,TMEM214,0.6534993052482605,0.5465246438980103,0.45,1.0,0.9491198363490574
CondAE,TMEM242,0.74903804063797,0.675078272819519,0.45,1.0,0.9358633969896238
CondAE,TMSB10,0.5472809672355652,0.6420024633407593,0.25,0.9,0.7459169585543174
CondAE,TMX2,0.7873225808143616,0.7202647924423218,0.55,1.0,0.935165439000356
CondAE,TNPO3,0.7660102248191833,0.6818297505378723,0.6,1.0,0.918508055877714
CondAE,TNRC6A,0.5569425225257874,0.5097378492355347,0.35,1.0,0.7996200009810336
CondAE,TOE1,0.4762677252292633,0.40495437383651733,0.3,0.95,0.7568379631983015
CondAE,TOMM22,0.8555857539176941,0.7535890340805054,0.75,1.0,0.9371952164121579
CondAE,TOMM40,0.7141351103782654,0.5766050815582275,0.6,1.0,0.9206591058359875
CondAE,TOP3A,0.42259490489959717,0.3382643461227417,0.5,0.85,0.8002567243434322
CondAE,TOPBP1,0.743560254573822,0.6435129642486572,0.75,1.0,0.9676909793063752
CondAE,TP53I13,0.6423934102058411,0.5106258392333984,0.6,0.95,0.9058664814822067
CondAE,TP53RK,0.7936566472053528,0.6938593983650208,0.55,1.0,0.9740112738076561
CondAE,TPR,0.7333554625511169,0.6687760949134827,0.55,1.0,0.8202617155328316
CondAE,TPRKB,0.8393452167510986,0.7439785003662109,0.75,0.95,0.9341471450093906
CondAE,TPT1,0.7409012317657471,0.782356858253479,0.65,1.0,0.763111447164842
CondAE,TPX2,0.8882289528846741,0.846264660358429,0.55,1.0,0.9658922596237721
CondAE,TRA2B,0.6862847208976746,0.553141713142395,0.45,1.0,0.8151729661293546
CondAE,TRAIP,0.5574560165405273,0.4514106214046478,0.35,1.0,0.956015386382734
CondAE,TRAPPC1,0.6303679943084717,0.5286162495613098,0.45,0.95,0.8543720568902722
CondAE,TRAPPC11,0.6041322946548462,0.5113173723220825,0.35,0.95,0.7966514414422439
CondAE,TRAPPC3,0.47739389538764954,0.3866615891456604,0.35,0.95,0.9074815752488739
CondAE,TRAPPC4,0.5249029397964478,0.45797768235206604,0.45,1.0,0.9317615308468464
CondAE,TRAPPC5,0.7707832455635071,0.6853217482566833,0.55,1.0,0.9462229432029009
CondAE,TRAPPC8,0.582236647605896,0.48555788397789,0.4,1.0,0.8990369913069808
CondAE,TRIAP1,0.5708259344100952,0.4489227831363678,0.6,1.0,0.9123197774383736
CondAE,TRMT112,0.8662844896316528,0.8313679695129395,0.75,1.0,0.9426229585829755
CondAE,TRMT5,0.6500462293624878,0.5259132385253906,0.55,1.0,0.9480344204809958
CondAE,TRMT6,0.520317554473877,0.4274655878543854,0.3,1.0,0.8273416304588697
CondAE,TRNT1,0.8747829794883728,0.8458042740821838,0.55,1.0,0.9496716378624553
CondAE,TSEN2,0.7515236139297485,0.6525405049324036,0.6,1.0,0.9683039329968507
CondAE,TSEN54,0.4902770221233368,0.3813665807247162,0.3,0.9,0.6504128427434777
CondAE,TSFM,0.5754156112670898,0.5189936757087708,0.6,0.95,0.7741397332651129
CondAE,TSR1,0.904472827911377,0.8711025714874268,0.8,1.0,0.9488653969483412
CondAE,TSR2,0.8904917240142822,0.8840793371200562,0.75,1.0,0.930541496549094
CondAE,TTC1,0.5876160860061646,0.4517364203929901,0.55,1.0,0.9045374821960876
CondAE,TTC27,0.6231773495674133,0.5197866559028625,0.75,1.0,0.8389593317765972
CondAE,TTC4,0.6862828135490417,0.5091781616210938,0.8,1.0,0.9051639423951799
CondAE,TTI1,0.7107428908348083,0.6306903958320618,0.6,1.0,0.8918151731308395
CondAE,TTK,0.9148395657539368,0.8810974955558777,0.8,1.0,0.9718385872210944
CondAE,TUBA1B,0.5672827363014221,0.6361854076385498,0.55,0.85,0.6245275269390815
CondAE,TUBB,0.5740653276443481,0.6022872924804688,0.35,0.95,0.6567739844973618
CondAE,TUBB2A,0.6075800657272339,0.5492878556251526,0.55,0.95,0.7571857093522502
CondAE,TUBD1,0.6183235049247742,0.5327556133270264,0.45,0.95,0.9249884909666198
CondAE,TUBE1,0.43777593970298767,0.3473163843154907,0.05,0.95,0.8516735323306532
CondAE,TUBG1,0.5263974666595459,0.4827300012111664,0.6,1.0,0.5225250443319313
CondAE,TUBGCP2,0.6524165272712708,0.5757739543914795,0.5,1.0,0.9178259318353892
CondAE,TUBGCP4,0.6106031537055969,0.5400723814964294,0.35,1.0,0.8894912338640386
CondAE,TUBGCP5,0.7327077984809875,0.6339021325111389,0.65,1.0,0.9477298625499246
CondAE,TUFM,0.5043400526046753,0.3934251070022583,0.4,0.95,0.7714025224032328
CondAE,TVP23C,0.6171209812164307,0.48768603801727295,0.55,1.0,0.8752765620257367
CondAE,TXNL4B,0.4630489945411682,0.42442914843559265,0.2,1.0,0.720896027828014
CondAE,U2SURP,0.7201109528541565,0.669880211353302,0.5,0.95,0.9234001021439808
CondAE,UBA2,0.5929826498031616,0.561127245426178,0.15,0.85,0.6556848993230037
CondAE,UBAP1,0.8385021090507507,0.8049106001853943,0.55,1.0,0.9693919448392776
CondAE,UBE2H,0.46356436610221863,0.3922041058540344,0.15,0.95,0.7740950926123693
CondAE,UBE2I,0.6290172338485718,0.5862252712249756,0.3,0.85,0.7092553018411984
CondAE,UBE2L3,0.6467562317848206,0.5528942346572876,0.5,1.0,0.7861440687618124
CondAE,UBE3C,0.580738365650177,0.4680347144603729,0.45,1.0,0.847954720177496
CondAE,UBE3D,0.5256928205490112,0.4563775062561035,0.2,0.95,0.7945749321886335
CondAE,UBL5,0.8198097944259644,0.8075945973396301,0.55,1.0,0.9168481351763142
CondAE,UBQLN4,0.8494002819061279,0.8288896083831787,0.65,0.95,0.8750614288198088
CondAE,UBR5,0.5741082429885864,0.500426709651947,0.2,0.95,0.8238089294073233
CondAE,UCHL5,0.5585113763809204,0.4325660169124603,0.5,1.0,0.7371292047152532
CondAE,UFL1,0.7023997902870178,0.6131489276885986,0.6,1.0,0.9521110942438239
CondAE,UFM1,0.7837629318237305,0.7017847895622253,0.6,1.0,0.9607037537599584
CondAE,UHRF1,0.6715316772460938,0.6425880789756775,0.2,0.95,0.7478298181954475
CondAE,UMPS,0.5039302110671997,0.41257867217063904,0.3,0.95,0.7360820669160736
CondAE,UPF2,0.7492143511772156,0.6298888325691223,0.55,1.0,0.9087575271944651
CondAE,UQCC2,0.5319795608520508,0.4578838348388672,0.45,0.95,0.855609385459233
CondAE,URB1,0.8548868298530579,0.791490912437439,0.7,0.95,0.9253372333510126
CondAE,URB2,0.8886620402336121,0.8229541778564453,0.85,1.0,0.9734827272240913
CondAE,URI1,0.84972083568573,0.8304687738418579,0.5,0.95,0.8148897762753459
CondAE,URM1,0.5450135469436646,0.4435604512691498,0.45,1.0,0.9382309854906989
CondAE,UROD,0.43756869435310364,0.35385826230049133,0.15,0.9,0.6480809347240037
CondAE,USP10,0.5930595397949219,0.5602558255195618,0.2,1.0,0.6123647670361979
CondAE,USP14,0.46286821365356445,0.42390450835227966,0.2,0.95,0.9145195633357669
CondAE,USP5,0.736294150352478,0.6419832706451416,0.75,1.0,0.9617364872888415
CondAE,USP8,0.5937783718109131,0.48827922344207764,0.4,0.95,0.8690456227440349
CondAE,USP9X,0.48063597083091736,0.40070268511772156,0.2,1.0,0.811769599360351
CondAE,UTP11,0.8610010743141174,0.7862774133682251,0.8,1.0,0.966975067821041
CondAE,UTP15,0.8684826493263245,0.8159350156784058,0.8,1.0,0.9646602758481859
CondAE,UTP18,0.8457227945327759,0.8139653205871582,0.7,1.0,0.957100601019841
CondAE,UTP20,0.9026848077774048,0.8520538806915283,0.8,1.0,0.9791749290965724
CondAE,UTP23,0.880868673324585,0.826995849609375,0.75,1.0,0.9612599857863146
CondAE,UTP6,0.8481712341308594,0.7738164663314819,0.75,1.0,0.9607235191798567
CondAE,UXS1,0.4413236975669861,0.39292803406715393,0.35,1.0,0.8100291531613221
CondAE,UXT,0.7350742220878601,0.67381352186203,0.5,0.95,0.870872054354802
CondAE,VARS,0.8694405555725098,0.861656665802002,0.55,1.0,0.9523781342616858
CondAE,VARS2,0.5421324968338013,0.4508441984653473,0.45,1.0,0.8506102343912305
CondAE,VPS13D,0.5002273321151733,0.4068217873573303,0.25,0.9,0.7793112701464443
CondAE,VPS29,0.5426627993583679,0.4525947868824005,0.3,0.9,0.8556315638034925
CondAE,VPS35,0.625742495059967,0.5349729061126709,0.35,0.95,0.8434041726588856
CondAE,VPS41,0.7621980905532837,0.6421103477478027,0.45,1.0,0.8631590915525365
CondAE,VPS54,0.5489091277122498,0.5203180909156799,0.45,1.0,0.5175053723506193
CondAE,WARS,0.7684245705604553,0.6407602429389954,0.5,1.0,0.9571495844961003
CondAE,WBP1,0.5461226105690002,0.48527589440345764,0.25,0.85,0.7829450778107194
CondAE,WBP1L,0.43745750188827515,0.35620152950286865,0.15,1.0,0.8435335881368802
CondAE,WDFY3,0.4085075855255127,0.326862096786499,0.1,0.9,0.6220698073777614
CondAE,WDHD1,0.657623291015625,0.5482181906700134,0.35,0.95,0.876679907543178
CondAE,WDR1,0.8194380402565002,0.7992987632751465,0.55,0.95,0.8242611167587873
CondAE,WDR12,0.8951150178909302,0.8457217812538147,0.9,1.0,0.9768196707661849
CondAE,WDR18,0.765291154384613,0.7204115986824036,0.55,1.0,0.8376998705886664
CondAE,WDR26,0.5660620927810669,0.5403702259063721,0.2,0.9,0.4650027299320597
CondAE,WDR3,0.8877296447753906,0.811316728591919,0.8,1.0,0.9851230932148407
CondAE,WDR33,0.8185644745826721,0.7197261452674866,0.65,1.0,0.9436140319195124
CondAE,WDR36,0.8677926659584045,0.8014788627624512,0.75,1.0,0.9577930655686846
CondAE,WDR4,0.5292479395866394,0.4265546500682831,0.3,1.0,0.8275508252383711
CondAE,WDR43,0.8650996685028076,0.8273501396179199,0.8,1.0,0.9589138654245613
CondAE,WDR46,0.8944175243377686,0.8381533026695251,0.75,1.0,0.97485459495567
CondAE,WDR5,0.7646583914756775,0.7421665787696838,0.45,1.0,0.9289685036124671
CondAE,WDR70,0.8515636324882507,0.8648978471755981,0.45,1.0,0.9266023395376054
CondAE,WDR75,0.8642686605453491,0.8134692907333374,0.75,1.0,0.9616815244224547
CondAE,WDR77,0.6561076641082764,0.6082021594047546,0.45,1.0,0.9492749547947334
CondAE,WDR83OS,0.5877196788787842,0.5232993960380554,0.45,1.0,0.8833270665104468
CondAE,WTAP,0.6137181520462036,0.5297659039497375,0.2,1.0,0.8808032070505757
CondAE,XPO1,0.8614704012870789,0.8162866830825806,0.7,1.0,0.9706202220472178
CondAE,XPO5,0.572827160358429,0.44712817668914795,0.4,0.95,0.7703014391968509
CondAE,XRCC1,0.39669695496559143,0.310664564371109,0.2,0.9,0.6845940525590655
CondAE,XRCC2,0.48895296454429626,0.4458220601081848,0.25,0.95,0.8355759334565066
CondAE,XRCC5,0.8343887329101562,0.7184447646141052,0.8,1.0,0.9512988391327402
CondAE,XRCC6,0.7650671601295471,0.6400153636932373,0.65,1.0,0.9578542226164235
CondAE,XRN2,0.5013400316238403,0.40475866198539734,0.3,0.85,0.8532546548583467
CondAE,YARS,0.8181306719779968,0.7390315532684326,0.6,0.95,0.9134073506605249
CondAE,YARS2,0.6547178030014038,0.5403245091438293,0.4,0.95,0.8968846415783984
CondAE,YEATS2,0.6017604470252991,0.5360226035118103,0.75,1.0,0.8348320181038127
CondAE,YPEL5,0.5063672065734863,0.42023754119873047,0.25,1.0,0.7855220662789153
CondAE,YTHDC1,0.7975617051124573,0.7618533372879028,0.4,1.0,0.9301661436085082
CondAE,ZBTB17,0.5906304717063904,0.4935625493526459,0.3,1.0,0.8338911611903123
CondAE,ZC3H13,0.7093855142593384,0.6265848875045776,0.35,0.95,0.9309425123187159
CondAE,ZC3H4,0.5803684592247009,0.5583493709564209,0.25,0.85,0.6690629158115512
CondAE,ZCCHC9,0.8892653584480286,0.8556352853775024,0.7,1.0,0.963073781345471
CondAE,ZCRB1,0.5341273546218872,0.47954854369163513,0.4,0.95,0.8179453842396748
CondAE,ZDHHC7,0.7999379634857178,0.7935182452201843,0.5,0.95,0.772771513047148
CondAE,ZFC3H1,0.6919335126876831,0.563535213470459,0.6,1.0,0.7511417649026834
CondAE,ZMAT2,0.7984541654586792,0.786216139793396,0.45,1.0,0.8589181738928305
CondAE,ZNF143,0.6983664035797119,0.6129077672958374,0.3,0.95,0.8831001078557288
CondAE,ZNF207,0.762887179851532,0.7105647921562195,0.45,1.0,0.8975816866827021
CondAE,ZNF236,0.8461840748786926,0.8334957957267761,0.6,1.0,0.6009675199055107
CondAE,ZNF292,0.46040013432502747,0.3819824159145355,0.25,0.95,0.7218669584755666
CondAE,ZNF574,0.8098231554031372,0.6897336840629578,0.7,1.0,0.8740925697380348
CondAE,ZNF720,0.5694173574447632,0.4498555064201355,0.4,0.95,0.3971981017068434
CondAE,ZNF787,0.833200991153717,0.7416542768478394,0.75,1.0,0.9564726897116059
CondAE,ZNF84,0.8843550682067871,0.8580672144889832,0.75,1.0,0.9652564733382872
CondAE,ZNHIT1,0.6356241106987,0.560056746006012,0.35,1.0,0.9044602542630312
CondAE,ZNHIT2,0.7803396582603455,0.7593291401863098,0.35,1.0,0.9346765856687026
CondAE,ZNHIT3,0.7583063244819641,0.6384292244911194,0.55,1.0,0.9693272568317998
CondAE,ZNHIT6,0.8489643335342407,0.7754231691360474,0.8,1.0,0.9552372976968198
CondAE,ZNRD1,0.8276205658912659,0.7301915287971497,0.65,1.0,0.9644463407372592
TopDelta,AAAS,0.3882981240749359,0.31269198656082153,0.35,0.95,0.7104602332286526
TopDelta,AAR2,0.33730047941207886,0.2628045380115509,0.25,0.85,0.7140959252880982
TopDelta,AARS,0.6989365220069885,0.6806232333183289,0.55,1.0,0.9692048369538494
TopDelta,AATF,0.6918677091598511,0.6534408926963806,0.7,1.0,0.9650590488435018
TopDelta,ABCB7,0.5856799483299255,0.5319320559501648,0.75,1.0,0.966904010482065
TopDelta,ABHD11,0.38670217990875244,0.32851701974868774,0.3,0.85,0.5984592143057224
TopDelta,ABT1,0.6805487275123596,0.6388038396835327,0.8,1.0,0.9736989483767509
TopDelta,ACSS2,0.47569090127944946,0.35719114542007446,0.5,0.95,0.8096741340378403
TopDelta,ACTR1B,0.32319724559783936,0.25199952721595764,0.4,0.9,0.7837753725434584
TopDelta,ACTR2,0.363233745098114,0.27214062213897705,0.35,0.85,0.6817169979798607
TopDelta,ACTR5,0.5507535934448242,0.49939748644828796,0.75,1.0,0.937472829966094
TopDelta,ACTR6,0.4766601026058197,0.4467085003852844,0.35,0.95,0.8890397956447781
TopDelta,ACTR8,0.5152410268783569,0.44010844826698303,0.55,1.0,0.8993138713723591
TopDelta,ADRM1,0.3482196629047394,0.30277469754219055,0.2,0.95,0.7467533492570391
TopDelta,AFG3L2,0.630088746547699,0.5597387552261353,0.6,1.0,0.9760321201686044
TopDelta,AGBL5,0.42086848616600037,0.38125884532928467,0.4,1.0,0.8220690437101971
TopDelta,AHCTF1,0.5807818174362183,0.5104924440383911,0.55,1.0,0.8353414116119616
TopDelta,AIFM1,0.42602697014808655,0.3470946252346039,0.25,0.9,0.8393966917301015
TopDelta,AKIRIN2,0.4053679406642914,0.34033095836639404,0.4,0.8,0.497535941375036
TopDelta,ALDOA,0.35388603806495667,0.3024008870124817,0.1,0.9,0.6960267484132061
TopDelta,ALG11,0.5758733749389648,0.47549179196357727,0.5,1.0,0.9584952187222636
TopDelta,ALG13,0.47007519006729126,0.40087413787841797,0.45,1.0,0.7826700949564601
TopDelta,ALG2,0.5497249364852905,0.45672211050987244,0.55,1.0,0.9453728807314113
TopDelta,ANAPC1,0.4302491843700409,0.35665324330329895,0.5,1.0,0.9002670361162356
TopDelta,ANAPC10,0.3704085946083069,0.2981148064136505,0.5,0.95,0.8468430709103255
TopDelta,ANAPC11,0.41340914368629456,0.32095399498939514,0.6,0.95,0.8008592713276206
TopDelta,ANAPC13,0.4036943018436432,0.3472391366958618,0.45,1.0,0.8525716659922237
TopDelta,ANAPC5,0.5174968242645264,0.4723617434501648,0.6,1.0,0.9474836889497716
TopDelta,ANKLE2,0.32931724190711975,0.28010186553001404,0.15,0.9,0.7397442189049743
TopDelta,ANKRD11,0.4119323492050171,0.3605175316333771,0.35,0.85,0.9237466168605926
TopDelta,ANKRD39,0.40874722599983215,0.3593231737613678,0.1,0.95,0.8434064459860019
TopDelta,ANKRD49,0.2880294620990753,0.22360073029994965,0.2,0.8,0.6628269368675237
TopDelta,ANKS6,0.34173423051834106,0.2828129529953003,0.25,0.9,0.5266860571626051
TopDelta,AP2M1,0.5476543307304382,0.5086528062820435,0.45,0.9,0.8938281253284163
TopDelta,ARGLU1,0.41970354318618774,0.3869539201259613,0.25,1.0,0.8341194781740724
TopDelta,ARL2,0.4367678165435791,0.369025856256485,0.4,0.95,0.8436819409070767
TopDelta,ARL4D,0.33448007702827454,0.27341434359550476,0.25,0.9,0.7358414471209448
TopDelta,ARMC7,0.49240946769714355,0.46251505613327026,0.45,1.0,0.8938928309982125
TopDelta,ARPC4,0.5518528819084167,0.4931563436985016,0.55,1.0,0.9220872928976867
TopDelta,ASCC3,0.4036943018436432,0.30960071086883545,0.4,0.85,0.8760276298922249
TopDelta,ASF1B,0.367399662733078,0.2986336350440979,0.4,1.0,0.7444788711453102
TopDelta,ATF5,0.6337833404541016,0.5797527432441711,0.65,1.0,0.9643319495235239
TopDelta,ATP11B,0.6294882893562317,0.5613774061203003,0.6,1.0,0.9656963768932576
TopDelta,ATP2A2,0.47277164459228516,0.383323609828949,0.6,1.0,0.8512937239338372
TopDelta,ATP5ME,0.6755624413490295,0.5922695994377136,0.8,1.0,0.97517796782125
TopDelta,ATP5MF,0.6545297503471375,0.6071867942810059,0.7,1.0,0.934315012288467
TopDelta,ATP5PD,0.7181434631347656,0.6809289455413818,0.65,1.0,0.9722860123409366
TopDelta,ATP6AP1,0.6723487377166748,0.660811185836792,0.75,1.0,0.9772930207160673
TopDelta,ATP6AP2,0.685816764831543,0.6842009425163269,0.7,1.0,0.979315692918963
TopDelta,ATP6V0B,0.6426196694374084,0.6129506230354309,0.7,0.95,0.9391604721840631
TopDelta,ATP6V0C,0.6582603454589844,0.6277544498443604,0.55,1.0,0.9664525443149218
TopDelta,ATP6V0D1,0.5210118889808655,0.4108564853668213,0.75,1.0,0.9680132278793456
TopDelta,ATP6V1A,0.6789652109146118,0.6543049216270447,0.8,1.0,0.9754294314771809
TopDelta,ATP6V1B2,0.6513950824737549,0.5995274782180786,0.6,1.0,0.9799658718942348
TopDelta,ATP6V1F,0.6382208466529846,0.5761744379997253,0.8,1.0,0.9564986999216182
TopDelta,ATP6V1G1,0.6584702134132385,0.6192258596420288,0.7,1.0,0.8977728221679956
TopDelta,ATP6V1H,0.6421328783035278,0.6010904312133789,0.7,1.0,0.9761588975585015
TopDelta,ATR,0.6507081389427185,0.609550952911377,0.75,1.0,0.9778430982005194
TopDelta,ATRIP,0.5748286247253418,0.49258747696876526,0.65,1.0,0.9675463682274665
TopDelta,AURKA,0.4382196366786957,0.39298492670059204,0.3,0.85,0.5855517726049193
TopDelta,AURKAIP1,0.5208300352096558,0.46881410479545593,0.55,0.95,0.7580138420652663
TopDelta,BAG6,0.47395506501197815,0.43146973848342896,0.35,1.0,0.8563919631818369
TopDelta,BANP,0.3334159553050995,0.26634249091148376,0.3,1.0,0.7809019490923075
TopDelta,BAP1,0.5688470005989075,0.47514012455940247,0.65,0.95,0.9056997106001987
TopDelta,BARD1,0.4375079274177551,0.36511343717575073,0.3,0.9,0.776915516753953
TopDelta,BCLAF1,0.3679734468460083,0.29982370138168335,0.25,0.95,0.8488175823819002
TopDelta,BCR,0.38981103897094727,0.3301944136619568,0.1,0.95,0.8184149405217163
TopDelta,BCS1L,0.35579559206962585,0.2796005308628082,0.35,1.0,0.8381656278386498
TopDelta,BET1,0.5698598027229309,0.49494805932044983,0.6,1.0,0.9768888806616196
TopDelta,BMS1,0.7045401930809021,0.6889849901199341,0.85,1.0,0.9713770824243733
TopDelta,BOD1L1,0.3796726167201996,0.32442161440849304,0.2,1.0,0.6541669113177054
TopDelta,BORA,0.4939832389354706,0.41173055768013,0.65,1.0,0.8970338569456082
TopDelta,BPTF,0.4060019850730896,0.3828904628753662,0.4,0.85,0.4525864505247645
TopDelta,BRCA1,0.571140468120575,0.48118096590042114,0.6,1.0,0.9536344165071251
TopDelta,BRCA2,0.5434495210647583,0.46104347705841064,0.5,1.0,0.898854213960734
TopDelta,BRD2,0.40899235010147095,0.3490295112133026,0.4,1.0,0.8297489930840328
TopDelta,BRF1,0.5735508799552917,0.4893513321876526,0.6,1.0,0.9278295569191164
TopDelta,BRF2,0.36581718921661377,0.31985920667648315,0.25,0.95,0.751834653963848
TopDelta,BRIP1,0.3490298390388489,0.28812602162361145,0.25,0.95,0.7486816256396441
TopDelta,BRIX1,0.681416392326355,0.6431543827056885,0.8,1.0,0.9715250131571362
TopDelta,BTAF1,0.39397141337394714,0.32593321800231934,0.55,0.85,0.7294538471891002
TopDelta,BTF3,0.5417810082435608,0.4690903425216675,0.55,0.95,0.8722950256302062
TopDelta,BTF3L4,0.3365190923213959,0.3026612102985382,0.3,0.95,0.7518556245013497
TopDelta,BUB1,0.5031837821006775,0.40762051939964294,0.65,1.0,0.8583423538270819
TopDelta,BUB1B,0.37727025151252747,0.3137047290802002,0.35,0.95,0.8249387034987051
TopDelta,BYSL,0.6699447631835938,0.6395254135131836,0.65,1.0,0.9635244991902321
TopDelta,C12orf45,0.6894750595092773,0.6603667736053467,0.75,1.0,0.9508444673240423
TopDelta,C17orf58,0.39755281805992126,0.32677775621414185,0.25,1.0,0.8000104288657744
TopDelta,C18orf21,0.6437879800796509,0.5665538311004639,0.75,1.0,0.9575194512195445
TopDelta,C19orf25,0.5129643082618713,0.3996669352054596,0.65,1.0,0.8948095979656784
TopDelta,C19orf53,0.4183655083179474,0.3587149679660797,0.45,1.0,0.8293340625550252
TopDelta,C1orf131,0.6725023984909058,0.6204718351364136,0.85,1.0,0.9782578659081658
TopDelta,C7orf26,0.5388081073760986,0.5170725584030151,0.45,0.9,0.8819452215034796
TopDelta,C9orf16,0.2971338629722595,0.2332277148962021,0.1,0.85,0.5787534367482677
TopDelta,C9orf78,0.4120216369628906,0.3625001609325409,0.35,1.0,0.8755848228568157
TopDelta,CA5A,0.32277676463127136,0.291338711977005,0.15,1.0,0.7304244668063048
TopDelta,CABIN1,0.47589796781539917,0.43348830938339233,0.35,1.0,0.8448544449178694
TopDelta,CACTIN,0.7080317735671997,0.7280481457710266,0.4,1.0,0.9727228565684924
TopDelta,CADM4,0.31035104393959045,0.24830614030361176,0.15,0.85,0.7990628649452387
TopDelta,CALR,0.49056515097618103,0.594184398651123,0.35,1.0,0.9544271871024053
TopDelta,CASC3,0.7428354620933533,0.6116543412208557,0.65,1.0,0.9314073106139342
TopDelta,CBX1,0.24926163256168365,0.1996740996837616,0.1,0.85,0.6076685830373793
TopDelta,CCAR1,0.39225783944129944,0.3286336064338684,0.35,0.95,0.8116527905710126
TopDelta,CCDC115,0.40476155281066895,0.3128126263618469,0.6,0.9,0.6290752026474595
TopDelta,CCDC174,0.5343493819236755,0.4829132556915283,0.5,1.0,0.850410683658341
TopDelta,CCDC59,0.6030195355415344,0.491953581571579,0.75,1.0,0.9437886062281527
TopDelta,CCDC6,0.5156580209732056,0.45792198181152344,0.45,0.9,0.8283667620411133
TopDelta,CCDC86,0.6741061210632324,0.6031501293182373,0.75,1.0,0.9737149208396523
TopDelta,CCNB1,0.3267418444156647,0.27307701110839844,0.25,0.95,0.6653352341302256
TopDelta,CCNC,0.4786114990711212,0.44622358679771423,0.4,0.95,0.9278164057907078
TopDelta,CCND3,0.28078389167785645,0.23325137794017792,0.15,0.9,0.6117181445463906
TopDelta,CCNH,0.5673101544380188,0.5068577527999878,0.6,1.0,0.8899752268108568
TopDelta,CCP110,0.38788557052612305,0.30008742213249207,0.65,1.0,0.9062492367933815
TopDelta,CCT2,0.6770160794258118,0.6585043668746948,0.7,1.0,0.9741237774007839
TopDelta,CCT3,0.658899188041687,0.6422548890113831,0.8,1.0,0.9665293452799077
TopDelta,CCT4,0.6689172387123108,0.6410301923751831,0.55,1.0,0.9602360742472802
TopDelta,CCT5,0.6538159847259521,0.6169489622116089,0.7,1.0,0.9707948974550064
TopDelta,CCT6A,0.6582423448562622,0.6429784893989563,0.55,1.0,0.9566454649714392
TopDelta,CCT7,0.6758975386619568,0.6513950824737549,0.65,1.0,0.9679857834486798
TopDelta,CCT8,0.61589515209198,0.5635468363761902,0.6,1.0,0.948086440217303
TopDelta,CD2BP2,0.3733002841472626,0.32813358306884766,0.3,1.0,0.7410117508996878
TopDelta,CD3EAP,0.6862958073616028,0.6371987462043762,0.9,1.0,0.9775500815273748
TopDelta,CDC123,0.5878409743309021,0.4957868456840515,0.6,1.0,0.9478041313265294
TopDelta,CDC16,0.5357497930526733,0.48368096351623535,0.55,1.0,0.9283759184692649
TopDelta,CDC20,0.49181172251701355,0.40972161293029785,0.55,0.95,0.8446156107759104
TopDelta,CDC42,0.5320656895637512,0.45133277773857117,0.6,1.0,0.828935338987406
TopDelta,CDC45,0.5374436974525452,0.4415787160396576,0.65,1.0,0.9487005970781786
TopDelta,CDC6,0.6646252274513245,0.6408079266548157,0.8,1.0,0.9817894655177277
TopDelta,CDIPT,0.3704543113708496,0.32495927810668945,0.35,0.9,0.6741570080052927
TopDelta,CDK1,0.7014905214309692,0.6745376586914062,0.7,1.0,0.9622060815078282
TopDelta,CDK2,0.3912252187728882,0.31254640221595764,0.55,0.9,0.8030711564163503
TopDelta,CDT1,0.6485795378684998,0.6012083292007446,0.75,1.0,0.9698230647293654
TopDelta,CEBPZ,0.6923415660858154,0.6517699360847473,0.8,1.0,0.9658030032169526
TopDelta,CENPC,0.5221394300460815,0.42845749855041504,0.45,1.0,0.8867387236489832
TopDelta,CENPJ,0.6778450608253479,0.6376495361328125,0.65,1.0,0.9550913471269384
TopDelta,CENPK,0.5568296313285828,0.4539104104042053,0.75,1.0,0.9251875765918975
TopDelta,CENPN,0.4974713623523712,0.4075533449649811,0.5,1.0,0.9113377191299615
TopDelta,CENPT,0.5186425447463989,0.4374423623085022,0.5,1.0,0.9451704837994088
TopDelta,CENPW,0.5689091086387634,0.5030668377876282,0.7,1.0,0.9699024665961106
TopDelta,CEP68,0.37468966841697693,0.303825318813324,0.4,0.95,0.8521416341578973
TopDelta,CEP85,0.3483172357082367,0.30084550380706787,0.3,0.9,0.7329957937272427
TopDelta,CFL1,0.3938080668449402,0.36522847414016724,0.55,1.0,0.4884346750270362
TopDelta,CHAF1B,0.5988367795944214,0.5536470413208008,0.7,1.0,0.9466103593739774
TopDelta,CHCHD1,0.3627518117427826,0.3082209527492523,0.3,0.9,0.8103469559165968
TopDelta,CHCHD2,0.3390108346939087,0.2796449065208435,0.35,0.95,0.7748117251971313
TopDelta,CHCHD4,0.7078971266746521,0.6574254631996155,0.8,1.0,0.9634133803768248
TopDelta,CHD4,0.33934465050697327,0.2833658456802368,0.3,0.85,0.6759225755580192
TopDelta,CHEK1,0.6005041599273682,0.5424164533615112,0.55,1.0,0.967036505731842
TopDelta,CHERP,0.5146552324295044,0.45365917682647705,0.45,0.95,0.8418472252728232
TopDelta,CHMP4B,0.44153326749801636,0.36760541796684265,0.25,0.9,0.7692728071041357
TopDelta,CHMP6,0.6668429374694824,0.6570962071418762,0.55,1.0,0.9214590209602601
TopDelta,CHMP7,0.3517131209373474,0.30561962723731995,0.25,0.95,0.776550151284513
TopDelta,CHORDC1,0.35797369480133057,0.2959038317203522,0.3,0.85,0.561256973683347
TopDelta,CHTOP,0.30160197615623474,0.23851804435253143,0.25,0.9,0.6156060493069718
TopDelta,CIAO1,0.3294273912906647,0.2906416356563568,0.4,1.0,0.7382767209319971
TopDelta,CIAPIN1,0.6549113988876343,0.6556651592254639,0.7,1.0,0.9643467096645593
TopDelta,CLASRP,0.4611108601093292,0.4069952368736267,0.3,0.9,0.7902301745956992
TopDelta,CLPB,0.30323266983032227,0.2413957118988037,0.3,0.9,0.7709028067442013
TopDelta,CMPK1,0.3286477327346802,0.2645109295845032,0.2,0.95,0.5651314913612538
TopDelta,CMTR1,0.4750295579433441,0.3929056227207184,0.45,1.0,0.9080480829852474
TopDelta,CMTR2,0.3985541760921478,0.34461894631385803,0.45,1.0,0.8971701040188587
TopDelta,CNN2,0.3052535355091095,0.26212769746780396,0.25,0.85,0.5251942657547071
TopDelta,CNOT1,0.681553065776825,0.6919825673103333,0.45,1.0,0.984993636748905
TopDelta,CNOT10,0.45984947681427,0.420168399810791,0.45,1.0,0.8419438756262322
TopDelta,CNOT9,0.31271567940711975,0.26749473810195923,0.3,0.9,0.7457374994151245
TopDelta,COA5,0.5418922305107117,0.4684896469116211,0.55,1.0,0.8845019690041607
TopDelta,COASY,0.318780779838562,0.258521169424057,0.25,0.75,0.5723042829942506
TopDelta,COG1,0.42111197113990784,0.34997880458831787,0.3,0.95,0.9103181420044834
TopDelta,COG2,0.5099138617515564,0.48524367809295654,0.55,1.0,0.9564507728968814
TopDelta,COG4,0.3654331564903259,0.284191370010376,0.2,0.9,0.7962428507814212
TopDelta,COG6,0.44043925404548645,0.3706367611885071,0.4,1.0,0.878968993431495
TopDelta,COMTD1,0.4264514744281769,0.37168747186660767,0.35,0.95,0.8469425259933678
TopDelta,COPS2,0.6293161511421204,0.5984000563621521,0.7,1.0,0.9356892680609773
TopDelta,COPS3,0.6270712614059448,0.5710194706916809,0.7,1.0,0.9742171436427942
TopDelta,COPS4,0.6418147087097168,0.6235814690589905,0.55,1.0,0.9447756411084416
TopDelta,COPS5,0.5384679436683655,0.4722093641757965,0.55,1.0,0.9504743795611416
TopDelta,COPS8,0.36362650990486145,0.2856427729129791,0.4,1.0,0.8250782269753295
TopDelta,COQ2,0.29706984758377075,0.2504498362541199,0.1,0.9,0.6016235049871591
TopDelta,COQ4,0.4197663366794586,0.3543754518032074,0.45,0.95,0.8929946200991394
TopDelta,COQ5,0.33844929933547974,0.2678597867488861,0.1,0.75,0.6017694769839016
TopDelta,COTL1,0.4777955710887909,0.4457024037837982,0.35,1.0,0.9298232117998304
TopDelta,COX10,0.3914543092250824,0.3380786180496216,0.3,0.9,0.2795633628555338
TopDelta,COX11,0.3368680775165558,0.2880256772041321,0.4,0.85,0.6580191889021874
TopDelta,COX5A,0.6608077883720398,0.5895517468452454,0.7,1.0,0.9521343989004981
TopDelta,COX7C,0.6310239434242249,0.5653589963912964,0.7,1.0,0.9524390719908011
TopDelta,CPSF1,0.49076563119888306,0.4601708948612213,0.4,1.0,0.9085005701579243
TopDelta,CPSF3,0.6141209602355957,0.6012547016143799,0.55,1.0,0.8610436114167286
TopDelta,CPSF4,0.5754036903381348,0.5254572629928589,0.55,1.0,0.8211991714760395
TopDelta,CPSF6,0.5204122066497803,0.5061890482902527,0.5,1.0,0.9417290127916059
TopDelta,CS,0.4270128607749939,0.3992500305175781,0.25,1.0,0.8502319273999259
TopDelta,CSDE1,0.5043793320655823,0.42967960238456726,0.55,1.0,0.9479185718782736
TopDelta,CSE1L,0.6702045202255249,0.658936619758606,0.55,1.0,0.9641184322655324
TopDelta,CSNK2B,0.4449656009674072,0.42749932408332825,0.35,0.85,0.49253023292593684
TopDelta,CSTF1,0.5038291811943054,0.503006100654602,0.4,0.9,0.7222493272847308
TopDelta,CSTF3,0.6030265688896179,0.5804709792137146,0.5,1.0,0.785229223249318
TopDelta,CTCF,0.5136029720306396,0.4482978284358978,0.6,1.0,0.9067947673762959
TopDelta,CTDP1,0.3918186128139496,0.33263641595840454,0.3,0.85,0.7600560638077833
TopDelta,CTNNBL1,0.5140537619590759,0.4588959515094757,0.45,1.0,0.9285712296925377
TopDelta,CTU2,0.541246771812439,0.4509317874908447,0.6,1.0,0.9703151845217244
TopDelta,CUL1,0.4743382930755615,0.42308980226516724,0.45,0.95,0.8824199010037171
TopDelta,CUL2,0.6264874339103699,0.5623722076416016,0.8,1.0,0.9809902149989768
TopDelta,CUL7,0.6735111474990845,0.6561964154243469,0.55,0.95,0.8591854791136408
TopDelta,CWC15,0.6471938490867615,0.6444107890129089,0.5,1.0,0.9385620133207773
TopDelta,CWC22,0.6841852068901062,0.6973007321357727,0.6,1.0,0.9560803685270114
TopDelta,CYC1,0.45062708854675293,0.4072341322898865,0.4,0.95,0.8421915232653796
TopDelta,CYFIP1,0.40043675899505615,0.31986868381500244,0.45,1.0,0.869775342893895
TopDelta,CYREN,0.5342164039611816,0.43039965629577637,0.7,0.9,0.8346017014630416
TopDelta,DAP3,0.509780764579773,0.4257535934448242,0.4,1.0,0.9245816623360238
TopDelta,DARS,0.6631439924240112,0.6299171447753906,0.7,1.0,0.9786602425734513
TopDelta,DAXX,0.5272690653800964,0.44496458768844604,0.35,1.0,0.7532824266255768
TopDelta,DBR1,0.5312172174453735,0.5340275764465332,0.45,1.0,0.8455177646799136
TopDelta,DCAF6,0.2877279818058014,0.23968398571014404,0.3,0.75,0.7342916102969799
TopDelta,DCTN1,0.49582022428512573,0.46569082140922546,0.4,1.0,0.9152176419473186
TopDelta,DCTN2,0.5986068248748779,0.511789083480835,0.7,1.0,0.9601738684983032
TopDelta,DCTN3,0.5831524729728699,0.5306968688964844,0.65,1.0,0.9330580844062756
TopDelta,DCTN4,0.5640506148338318,0.4888972342014313,0.65,1.0,0.9422957286055484
TopDelta,DCTN6,0.546645998954773,0.46222957968711853,0.65,1.0,0.9625174096341446
TopDelta,DCUN1D5,0.6682000756263733,0.6235937476158142,0.75,1.0,0.9263063096597719
TopDelta,DDOST,0.5631705522537231,0.49064698815345764,0.65,0.95,0.7958729684154731
TopDelta,DDX1,0.35704120993614197,0.2896137833595276,0.35,0.95,0.7900922025318514
TopDelta,DDX10,0.7052737474441528,0.6930825114250183,0.75,1.0,0.9675709483423743
TopDelta,DDX17,0.3569678068161011,0.3330909311771393,0.3,0.85,0.7317855873070185
TopDelta,DDX18,0.6890376806259155,0.6813762784004211,0.65,1.0,0.9398915322300311
TopDelta,DDX19A,0.3174130618572235,0.2759793996810913,0.25,0.9,0.6787231317058189
TopDelta,DDX20,0.5841788053512573,0.5619956851005554,0.4,0.95,0.7882331662252254
TopDelta,DDX21,0.6891612410545349,0.6631479859352112,0.75,1.0,0.9589499572001458
TopDelta,DDX23,0.6533565521240234,0.6266247630119324,0.75,1.0,0.964973008999961
TopDelta,DDX27,0.691127598285675,0.6363306045532227,0.75,1.0,0.9756395530220169
TopDelta,DDX3X,0.34717851877212524,0.28644850850105286,0.35,0.9,0.8165592300896165
TopDelta,DDX41,0.6814281940460205,0.7001378536224365,0.5,1.0,0.9681205825397527
TopDelta,DDX5,0.487135648727417,0.4469972252845764,0.5,1.0,0.7478053158470468
TopDelta,DDX51,0.6942147016525269,0.6553828120231628,0.8,1.0,0.976892573286892
TopDelta,DDX52,0.6842821836471558,0.6580281853675842,0.8,1.0,0.9688307083883743
TopDelta,DDX55,0.6940186023712158,0.6329116225242615,0.75,1.0,0.9768403856317546
TopDelta,DDX56,0.6478778719902039,0.5938764214515686,0.7,1.0,0.9626087818114466
TopDelta,DDX6,0.48434942960739136,0.4269355237483978,0.45,0.9,0.805130052101248
TopDelta,DENR,0.4968946576118469,0.4175311326980591,0.65,1.0,0.9375740076261143
TopDelta,DERL2,0.700160801410675,0.6519235372543335,0.6,1.0,0.9849657762045633
TopDelta,DESI1,0.42413535714149475,0.39279893040657043,0.3,0.95,0.7729837814996573
TopDelta,DHODH,0.31715357303619385,0.23274025321006775,0.5,0.9,0.8066941218951795
TopDelta,DHPS,0.40020453929901123,0.3399777114391327,0.35,0.9,0.8481078943342264
TopDelta,DHX15,0.6551044583320618,0.6349823474884033,0.5,1.0,0.9508106854682641
TopDelta,DHX16,0.6377336382865906,0.6556990742683411,0.3,0.95,0.9290578582253329
TopDelta,DHX29,0.36582091450691223,0.32955801486968994,0.3,1.0,0.8417974378215858
TopDelta,DHX33,0.5916168093681335,0.4924234449863434,0.7,0.95,0.9341255859061947
TopDelta,DHX36,0.42587530612945557,0.35090792179107666,0.3,1.0,0.7578298147918419
TopDelta,DHX37,0.5861194729804993,0.4761124551296234,0.7,1.0,0.9628836966468363
TopDelta,DIMT1,0.7291936874389648,0.7049112319946289,0.8,1.0,0.9748952150893755
TopDelta,DKC1,0.6293142437934875,0.5505752563476562,0.7,1.0,0.9520658540765322
TopDelta,DLD,0.6513393521308899,0.6245704293251038,0.5,1.0,0.9413628496736803
TopDelta,DNAJA1,0.3614998459815979,0.2680577039718628,0.15,0.65,0.8256643150566281
TopDelta,DNAJA3,0.7137918472290039,0.5803393125534058,0.5,0.95,0.9630621852875149
TopDelta,DNAJC17,0.7014289498329163,0.7108089923858643,0.55,1.0,0.9392427695307407
TopDelta,DNAJC19,0.2986850440502167,0.24358434975147247,0.3,0.9,0.7571101220548356
TopDelta,DNAJC8,0.3562529981136322,0.29490652680397034,0.25,0.9,0.7469063200812656
TopDelta,DNM1L,0.3626951575279236,0.3131300210952759,0.25,0.9,0.6506714248003966
TopDelta,DNMT1,0.5202385783195496,0.464677095413208,0.55,0.95,0.8922350117331684
TopDelta,DNTTIP2,0.720278799533844,0.7129772305488586,0.7,1.0,0.9596666045752601
TopDelta,DOHH,0.4456976354122162,0.3742482662200928,0.35,0.85,0.8226049330258524
TopDelta,DOLK,0.37502649426460266,0.3134680390357971,0.3,0.95,0.7489376085779229
TopDelta,DPH2,0.43999549746513367,0.3807312250137329,0.55,0.95,0.6679946022508527
TopDelta,DPH3,0.33058539032936096,0.2777719795703888,0.3,0.85,0.6645044777105522
TopDelta,DPH6,0.3306518793106079,0.27059638500213623,0.2,0.95,0.7928588045699748
TopDelta,DRAP1,0.3558322787284851,0.29282134771347046,0.35,0.9,0.7644458049908432
TopDelta,DRG1,0.38029828667640686,0.318459689617157,0.3,0.95,0.812745360301734
TopDelta,DSTYK,0.4609372913837433,0.36522018909454346,0.35,1.0,0.8439184133487192
TopDelta,DTL,0.629055917263031,0.5709289312362671,0.75,1.0,0.9867696165890744
TopDelta,DYNC1I2,0.5495222806930542,0.4638654887676239,0.55,1.0,0.9275099855924978
TopDelta,DYNLL1,0.5156028866767883,0.4742521643638611,0.65,1.0,0.5923111212008806
TopDelta,DYNLL2,0.3251602053642273,0.27979740500450134,0.15,0.85,0.6471306560061691
TopDelta,E2F6,0.3842717707157135,0.33138880133628845,0.3,0.85,0.7382145383980337
TopDelta,E4F1,0.6511840224266052,0.5977110862731934,0.8,1.0,0.9885391577537395
TopDelta,EARS2,0.5039757490158081,0.43780964612960815,0.55,1.0,0.6813028846871164
TopDelta,EBNA1BP2,0.6834155917167664,0.6475694179534912,0.65,1.0,0.9709633345623101
TopDelta,ECD,0.475703626871109,0.3997426927089691,0.5,1.0,0.884455924091402
TopDelta,EDC4,0.45492804050445557,0.4350113272666931,0.4,1.0,0.9110676478506413
TopDelta,EFR3A,0.40639251470565796,0.35196158289909363,0.25,1.0,0.8316455317574668
TopDelta,EFTUD2,0.6603697538375854,0.6370680928230286,0.7,1.0,0.9452691799943382
TopDelta,EHMT2,0.38649725914001465,0.3325282037258148,0.45,0.95,0.766482512285244
TopDelta,EIF1,0.3655408024787903,0.36627674102783203,0.6,0.95,0.5927264230446061
TopDelta,EIF1AD,0.40642502903938293,0.36030346155166626,0.4,1.0,0.8513675708740087
TopDelta,EIF1AX,0.5285898447036743,0.48621028661727905,0.4,1.0,0.9341041871626531
TopDelta,EIF2B1,0.7473710179328918,0.7396453619003296,0.55,1.0,0.9661065714978627
TopDelta,EIF2B2,0.7519235014915466,0.7440447807312012,0.7,1.0,0.9735267517378855
TopDelta,EIF2B3,0.7374404072761536,0.7216704487800598,0.65,1.0,0.9689230599281732
TopDelta,EIF2B4,0.7446238398551941,0.7170900106430054,0.55,1.0,0.9615825834676117
TopDelta,EIF2B5,0.7422475218772888,0.7269954085350037,0.6,1.0,0.9657398712804591
TopDelta,EIF2S1,0.7155448794364929,0.714429497718811,0.55,1.0,0.9704578466111338
TopDelta,EIF2S2,0.7274048924446106,0.6968623399734497,0.75,1.0,0.9812641020256557
TopDelta,EIF2S3,0.7100448608398438,0.7044946551322937,0.65,1.0,0.9803110439041652
TopDelta,EIF3A,0.732965350151062,0.7044932842254639,0.65,1.0,0.9535225688465625
TopDelta,EIF3B,0.7105593681335449,0.7108571529388428,0.55,1.0,0.9356215687841563
TopDelta,EIF3I,0.701905369758606,0.7039726972579956,0.45,1.0,0.9414602960014066
TopDelta,EIF3J,0.6201559901237488,0.5205647349357605,0.75,1.0,0.9728741713573728
TopDelta,EIF3L,0.5508822202682495,0.4854722023010254,0.8,1.0,0.9650597823239778
TopDelta,EIF4A1,0.6136277318000793,0.5273760557174683,0.55,1.0,0.9375723759229544
TopDelta,EIF4A3,0.683008074760437,0.6585559844970703,0.65,1.0,0.9597200526564369
TopDelta,EIF4B,0.5049009323120117,0.49702727794647217,0.3,0.8,0.9644254541611254
TopDelta,EIF4E,0.7117504477500916,0.6544039249420166,0.75,1.0,0.9417595083749346
TopDelta,EIF4G1,0.6046457886695862,0.5520793795585632,0.6,1.0,0.9553996889941274
TopDelta,EIF4G2,0.4683448374271393,0.4129664897918701,0.45,0.85,0.7712143281809605
TopDelta,EIF4H,0.36284714937210083,0.29055941104888916,0.55,0.95,0.6735949900189597
TopDelta,EIF5A,0.6202245354652405,0.624484121799469,0.55,1.0,0.957647436951539
TopDelta,EIF6,0.6212864518165588,0.6106597781181335,0.7,1.0,0.8583842490594179
TopDelta,ELAC2,0.4044150114059448,0.38269805908203125,0.55,0.9,0.6572156317337811
TopDelta,ELL,0.6003313660621643,0.5385596752166748,0.55,1.0,0.9007079127571832
TopDelta,ELOB,0.5520230531692505,0.48487991094589233,0.7,1.0,0.8436026309629017
TopDelta,ELOF1,0.545976459980011,0.5250455141067505,0.5,1.0,0.9150596463520003
TopDelta,ELOVL1,0.3675840198993683,0.329122930765152,0.35,0.95,0.7287131473850843
TopDelta,ELP3,0.6582849621772766,0.5916529893875122,0.65,1.0,0.975826004377027
TopDelta,ELP5,0.635574221611023,0.563197672367096,0.7,1.0,0.9463098052449984
TopDelta,ELP6,0.5700410008430481,0.4765428602695465,0.7,1.0,0.9567400278601624
TopDelta,EMC1,0.42492401599884033,0.38528335094451904,0.15,0.9,0.8387061537442948
TopDelta,EMC4,0.3866453170776367,0.3600350618362427,0.3,1.0,0.7154309186468316
TopDelta,EMC7,0.3922116458415985,0.3214406371116638,0.45,1.0,0.6956232332564444
TopDelta,ENO1,0.27406278252601624,0.33122149109840393,0.15,0.65,0.8251177075707751
TopDelta,ENY2,0.5143401622772217,0.4738737940788269,0.6,0.95,0.8728912818695048
TopDelta,EPRS,0.7032117247581482,0.6757673621177673,0.6,1.0,0.9576532634995965
TopDelta,ERAL1,0.364531010389328,0.2877606749534607,0.4,1.0,0.8291984305929915
TopDelta,ERCC2,0.5022085905075073,0.4365636110305786,0.45,1.0,0.9292374809813096
TopDelta,ERCC3,0.32333192229270935,0.26727205514907837,0.2,0.85,0.78961484323869
TopDelta,ESF1,0.5954158902168274,0.5011546015739441,0.8,1.0,0.9465504319342465
TopDelta,ETF1,0.7487869262695312,0.7188052535057068,0.65,1.0,0.9738754257704348
TopDelta,EXOC1,0.45960119366645813,0.37499916553497314,0.55,1.0,0.9381682458148547
TopDelta,EXOC2,0.4225523769855499,0.3560352027416229,0.4,1.0,0.8443809153327394
TopDelta,EXOC3,0.30521154403686523,0.24663662910461426,0.3,0.85,0.7157522553125372
TopDelta,EXOC4,0.4393177032470703,0.38189834356307983,0.4,1.0,0.8368059896514114
TopDelta,EXOC5,0.3718408942222595,0.30132997035980225,0.4,0.95,0.7638805360195741
TopDelta,EXOC7,0.6311706304550171,0.57612544298172,0.7,1.0,0.9767087825535972
TopDelta,EXOSC1,0.4095502197742462,0.3239061236381531,0.6,1.0,0.909340659364164
TopDelta,EXOSC2,0.732720136642456,0.7271518111228943,0.65,1.0,0.9444405166813092
TopDelta,EXOSC3,0.703576922416687,0.6900975704193115,0.55,1.0,0.9272747339860536
TopDelta,EXOSC4,0.7188416123390198,0.7090861797332764,0.6,1.0,0.9221330263157819
TopDelta,EXOSC5,0.7284615635871887,0.6994710564613342,0.65,1.0,0.9409833275222872
TopDelta,EXOSC7,0.6571424007415771,0.5942214727401733,0.6,0.95,0.8778518359671498
TopDelta,EXOSC8,0.728502094745636,0.7077552080154419,0.6,1.0,0.9045552721770848
TopDelta,EXOSC9,0.7110521197319031,0.6942657232284546,0.7,1.0,0.932203529534203
TopDelta,F8A1,0.28075724840164185,0.22652608156204224,0.1,0.7,0.5314561544979785
TopDelta,FAM136A,0.6565958261489868,0.6172472834587097,0.7,1.0,0.9691234784753934
TopDelta,FAM207A,0.37928229570388794,0.31422972679138184,0.45,0.8,0.8122050351950504
TopDelta,FAM32A,0.6521116495132446,0.6453521847724915,0.6,0.95,0.9332493984880974
TopDelta,FARSA,0.6915003657341003,0.6515672206878662,0.55,1.0,0.9542231093175818
TopDelta,FASN,0.4884640574455261,0.4594101905822754,0.3,0.95,0.7738416312085563
TopDelta,FASTKD5,0.4178849756717682,0.3849089741706848,0.35,0.7,0.5758690324852453
TopDelta,FAU,0.7494168877601624,0.7518583536148071,0.8,1.0,0.9329401582874493
TopDelta,FBLIM1,0.3105705678462982,0.2463357150554657,0.2,0.85,0.6460798640528543
TopDelta,FBXO42,0.38226383924484253,0.3329034447669983,0.2,0.95,0.7543453041830808
TopDelta,FCF1,0.6716371178627014,0.6234374642372131,0.75,1.0,0.9739163190344952
TopDelta,FDPS,0.44659119844436646,0.37516582012176514,0.3,0.95,0.903756796335968
TopDelta,FDXR,0.29826319217681885,0.257808655500412,0.1,0.9,0.3218915184903113
TopDelta,FGFR1OP,0.3828342854976654,0.3215387463569641,0.15,0.95,0.8374130259913392
TopDelta,FKBP9,0.507597804069519,0.4640862047672272,0.55,1.0,0.8918249654254203
TopDelta,FNBP4,0.41544803977012634,0.3706452548503876,0.4,1.0,0.8135497900214761
TopDelta,FNTA,0.5910453796386719,0.5581746101379395,0.55,0.9,0.8784854560725144
TopDelta,FOXO1,0.33200135827064514,0.29749104380607605,0.25,0.9,0.7570481753746385
TopDelta,FXN,0.4620039165019989,0.45268014073371887,0.35,1.0,0.7334875236028356
TopDelta,GABPA,0.44795772433280945,0.3649670481681824,0.7,0.95,0.8371062671296489
TopDelta,GABPB1,0.5636758804321289,0.5032569766044617,0.65,0.95,0.8116282806966091
TopDelta,GAR1,0.6067388653755188,0.5234739780426025,0.7,1.0,0.9728358854982859
TopDelta,GART,0.4469824433326721,0.37460678815841675,0.5,1.0,0.8648057908162876
TopDelta,GCLC,0.359991192817688,0.325387567281723,0.2,0.8,0.3369124480881636
TopDelta,GEMIN4,0.49910134077072144,0.4654642939567566,0.3,1.0,0.5672679387415296
TopDelta,GEMIN5,0.655438244342804,0.6550988554954529,0.4,1.0,0.935330419925394
TopDelta,GFER,0.6015995144844055,0.5179250836372375,0.7,1.0,0.9447711735409985
TopDelta,GFM1,0.6868330836296082,0.6658477783203125,0.7,1.0,0.9543020650697713
TopDelta,GFOD2,0.42971622943878174,0.3487131595611572,0.5,0.95,0.9047077603488006
TopDelta,GINS1,0.6225937604904175,0.5817075371742249,0.8,1.0,0.9720074299323388
TopDelta,GINS2,0.5425531268119812,0.47377240657806396,0.75,1.0,0.8964686375420254
TopDelta,GINS4,0.5814446210861206,0.541377067565918,0.65,1.0,0.9450424157192527
TopDelta,GLB1,0.6510739326477051,0.6237834095954895,0.75,1.0,0.9687441515756634
TopDelta,GLE1,0.6071694493293762,0.5692349076271057,0.5,1.0,0.8745927192354137
TopDelta,GLRX3,0.35403677821159363,0.28524479269981384,0.45,1.0,0.6184844399860615
TopDelta,GLRX5,0.3635367453098297,0.2913782000541687,0.35,0.95,0.7734379847335275
TopDelta,GMPPB,0.5235305428504944,0.4097699224948883,0.65,1.0,0.9472825952490709
TopDelta,GNB1L,0.4355476498603821,0.37013107538223267,0.5,1.0,0.9088179890585663
TopDelta,GNL2,0.6841498017311096,0.6542288661003113,0.75,1.0,0.9576816793170438
TopDelta,GNL3,0.6917091012001038,0.6468026041984558,0.75,1.0,0.970757853638169
TopDelta,GNL3L,0.6465043425559998,0.5849811434745789,0.7,1.0,0.9607858802825349
TopDelta,GNPAT,0.5883278250694275,0.5034106969833374,0.9,1.0,0.957527768068204
TopDelta,GNPNAT1,0.3724529445171356,0.39302858710289,0.3,0.9,0.8502922019689406
TopDelta,GOLT1B,0.38752010464668274,0.32538658380508423,0.3,0.85,0.69354457431589
TopDelta,GPKOW,0.5853166580200195,0.595383882522583,0.4,0.95,0.928335109465203
TopDelta,GPN1,0.6443871259689331,0.6153598427772522,0.5,1.0,0.7441775745395913
TopDelta,GPN3,0.6999925971031189,0.6883388161659241,0.75,0.95,0.9017570498373241
TopDelta,GPS1,0.6559616923332214,0.6515617370605469,0.7,1.0,0.9611910006837062
TopDelta,GPS2,0.44795820116996765,0.390335351228714,0.3,1.0,0.878575031039475
TopDelta,GRPEL1,0.7389785647392273,0.6997734308242798,0.7,1.0,0.970727346377557
TopDelta,GRSF1,0.5070168375968933,0.3919578790664673,0.7,1.0,0.9169564186654567
TopDelta,GRWD1,0.3127225339412689,0.2691482901573181,0.15,0.9,0.5730681057042409
TopDelta,GSK3B,0.3727900981903076,0.3309212028980255,0.25,0.8,0.6817656983343039
TopDelta,GSPT1,0.737028181552887,0.70654296875,0.7,1.0,0.9778928984056308
TopDelta,GTF2A1,0.6616265177726746,0.6600750088691711,0.55,1.0,0.9236161963450774
TopDelta,GTF2A2,0.4312402904033661,0.36887630820274353,0.45,1.0,0.8908402098334454
TopDelta,GTF2E1,0.42439770698547363,0.35589656233787537,0.4,0.95,0.7545196653139137
TopDelta,GTF2E2,0.6705050468444824,0.6773389577865601,0.6,0.95,0.8153459914413328
TopDelta,GTF2F2,0.6412680149078369,0.6184586882591248,0.7,0.95,0.9003040566353105
TopDelta,GTF2H1,0.6059747338294983,0.5786992907524109,0.65,1.0,0.9026664657910054
TopDelta,GTF2H3,0.38952702283859253,0.31158730387687683,0.5,1.0,0.8446206470776156
TopDelta,GTF2H4,0.4439590573310852,0.3739064037799835,0.25,0.85,0.7169127364331565
TopDelta,GTF3A,0.5760842561721802,0.48653000593185425,0.6,1.0,0.9459868083844738
TopDelta,GTF3C1,0.3941951394081116,0.3598099648952484,0.3,0.95,0.7274213952453453
TopDelta,GTF3C2,0.4662199914455414,0.43457868695259094,0.4,1.0,0.8387386697936672
TopDelta,GTF3C6,0.3626280426979065,0.2878287434577942,0.25,1.0,0.8131969341010961
TopDelta,GTPBP4,0.6684629917144775,0.6059389114379883,0.8,1.0,0.9644682561784856
TopDelta,GUK1,0.3603644371032715,0.33274731040000916,0.35,0.95,0.7037138110914991
TopDelta,GYG1,0.4896174371242523,0.4078405499458313,0.65,1.0,0.95699147009609
TopDelta,H2AFX,0.4162881076335907,0.375186562538147,0.4,0.95,0.4802541554351985
TopDelta,H2AFZ,0.4131913185119629,0.4363599419593811,0.25,0.9,0.923221288796698
TopDelta,H3F3A,0.3498133420944214,0.34372106194496155,0.4,0.95,0.3465533298003682
TopDelta,HAMP,0.4195193648338318,0.34383854269981384,0.3,1.0,0.8278379206856791
TopDelta,HARS,0.7299389839172363,0.6864680051803589,0.6,1.0,0.9805511889608354
TopDelta,HAUS8,0.4522016644477844,0.3626003563404083,0.55,1.0,0.8684746437252435
TopDelta,HDAC3,0.4525468349456787,0.4225285053253174,0.4,1.0,0.8792539919449462
TopDelta,HDAC7,0.5375905632972717,0.5140352249145508,0.5,1.0,0.9510297473333171
TopDelta,HECTD1,0.3692178428173065,0.31180498003959656,0.3,0.85,0.7319986694702275
TopDelta,HERC1,0.4638955891132355,0.37707892060279846,0.6,1.0,0.867465661387906
TopDelta,HGS,0.7226433753967285,0.6696920394897461,0.8,1.0,0.9817073878853062
TopDelta,HHEX,0.3458006680011749,0.2992739975452423,0.15,0.85,0.6658876461785077
TopDelta,HIPK1,0.4558190405368805,0.44271206855773926,0.25,1.0,0.7899695719198183
TopDelta,HIST1H2BN,0.43403881788253784,0.32526323199272156,0.65,0.95,0.8501724912541082
TopDelta,HJURP,0.4636119306087494,0.3887333869934082,0.35,0.95,0.8143954484303881
TopDelta,HMBOX1,0.3122669756412506,0.2628120481967926,0.2,0.95,0.8003333731864013
TopDelta,HMGA1,0.3651646375656128,0.31176990270614624,0.4,0.85,0.7173202513613217
TopDelta,HMGB3,0.5959504842758179,0.5088284015655518,0.75,1.0,0.9521892837966089
TopDelta,HMGCS1,0.6413121223449707,0.6224837899208069,0.5,0.95,0.8368003135250962
TopDelta,HNRNPA1,0.4297969937324524,0.3410341739654541,0.4,0.95,0.8439833475738586
TopDelta,HNRNPDL,0.46565163135528564,0.4083092510700226,0.45,0.95,0.8203869866604573
TopDelta,HNRNPH1,0.3569306433200836,0.31543612480163574,0.15,0.9,0.7620746428096389
TopDelta,HNRNPK,0.6330544352531433,0.585089921951294,0.65,1.0,0.8368146747669576
TopDelta,HNRNPL,0.5130866765975952,0.44468262791633606,0.6,1.0,0.8917063512589
TopDelta,HPS5,0.4750135838985443,0.42795780301094055,0.35,0.9,0.6254390227172353
TopDelta,HS6ST1,0.34605807065963745,0.2792002558708191,0.2,0.95,0.7473375603805947
TopDelta,HSCB,0.29316258430480957,0.23130352795124054,0.3,0.9,0.7343479374100208
TopDelta,HSD17B10,0.6417095065116882,0.5850834250450134,0.6,0.95,0.9576668750904014
TopDelta,HSD17B12,0.4347781836986542,0.34780043363571167,0.5,1.0,0.9162622982745747
TopDelta,HSP90B1,0.5109773278236389,0.49394887685775757,0.25,0.8,0.8672744260689716
TopDelta,HSPA14,0.41898202896118164,0.33495211601257324,0.45,0.95,0.8962528340758505
TopDelta,HSPA8,0.5466867685317993,0.4916211664676666,0.65,1.0,0.9077017070186417
TopDelta,HSPA9,0.7559199929237366,0.7519230842590332,0.5,1.0,0.9728204790687148
TopDelta,HSPE1,0.7121226787567139,0.6865822076797485,0.65,1.0,0.9412493730845605
TopDelta,HUS1,0.31315410137176514,0.2469966858625412,0.45,0.95,0.8209119546667679
TopDelta,HUWE1,0.5012310743331909,0.4246101379394531,0.4,0.9,0.6695780183106245
TopDelta,IARS,0.6471249461174011,0.5817763805389404,0.6,1.0,0.9679875325537524
TopDelta,IARS2,0.7037724852561951,0.6696115136146545,0.7,1.0,0.9743502708541953
TopDelta,ICE1,0.6854036450386047,0.6620675921440125,0.65,1.0,0.9748239785522747
TopDelta,ILF2,0.5672074556350708,0.48204585909843445,0.7,1.0,0.8483414343287083
TopDelta,ILF3,0.46552351117134094,0.40155524015426636,0.5,0.95,0.7674922354041779
TopDelta,IMP4,0.6933896541595459,0.6566131711006165,0.8,1.0,0.9680669665896612
TopDelta,IMPA2,0.6301834583282471,0.5489885807037354,0.75,1.0,0.9589859219919897
TopDelta,IMPDH2,0.5601702928543091,0.47883808612823486,0.65,1.0,0.9708821573447372
TopDelta,INF2,0.38075679540634155,0.28136584162712097,0.45,1.0,0.8480821340003841
TopDelta,INO80,0.43685591220855713,0.37307825684547424,0.3,1.0,0.8715443748167719
TopDelta,INO80B,0.41061583161354065,0.3517451286315918,0.4,0.9,0.7584885246739139
TopDelta,INPPL1,0.5091870427131653,0.41841593384742737,0.5,0.95,0.8781560982086347
TopDelta,INTS1,0.4223063588142395,0.383870393037796,0.25,0.95,0.8721654992288966
TopDelta,INTS10,0.4308196008205414,0.36498552560806274,0.4,1.0,0.8172382087645778
TopDelta,INTS11,0.6464032530784607,0.5807680487632751,0.85,1.0,0.9693905973138172
TopDelta,INTS12,0.40048283338546753,0.3505067825317383,0.4,1.0,0.7007765978471233
TopDelta,INTS13,0.4803694784641266,0.4113518297672272,0.5,1.0,0.8738739205927565
TopDelta,INTS14,0.5776733756065369,0.5497968792915344,0.5,1.0,0.8825650720131761
TopDelta,INTS2,0.6825154423713684,0.6884456872940063,0.65,1.0,0.9475974657280313
TopDelta,INTS3,0.6178007125854492,0.587742030620575,0.6,1.0,0.9660709334257608
TopDelta,INTS4,0.6438655257225037,0.6050463318824768,0.6,1.0,0.9331870482113372
TopDelta,INTS5,0.6587255597114563,0.6540597081184387,0.55,1.0,0.951586855994046
TopDelta,INTS6,0.601646900177002,0.5435457229614258,0.55,1.0,0.9684182610415888
TopDelta,INTS7,0.613707959651947,0.5756469964981079,0.55,1.0,0.9593037127661279
TopDelta,INTS8,0.6775317788124084,0.6781097650527954,0.7,1.0,0.9712626570068459
TopDelta,INTS9,0.6425726413726807,0.6203766465187073,0.65,0.95,0.8934699911051104
TopDelta,IPO11,0.4659912586212158,0.3984626233577728,0.5,1.0,0.8583883306469899
TopDelta,IPO7,0.6148117780685425,0.5157135725021362,0.75,1.0,0.9782011698878372
TopDelta,IPO9,0.4925386607646942,0.4271553158760071,0.4,1.0,0.8881406142373833
TopDelta,ISCA2,0.49916815757751465,0.43702855706214905,0.55,1.0,0.6205062289735973
TopDelta,ISCU,0.4181639552116394,0.35754653811454773,0.3,0.85,0.7232625915439476
TopDelta,ISG20L2,0.6816045641899109,0.6387280225753784,0.8,1.0,0.9755412039986588
TopDelta,IST1,0.41900333762168884,0.34530606865882874,0.45,0.95,0.9057929431794673
TopDelta,ITGB1BP1,0.4001035690307617,0.33622515201568604,0.25,0.95,0.5579173297294493
TopDelta,IWS1,0.4317237436771393,0.4149478077888489,0.4,0.85,0.8390032815021179
TopDelta,JMJD6,0.30130040645599365,0.24828030169010162,0.2,0.95,0.835088306095316
TopDelta,KAT7,0.420040100812912,0.35514670610427856,0.35,0.95,0.794721602341082
TopDelta,KCMF1,0.40429845452308655,0.3287005126476288,0.35,0.9,0.6867454664114826
TopDelta,KDM1A,0.45136919617652893,0.4065772294998169,0.35,0.95,0.8862034501484228
TopDelta,KDM6A,0.38835257291793823,0.36200010776519775,0.0,0.95,0.8471429800615374
TopDelta,KEAP1,0.5867944359779358,0.5533759593963623,0.5,1.0,0.7954009078663482
TopDelta,KIAA0586,0.5862897038459778,0.5268818140029907,0.65,1.0,0.9673178451524741
TopDelta,KIAA1143,0.3087887167930603,0.25116875767707825,0.15,0.9,0.6236318586050237
TopDelta,KIF11,0.4647916257381439,0.3921484053134918,0.55,1.0,0.8063470766363809
TopDelta,KIF18B,0.6545557379722595,0.5756753087043762,0.7,1.0,0.9708998199702126
TopDelta,KIN,0.6807015538215637,0.6435405015945435,0.7,1.0,0.9694851990684952
TopDelta,KRI1,0.6895601749420166,0.6597858667373657,0.85,1.0,0.9652443251138674
TopDelta,KRR1,0.6469789743423462,0.5537537336349487,0.8,1.0,0.964729737738543
TopDelta,KTI12,0.47450655698776245,0.3656865954399109,0.6,1.0,0.9508454527384481
TopDelta,LAMB1,0.5522036552429199,0.5016206502914429,0.55,1.0,0.9644672293173451
TopDelta,LAMTOR1,0.4051223397254944,0.34042060375213623,0.25,1.0,0.8901777677153521
TopDelta,LAMTOR4,0.4525156021118164,0.35896241664886475,0.6,1.0,0.8243917032242244
TopDelta,LARS,0.7015663981437683,0.6763712763786316,0.7,1.0,0.970250912217422
TopDelta,LARS2,0.5359525680541992,0.4375600516796112,0.6,1.0,0.8993911739947077
TopDelta,LAS1L,0.6693315505981445,0.6058149337768555,0.75,1.0,0.9706266714732357
TopDelta,LDB1,0.3527655303478241,0.28927165269851685,0.3,1.0,0.7972962305702446
TopDelta,LETM1,0.5757766366004944,0.48553091287612915,0.65,1.0,0.9570536400304902
TopDelta,LIMS1,0.3375827372074127,0.276356041431427,0.4,0.9,0.7249888904272528
TopDelta,LIN52,0.41827836632728577,0.40933969616889954,0.4,1.0,0.9092126000450899
TopDelta,LONP1,0.6582033038139343,0.5706390738487244,0.5,1.0,0.9615711049958885
TopDelta,LPIN1,0.3023253083229065,0.25065839290618896,0.15,0.85,0.7312781781620499
TopDelta,LRP5,0.3004890978336334,0.3003605902194977,0.25,0.75,0.6789933141919986
TopDelta,LRR1,0.5961325764656067,0.5202122926712036,0.65,1.0,0.9675805045904017
TopDelta,LSG1,0.7020136713981628,0.6536344289779663,0.75,1.0,0.9635371684698
TopDelta,LSM10,0.509166419506073,0.38180872797966003,0.5,0.95,0.9622742459881466
TopDelta,LSM12,0.5051918029785156,0.5118170976638794,0.35,1.0,0.7609667526837804
TopDelta,LSM2,0.661209225654602,0.6310451626777649,0.65,1.0,0.9317979216465867
TopDelta,LSM3,0.600333571434021,0.5547751784324646,0.55,1.0,0.7727432265393986
TopDelta,LSM4,0.666420578956604,0.6290677785873413,0.75,1.0,0.9601539499429803
TopDelta,LSM5,0.6754351854324341,0.6560136675834656,0.7,1.0,0.9122072027331408
TopDelta,LSM6,0.6764297485351562,0.6515911817550659,0.65,1.0,0.9454076398402099
TopDelta,LSM7,0.6568538546562195,0.6310909986495972,0.6,1.0,0.9326670615384051
TopDelta,LTBP3,0.37875136733055115,0.33115240931510925,0.2,0.9,0.7580936924554875
TopDelta,LTV1,0.6957505345344543,0.6776976585388184,0.75,1.0,0.9545796614722308
TopDelta,LYRM4,0.41946277022361755,0.3172360360622406,0.55,1.0,0.8024089229855549
TopDelta,MAD2L1,0.53635174036026,0.4432908296585083,0.65,1.0,0.03236126157453275
TopDelta,MAD2L2,0.4466487467288971,0.4021105468273163,0.4,0.95,0.7467965969192037
TopDelta,MAK16,0.6755190491676331,0.6269001960754395,0.8,1.0,0.9707931881644735
TopDelta,MALSU1,0.49016284942626953,0.40432846546173096,0.45,1.0,0.9147578543298739
TopDelta,MANF,0.3167944848537445,0.2564041316509247,0.4,0.9,0.571380045964366
TopDelta,MAP2K7,0.5761317014694214,0.5192353129386902,0.65,1.0,0.8702761654013174
TopDelta,MARS,0.7090954780578613,0.6643708348274231,0.6,1.0,0.9726122256397124
TopDelta,MASTL,0.33504271507263184,0.2749001383781433,0.45,0.95,0.8012437362466721
TopDelta,MAT2A,0.3496399521827698,0.2900465726852417,0.35,0.85,0.7392274070090114
TopDelta,MAX,0.508355975151062,0.42796871066093445,0.4,0.95,0.910284983818001
TopDelta,MBD3,0.40310391783714294,0.3498718738555908,0.4,0.95,0.8274456594719984
TopDelta,MBIP,0.3899249732494354,0.31862184405326843,0.4,0.95,0.8715070796973715
TopDelta,MBNL1,0.6240354180335999,0.5626128315925598,0.6,1.0,0.8806803172974293
TopDelta,MBTPS1,0.5627974271774292,0.5007590055465698,0.7,1.0,0.6635118691937901
TopDelta,MBTPS2,0.5485218167304993,0.46480605006217957,0.75,1.0,0.5774741086892736
TopDelta,MCL1,0.3884361684322357,0.3362036347389221,0.35,0.95,0.7672715083613769
TopDelta,MCM2,0.630468487739563,0.5739182233810425,0.8,1.0,0.9779384739450097
TopDelta,MCM3,0.6298633217811584,0.5964791774749756,0.75,1.0,0.9175769556467881
TopDelta,MCM3AP,0.4113273322582245,0.3424966633319855,0.55,1.0,0.7995026811513285
TopDelta,MCM5,0.5110645294189453,0.44771671295166016,0.5,1.0,0.8725803079430798
TopDelta,MCM6,0.6618745923042297,0.652016282081604,0.85,1.0,0.9802825532466454
TopDelta,MCM7,0.44760861992836,0.35842445492744446,0.4,1.0,0.930282507049338
TopDelta,MCMBP,0.5820609927177429,0.5375595092773438,0.55,1.0,0.8581886084196307
TopDelta,MDN1,0.6846334934234619,0.6390087604522705,0.75,1.0,0.9686993942236424
TopDelta,MED11,0.6589583158493042,0.6418491005897522,0.8,1.0,0.7405989638916937
TopDelta,MED14,0.6616201996803284,0.6502759456634521,0.6,1.0,0.9711182476332038
TopDelta,MED16,0.38407066464424133,0.3200221061706543,0.35,1.0,0.8750419406094583
TopDelta,MED17,0.6587939262390137,0.6258271932601929,0.75,1.0,0.9729682782201443
TopDelta,MED19,0.6232934594154358,0.6088417172431946,0.55,0.95,0.9115501644489167
TopDelta,MED20,0.6568241715431213,0.6214334964752197,0.7,1.0,0.9502736710055948
TopDelta,MED21,0.6583348512649536,0.6349354982376099,0.7,1.0,0.9784376796017619
TopDelta,MED26,0.5451014637947083,0.4958779513835907,0.4,0.9,0.9225385574393677
TopDelta,MED29,0.6453610062599182,0.6094256043434143,0.6,1.0,0.9710965170902387
TopDelta,MED30,0.6850324273109436,0.6754621267318726,0.75,1.0,0.9400006605794659
TopDelta,MED4,0.701829731464386,0.7080469727516174,0.75,1.0,0.9339496169103464
TopDelta,MED6,0.6182435154914856,0.5794959664344788,0.6,0.95,0.8554735746863077
TopDelta,MED7,0.6758362054824829,0.6710492968559265,0.75,1.0,0.9481437485967195
TopDelta,MED8,0.6757950782775879,0.6520722508430481,0.65,1.0,0.935954231893443
TopDelta,MED9,0.6609432697296143,0.6459532380104065,0.85,1.0,0.9204433336186427
TopDelta,MEN1,0.39623159170150757,0.3254227340221405,0.3,1.0,0.7691662819227111
TopDelta,METAP1,0.4572233557701111,0.38075345754623413,0.5,1.0,0.9366161491827505
TopDelta,METAP2,0.4260835647583008,0.3697081506252289,0.35,0.95,0.8206754096876951
TopDelta,METTL1,0.3387480676174164,0.2932921051979065,0.4,0.9,0.8027263184828262
TopDelta,METTL14,0.4779200255870819,0.4226188361644745,0.55,0.95,0.9174887624259651
TopDelta,METTL17,0.42049556970596313,0.35540106892585754,0.45,1.0,0.8085534766063459
TopDelta,METTL3,0.5519158840179443,0.4964574873447418,0.55,1.0,0.9070279921238452
TopDelta,MEX3A,0.5725789070129395,0.5232344269752502,0.7,1.0,0.9776935270894513
TopDelta,MICOS10,0.4893683195114136,0.41414573788642883,0.5,1.0,0.8588594735218977
TopDelta,MIOS,0.4180593490600586,0.3422759473323822,0.35,0.95,0.8322966192328318
TopDelta,MIPEP,0.3739577829837799,0.3187612295150757,0.3,0.9,0.7989642240231574
TopDelta,MIS18BP1,0.6203059554100037,0.5193213224411011,0.8,1.0,0.9501707238307471
TopDelta,MLLT6,0.5809731483459473,0.5386768579483032,0.55,0.85,0.7760424285655783
TopDelta,MMS19,0.48559120297431946,0.3987005054950714,0.5,1.0,0.9269549157390388
TopDelta,MMS22L,0.539071261882782,0.4593718349933624,0.65,1.0,0.9330210974014788
TopDelta,MNAT1,0.5022497177124023,0.44728076457977295,0.45,0.95,0.8463184236332993
TopDelta,MOB4,0.5436705350875854,0.4434565007686615,0.7,1.0,0.9498289308419579
TopDelta,MON1A,0.49340102076530457,0.3928796350955963,0.65,0.95,0.8984220108479447
TopDelta,MPG,0.4374862611293793,0.3614930212497711,0.35,0.95,0.824878989814308
TopDelta,MPHOSPH10,0.7022541761398315,0.6697171330451965,0.7,1.0,0.9627479580805618
TopDelta,MPHOSPH6,0.6186049580574036,0.5159024000167847,0.7,1.0,0.9617370415354071
TopDelta,MRGBP,0.5444545149803162,0.5529577732086182,0.5,0.95,0.5521517740798861
TopDelta,MRM1,0.6199001669883728,0.5921170115470886,0.75,1.0,0.9797917602305877
TopDelta,MRPL1,0.4470136761665344,0.3645802438259125,0.45,1.0,0.9097424007462858
TopDelta,MRPL10,0.6259741187095642,0.5484445691108704,0.6,1.0,0.9609234740221588
TopDelta,MRPL14,0.408166766166687,0.3045635223388672,0.5,0.95,0.845047219667849
TopDelta,MRPL16,0.6260164380073547,0.5818334221839905,0.65,1.0,0.945697104654632
TopDelta,MRPL18,0.6122084856033325,0.5295516848564148,0.8,1.0,0.9348128352257291
TopDelta,MRPL20,0.480399489402771,0.3871861398220062,0.55,1.0,0.9045286187116459
TopDelta,MRPL24,0.6527666449546814,0.5724091529846191,0.6,1.0,0.9606391314364733
TopDelta,MRPL27,0.6506350040435791,0.589706301689148,0.7,1.0,0.9437466067692846
TopDelta,MRPL3,0.5886021256446838,0.46784767508506775,0.65,0.95,0.9468939070921211
TopDelta,MRPL32,0.5827744603157043,0.5034469366073608,0.5,1.0,0.9248067796116367
TopDelta,MRPL34,0.7042115330696106,0.6651962995529175,0.75,1.0,0.9759863476493719
TopDelta,MRPL35,0.6980248093605042,0.6836641430854797,0.65,1.0,0.9490781356635287
TopDelta,MRPL36,0.6839935183525085,0.6667516827583313,0.6,1.0,0.9558932578360031
TopDelta,MRPL37,0.5415990352630615,0.42951488494873047,0.6,1.0,0.9249627482803177
TopDelta,MRPL38,0.5521504282951355,0.4563482701778412,0.6,1.0,0.895216693507133
TopDelta,MRPL39,0.5952214598655701,0.5335111618041992,0.45,1.0,0.9291765734823939
TopDelta,MRPL4,0.5682954788208008,0.48364752531051636,0.45,1.0,0.93323843648654
TopDelta,MRPL41,0.6542081236839294,0.5893622636795044,0.65,1.0,0.962321916158643
TopDelta,MRPL49,0.7027559280395508,0.6417316198348999,0.65,1.0,0.9382151256337596
TopDelta,MRPL50,0.45552828907966614,0.3866788446903229,0.5,1.0,0.9226432828258322
TopDelta,MRPL51,0.6069056391716003,0.5512964725494385,0.75,1.0,0.8960543082015257
TopDelta,MRPL54,0.6001237630844116,0.5395628213882446,0.75,1.0,0.9579317546175101
TopDelta,MRPL9,0.5508519411087036,0.45883527398109436,0.55,1.0,0.9280485465349337
TopDelta,MRPS10,0.5913363695144653,0.4912659823894501,0.6,1.0,0.9654173023617556
TopDelta,MRPS16,0.44979849457740784,0.36006689071655273,0.5,0.95,0.8401810842570966
TopDelta,MRPS17,0.5367862582206726,0.4654655456542969,0.4,1.0,0.9497152209654695
TopDelta,MRPS21,0.563195526599884,0.49874410033226013,0.5,1.0,0.9422492500222246
TopDelta,MRPS23,0.5635114312171936,0.4799536466598511,0.7,1.0,0.9004904147775639
TopDelta,MRPS25,0.5297165513038635,0.4710633456707001,0.6,1.0,0.7267518835306416
TopDelta,MRPS26,0.5928442478179932,0.5192283391952515,0.75,1.0,0.7122305188017682
TopDelta,MRPS30,0.6087332367897034,0.5286951065063477,0.65,1.0,0.9407323882113361
TopDelta,MRPS33,0.5295056104660034,0.418837308883667,0.6,1.0,0.943159071516235
TopDelta,MRPS34,0.594468891620636,0.5169786214828491,0.5,1.0,0.9371811804161869
TopDelta,MRPS35,0.6290287375450134,0.5531776547431946,0.65,1.0,0.8949329490043759
TopDelta,MRPS5,0.6212584376335144,0.545612633228302,0.8,1.0,0.7147846069061476
TopDelta,MRPS6,0.44251057505607605,0.40038055181503296,0.3,1.0,0.9050110424810383
TopDelta,MRPS7,0.373392790555954,0.27892202138900757,0.25,0.95,0.8227718992443221
TopDelta,MRPS9,0.5208097100257874,0.42237797379493713,0.5,1.0,0.9159987763487732
TopDelta,MSL1,0.4131777882575989,0.4137289822101593,0.15,0.95,0.7974149776283426
TopDelta,MSRB1,0.3377527594566345,0.30020707845687866,0.3,1.0,0.7831472099089276
TopDelta,MST1,0.28976738452911377,0.24085202813148499,0.3,0.9,0.6769355489093696
TopDelta,MTG2,0.38853949308395386,0.32062169909477234,0.4,0.95,0.7482215724743575
TopDelta,MTHFD1,0.38304075598716736,0.3239762783050537,0.35,0.9,0.7624093434582228
TopDelta,MTOR,0.472495436668396,0.39862772822380066,0.6,1.0,0.8547902060814792
TopDelta,MVD,0.5190189480781555,0.39513498544692993,0.5,1.0,0.877870321898481
TopDelta,MVK,0.31087955832481384,0.2439613789319992,0.2,0.8,0.5202450471294894
TopDelta,MYBBP1A,0.6800016760826111,0.6300460696220398,0.85,1.0,0.9712904622286145
TopDelta,MYBL2,0.6341416239738464,0.5934997797012329,0.75,1.0,0.9089118720240983
TopDelta,MYC,0.564246654510498,0.5382382273674011,0.55,1.0,0.9396683673766091
TopDelta,MYCBP,0.32711121439933777,0.2708216607570648,0.25,0.9,0.7429441926534636
TopDelta,MYSM1,0.358712762594223,0.2938651740550995,0.25,0.95,0.6827134619108016
TopDelta,MZT1,0.39333462715148926,0.3138352334499359,0.4,1.0,0.8724989499242404
TopDelta,NAA10,0.5942116379737854,0.5408849120140076,0.65,1.0,0.962643432805847
TopDelta,NAA15,0.4233052134513855,0.37404900789260864,0.25,1.0,0.8252786266721382
TopDelta,NAA20,0.38644108176231384,0.3236870765686035,0.4,0.9,0.7648807706863299
TopDelta,NAA25,0.5433393716812134,0.44661861658096313,0.65,0.95,0.9060280322345906
TopDelta,NAA30,0.4177069067955017,0.32945579290390015,0.4,0.9,0.8178999913143794
TopDelta,NAA35,0.3543940484523773,0.2829146683216095,0.45,0.95,0.6324237568831533
TopDelta,NAA50,0.5392014980316162,0.44635382294654846,0.6,1.0,0.9044482824102594
TopDelta,NACA,0.6797451376914978,0.6357808709144592,0.9,1.0,0.9818687483121569
TopDelta,NAF1,0.5802841186523438,0.48646605014801025,0.7,1.0,0.9507310033724808
TopDelta,NAGLU,0.279506653547287,0.22690659761428833,0.0,0.9,0.6750276228455112
TopDelta,NAPG,0.3934684097766876,0.3174833655357361,0.4,0.95,0.7953128061273033
TopDelta,NARS,0.7020935416221619,0.6817836761474609,0.45,1.0,0.9531734384954045
TopDelta,NARS2,0.35101553797721863,0.27950334548950195,0.2,0.85,0.8017121103925955
TopDelta,NBAS,0.5967293977737427,0.520825207233429,0.55,1.0,0.9165833269365493
TopDelta,NCAPD2,0.3321811258792877,0.28267335891723633,0.2,0.85,0.7702680484225818
TopDelta,NCAPG2,0.5580657720565796,0.48712775111198425,0.6,1.0,0.9664088396322371
TopDelta,NCAPH2,0.6455609798431396,0.5788607597351074,0.8,1.0,0.9768961950059387
TopDelta,NCKAP1,0.36081093549728394,0.3201574981212616,0.35,1.0,0.8133915756708429
TopDelta,NDC1,0.3744714558124542,0.35464125871658325,0.2,0.95,0.7493369138744915
TopDelta,NDUFA11,0.48548513650894165,0.38950037956237793,0.6,1.0,0.8463934907757179
TopDelta,NDUFA2,0.5905398726463318,0.5636631846427917,0.45,0.95,0.9198427922899359
TopDelta,NDUFA3,0.6106191873550415,0.5286502242088318,0.65,0.95,0.8347280562776759
TopDelta,NDUFA6,0.5966792702674866,0.5082577466964722,0.7,1.0,0.958577856867921
TopDelta,NDUFAB1,0.646314263343811,0.5938321948051453,0.7,1.0,0.9678350882928948
TopDelta,NDUFAF3,0.37907567620277405,0.303633451461792,0.4,0.85,0.44908470742614176
TopDelta,NDUFAF5,0.45128047466278076,0.3794263005256653,0.6,1.0,0.9237063848382222
TopDelta,NDUFAF7,0.6138965487480164,0.5049173831939697,0.75,1.0,0.9410356344184497
TopDelta,NDUFB3,0.45142459869384766,0.3517664670944214,0.5,1.0,0.8790416226875177
TopDelta,NDUFB4,0.6210852265357971,0.5387077331542969,0.7,1.0,0.9526532753133394
TopDelta,NDUFB8,0.5813009142875671,0.4929441809654236,0.7,1.0,0.959585516618251
TopDelta,NDUFS3,0.553443968296051,0.4516785442829132,0.6,1.0,0.9331541679420785
TopDelta,NELFA,0.6075969338417053,0.5997835397720337,0.5,1.0,0.8787034197414811
TopDelta,NELFB,0.5933921933174133,0.5513176321983337,0.4,1.0,0.884425638733829
TopDelta,NELFCD,0.5518970489501953,0.5038565993309021,0.4,1.0,0.8799921579257473
TopDelta,NELFE,0.6050077080726624,0.5976961255073547,0.55,1.0,0.8821225972916446
TopDelta,NEMF,0.3236222565174103,0.270349383354187,0.2,0.9,0.720216407646048
TopDelta,NFATC2IP,0.3056838810443878,0.2659127116203308,0.2,0.8,0.5611930496963948
TopDelta,NFKBIE,0.432041734457016,0.3812052309513092,0.3,0.85,0.6902968477682314
TopDelta,NFRKB,0.5098546147346497,0.42530736327171326,0.55,1.0,0.8825985760304432
TopDelta,NFS1,0.6020675301551819,0.5513580441474915,0.7,1.0,0.9688089177366099
TopDelta,NFYB,0.3702710270881653,0.3187337815761566,0.3,1.0,0.7056202053565237
TopDelta,NFYC,0.41829153895378113,0.4217185080051422,0.15,1.0,0.9131475330582899
TopDelta,NHLRC2,0.33297672867774963,0.2832235097885132,0.35,0.85,0.8144320202247387
TopDelta,NHP2,0.5947639346122742,0.4916365146636963,0.85,1.0,0.968517291706958
TopDelta,NIFK,0.67836594581604,0.6522789597511292,0.7,0.95,0.9193712867940447
TopDelta,NIP7,0.6221964955329895,0.5286016464233398,0.75,1.0,0.9591362038412571
TopDelta,NISCH,0.3516658842563629,0.2744745910167694,0.25,1.0,0.6534663394830803
TopDelta,NKAP,0.6951007843017578,0.6986015439033508,0.6,1.0,0.9637470566648232
TopDelta,NKAPD1,0.3862990140914917,0.32010984420776367,0.3,0.9,0.5861280989590497
TopDelta,NLE1,0.6886661648750305,0.6540511846542358,0.7,1.0,0.9504333621506439
TopDelta,NMD3,0.6919664144515991,0.6368745565414429,0.65,1.0,0.9622424507653015
TopDelta,NOB1,0.635531485080719,0.5494446754455566,0.65,1.0,0.9306691274176614
TopDelta,NOC3L,0.6865769624710083,0.632912814617157,0.65,1.0,0.9691628059285166
TopDelta,NOC4L,0.6852471232414246,0.6266465187072754,0.8,1.0,0.9630134891768338
TopDelta,NOL10,0.6697353720664978,0.6321977972984314,0.75,1.0,0.9602632681705056
TopDelta,NOL11,0.6806769371032715,0.6438508629798889,0.65,1.0,0.9619830702433954
TopDelta,NOL12,0.6583244204521179,0.6018027663230896,0.7,1.0,0.9695919640597769
TopDelta,NOL6,0.7036904692649841,0.6615774631500244,0.8,1.0,0.9673349841101783
TopDelta,NOL7,0.396239697933197,0.3253868818283081,0.4,0.95,0.8281851613947873
TopDelta,NOL8,0.6858039498329163,0.6564054489135742,0.7,1.0,0.9720926121192038
TopDelta,NOLC1,0.6233893632888794,0.5617018938064575,0.7,1.0,0.9375183615153309
TopDelta,NOM1,0.6777663230895996,0.6463502049446106,0.8,1.0,0.9802435212795519
TopDelta,NOMO1,0.3875992000102997,0.34631338715553284,0.3,0.85,0.7847408990171285
TopDelta,NOP14,0.696508526802063,0.6766273379325867,0.75,1.0,0.9676412966238066
TopDelta,NOP16,0.6701464056968689,0.600130558013916,0.8,1.0,0.9638133111050992
TopDelta,NOP58,0.6741847991943359,0.6410126686096191,0.75,1.0,0.9575704472926309
TopDelta,NOP9,0.3665844798088074,0.296021431684494,0.45,0.95,0.8410650285670693
TopDelta,NOS1AP,0.3288663923740387,0.26477327942848206,0.2,0.85,0.6660010197168759
TopDelta,NPLOC4,0.6791337728500366,0.6688537001609802,0.65,1.0,0.9761348626179105
TopDelta,NPM1,0.5149750709533691,0.5243911147117615,0.65,1.0,0.5347284068484512
TopDelta,NRBP1,0.4681881368160248,0.3897240459918976,0.45,0.95,0.7686524432058862
TopDelta,NRDE2,0.547949492931366,0.5077473521232605,0.5,1.0,0.8336375781801343
TopDelta,NSA2,0.6841186881065369,0.6301966309547424,0.8,1.0,0.9748211675780851
TopDelta,NSMCE2,0.462838351726532,0.3659014403820038,0.55,0.95,0.7363978364541242
TopDelta,NSUN4,0.35877111554145813,0.28502699732780457,0.4,0.9,0.7692830401618529
TopDelta,NUB1,0.3954978287220001,0.35634297132492065,0.4,0.95,0.7376450063180618
TopDelta,NUBP2,0.34303972125053406,0.3051024079322815,0.1,0.9,0.5823343249412624
TopDelta,NUDC,0.6037380695343018,0.5201660394668579,0.75,1.0,0.9442512893929923
TopDelta,NUDCD3,0.5547845363616943,0.5089868903160095,0.65,0.95,0.8796985977224393
TopDelta,NUDT15,0.3318895697593689,0.28237712383270264,0.2,1.0,0.7130875122384825
TopDelta,NUFIP1,0.4266101121902466,0.33224737644195557,0.45,1.0,0.8926432508193437
TopDelta,NUP107,0.6525857448577881,0.639710009098053,0.5,1.0,0.9587486763869161
TopDelta,NUP133,0.5503312945365906,0.4997120797634125,0.55,1.0,0.9179352297871776
TopDelta,NUP153,0.5824448466300964,0.5574533939361572,0.45,1.0,0.9158082950802596
TopDelta,NUP160,0.6551740169525146,0.6363016963005066,0.6,1.0,0.9631478132188069
TopDelta,NUP214,0.5347896218299866,0.4699818789958954,0.45,0.95,0.8027395515148312
TopDelta,NUP35,0.31460148096084595,0.25368139147758484,0.15,0.9,0.7353930385040952
TopDelta,NUP43,0.3354197144508362,0.27114138007164,0.25,1.0,0.7418053149302299
TopDelta,NUP54,0.6321301460266113,0.531041145324707,0.75,1.0,0.9698425335440723
TopDelta,NUP62,0.6419293284416199,0.576991856098175,0.55,1.0,0.9630383424877209
TopDelta,NUP85,0.5548377633094788,0.5063949823379517,0.5,1.0,0.8734557414801217
TopDelta,NUP88,0.6219769716262817,0.5895248055458069,0.55,1.0,0.7694998129491747
TopDelta,NUP98,0.682373046875,0.667701780796051,0.7,1.0,0.96811663119818
TopDelta,NUTF2,0.6230062246322632,0.6081261038780212,0.65,1.0,0.9479190456627139
TopDelta,NVL,0.6793363690376282,0.6372482776641846,0.75,1.0,0.9747327111791328
TopDelta,OGFOD1,0.45042839646339417,0.3996143043041229,0.55,1.0,0.9158861857825856
TopDelta,OIP5,0.28672492504119873,0.2317500114440918,0.15,0.95,0.7399136385656366
TopDelta,OLFML3,0.35447636246681213,0.3168681859970093,0.15,0.95,0.7375607861696144
TopDelta,OPA1,0.6029152870178223,0.4969983398914337,0.55,0.95,0.9736070714838524
TopDelta,ORC3,0.34883537888526917,0.3123641908168793,0.3,0.8,0.433797408285357
TopDelta,ORC4,0.3073274493217468,0.2613016366958618,0.2,0.9,0.5102725500717193
TopDelta,ORC5,0.3727765381336212,0.3141011595726013,0.25,0.9,0.6150806560531143
TopDelta,ORC6,0.5839859247207642,0.5025851130485535,0.75,1.0,0.9602647006968683
TopDelta,OSGEP,0.4175257384777069,0.33195099234580994,0.45,1.0,0.9008733325225096
TopDelta,OSTC,0.4747433364391327,0.37962737679481506,0.5,1.0,0.8966937708628263
TopDelta,PABPC1,0.6578200459480286,0.6799792647361755,0.55,1.0,0.9665494583502143
TopDelta,PABPC4,0.4503813087940216,0.414029598236084,0.45,0.9,0.6425830852497549
TopDelta,PABPN1,0.5438583493232727,0.5365528464317322,0.3,1.0,0.8979294542851581
TopDelta,PAF1,0.6636449098587036,0.6412399411201477,0.6,1.0,0.9414447941584707
TopDelta,PALB2,0.4160679280757904,0.33298152685165405,0.3,0.9,0.642607487528726
TopDelta,PAM16,0.7423878908157349,0.700452446937561,0.55,1.0,0.9734446232916762
TopDelta,PARN,0.4002971947193146,0.3143947124481201,0.6,1.0,0.8202287201048527
TopDelta,PAXBP1,0.5496706366539001,0.5088210105895996,0.3,1.0,0.930139116046073
TopDelta,PCBP1,0.6178914308547974,0.5842517614364624,0.65,1.0,0.9299397625879924
TopDelta,PCID2,0.40025773644447327,0.34484192728996277,0.25,0.9,0.7186400546009006
TopDelta,PCNA,0.62568199634552,0.6074253916740417,0.75,1.0,0.9421226099573934
TopDelta,PCNX3,0.3505423963069916,0.29808440804481506,0.35,0.95,0.820515555267988
TopDelta,PDAP1,0.3926284909248352,0.31564319133758545,0.25,0.95,0.7888945452290658
TopDelta,PDCD11,0.687235414981842,0.6775069236755371,0.75,1.0,0.9572701214758534
TopDelta,PDCD5,0.49417757987976074,0.39713090658187866,0.45,0.95,0.817500579653739
TopDelta,PDCD6,0.38462623953819275,0.34237998723983765,0.2,0.95,0.7649027978992019
TopDelta,PDCD6IP,0.3511134386062622,0.2725037932395935,0.35,0.95,0.5724100330248167
TopDelta,PDHA1,0.43440330028533936,0.3869640827178955,0.45,0.95,0.7712366035235512
TopDelta,PDRG1,0.616411566734314,0.5781340003013611,0.55,1.0,0.9195587225661342
TopDelta,PELP1,0.6617200374603271,0.6156291365623474,0.7,1.0,0.9722190863366337
TopDelta,PES1,0.6949140429496765,0.6555550694465637,0.75,1.0,0.9747625788329238
TopDelta,PET117,0.47614341974258423,0.40556421875953674,0.45,1.0,0.8926205019152924
TopDelta,PEX19,0.43737107515335083,0.3839169144630432,0.3,1.0,0.7052692068832215
TopDelta,PFDN2,0.6705163717269897,0.6401920914649963,0.55,0.95,0.6188414039002569
TopDelta,PFDN4,0.35780444741249084,0.3033336102962494,0.35,0.95,0.8297288592156433
TopDelta,PFDN6,0.432790070772171,0.3525458872318268,0.5,1.0,0.8409703643870096
TopDelta,PFN1,0.4254471957683563,0.47497066855430603,0.55,1.0,0.4992168982120616
TopDelta,PGAM1,0.3878421187400818,0.3966953158378601,0.2,0.6,0.9262201451257863
TopDelta,PGD,0.36401134729385376,0.28931862115859985,0.25,1.0,0.8294932938765878
TopDelta,PGK1,0.3540574908256531,0.35043516755104065,0.35,0.85,0.8100780182125473
TopDelta,PGPEP1,0.5258249044418335,0.45161429047584534,0.5,1.0,0.9461901738797445
TopDelta,PGS1,0.4777827560901642,0.36577892303466797,0.5,1.0,0.9599544310842588
TopDelta,PHB,0.7427747845649719,0.7113620638847351,0.7,1.0,0.9641904650191981
TopDelta,PHB2,0.7354710698127747,0.7037917971611023,0.75,1.0,0.9844370238778946
TopDelta,PHF12,0.38962122797966003,0.32559654116630554,0.35,1.0,0.8286942180526329
TopDelta,PI4KA,0.45060494542121887,0.39807528257369995,0.3,1.0,0.6593005498973664
TopDelta,PIAS1,0.43823376297950745,0.41775017976760864,0.15,0.85,0.7448858060735964
TopDelta,PIGH,0.3905493915081024,0.2958309054374695,0.55,1.0,0.8938977534678111
TopDelta,PITRM1,0.3509308695793152,0.29225683212280273,0.2,0.9,0.6066047256318683
TopDelta,PLEKHN1,0.4046037793159485,0.3152862787246704,0.45,0.9,0.5056423844940388
TopDelta,PLK1,0.4923125207424164,0.443983793258667,0.55,0.95,0.779469916635922
TopDelta,PLK4,0.6432967782020569,0.5987555980682373,0.45,1.0,0.9544430388758335
TopDelta,PMF1,0.6682084202766418,0.6212295293807983,0.85,1.0,0.9805801664577719
TopDelta,PMPCA,0.64234858751297,0.5555119514465332,0.7,1.0,0.9714819190421589
TopDelta,PMPCB,0.7361608743667603,0.7182921171188354,0.6,1.0,0.9722973271625157
TopDelta,PNKP,0.45402827858924866,0.38047486543655396,0.35,0.9,0.8272840421613715
TopDelta,PNN,0.5657240748405457,0.5221911668777466,0.7,1.0,0.8750916611706225
TopDelta,PNO1,0.696551501750946,0.6892176866531372,0.7,1.0,0.9598821636598949
TopDelta,PNPT1,0.6218916773796082,0.5613700151443481,0.5,1.0,0.9340116974084567
TopDelta,POGLUT3,0.4475947916507721,0.3822213411331177,0.35,1.0,0.8349243840295317
TopDelta,POGZ,0.3891730308532715,0.3126958906650543,0.4,0.9,0.7659776254114088
TopDelta,POLA1,0.6096153259277344,0.5851700901985168,0.6,1.0,0.9663146311544216
TopDelta,POLD1,0.6400328278541565,0.597870409488678,0.7,1.0,0.9588435772720396
TopDelta,POLD2,0.6271855235099792,0.5876590609550476,0.7,1.0,0.9648076341857245
TopDelta,POLE,0.6165258288383484,0.5682515501976013,0.65,1.0,0.9652701811086104
TopDelta,POLG2,0.35764801502227783,0.2593834698200226,0.35,0.85,0.702025489442396
TopDelta,POLL,0.6175087094306946,0.5804896354675293,0.6,0.95,0.8864673266763001
TopDelta,POLR1D,0.6682301163673401,0.6308024525642395,0.8,1.0,0.9605970264834033
TopDelta,POLR1E,0.6816412806510925,0.6443047523498535,0.8,1.0,0.9687832667508344
TopDelta,POLR2B,0.6944170594215393,0.6968937516212463,0.75,1.0,0.7692405408561901
TopDelta,POLR2C,0.6855397820472717,0.675006091594696,0.75,1.0,0.922183578807502
TopDelta,POLR2E,0.6704646944999695,0.6617638468742371,0.65,1.0,0.9530569506542245
TopDelta,POLR2F,0.6522407531738281,0.619301974773407,0.75,1.0,0.9260793650054352
TopDelta,POLR2G,0.6900554299354553,0.6863234043121338,0.8,1.0,0.953981708219006
TopDelta,POLR2H,0.6579315066337585,0.6349731683731079,0.7,1.0,0.9434304759208456
TopDelta,POLR2I,0.6933289170265198,0.6936923265457153,0.6,1.0,0.955568890485185
TopDelta,POLR2K,0.6919171810150146,0.6750616431236267,0.7,0.95,0.9117949317828603
TopDelta,POLR2M,0.46335968375205994,0.40734007954597473,0.5,0.95,0.6986474933359268
TopDelta,POLR3B,0.6200687289237976,0.5602180361747742,0.7,1.0,0.9517218554170129
TopDelta,POLR3C,0.48554885387420654,0.4175838232040405,0.45,1.0,0.864532968731335
TopDelta,POLR3D,0.6742745041847229,0.630220890045166,0.5,1.0,0.9437913678121927
TopDelta,POLR3E,0.42920249700546265,0.3437586724758148,0.5,1.0,0.9067378494423105
TopDelta,POLR3F,0.5229883790016174,0.45389071106910706,0.4,1.0,0.912368602112128
TopDelta,POLR3K,0.4883199632167816,0.45254218578338623,0.35,1.0,0.9519563263178301
TopDelta,POLRMT,0.7310689687728882,0.6192453503608704,0.6,1.0,0.9808402419074558
TopDelta,POP1,0.6732100248336792,0.6213333010673523,0.85,1.0,0.9677262316866952
TopDelta,POP4,0.6934490203857422,0.6658720970153809,0.75,1.0,0.9646184530387444
TopDelta,POP5,0.6461778283119202,0.5655432939529419,0.8,1.0,0.9626112300801445
TopDelta,POP7,0.6682713627815247,0.6166837215423584,0.75,1.0,0.9295000414283786
TopDelta,PPA1,0.41920605301856995,0.35707980394363403,0.55,1.0,0.9411400303617057
TopDelta,PPA2,0.44477561116218567,0.3492198884487152,0.6,1.0,0.6993552924653637
TopDelta,PPAN,0.6825076937675476,0.6353097558021545,0.75,1.0,0.965958247004602
TopDelta,PPIA,0.37426841259002686,0.3627883791923523,0.35,0.9,0.8257495723383358
TopDelta,PPIL2,0.6309088468551636,0.5793803334236145,0.65,1.0,0.9681895782985647
TopDelta,PPME1,0.45779532194137573,0.36046138405799866,0.5,1.0,0.8658086939512811
TopDelta,PPP1R11,0.6039197444915771,0.5485861897468567,0.55,0.95,0.8601458340089664
TopDelta,PPP1R15B,0.5508226156234741,0.47218257188796997,0.5,1.0,0.9171708230280058
TopDelta,PPP1R2,0.5041261911392212,0.46617257595062256,0.45,1.0,0.8980847319928851
TopDelta,PPP1R37,0.3581777811050415,0.3021186292171478,0.35,0.95,0.7200479592931796
TopDelta,PPP1R8,0.4614648222923279,0.40085405111312866,0.45,1.0,0.8556170237790602
TopDelta,PPP2CA,0.4026084840297699,0.323268860578537,0.45,1.0,0.8423391144709799
TopDelta,PPP2R1A,0.4593466818332672,0.3947659432888031,0.4,1.0,0.859528943189753
TopDelta,PPP2R3C,0.46107539534568787,0.4021041691303253,0.65,0.95,0.6752461903369075
TopDelta,PPP6C,0.5784884095191956,0.565746545791626,0.55,0.95,0.9168573460992216
TopDelta,PPRC1,0.6155897974967957,0.48252007365226746,0.75,1.0,0.8966301836927462
TopDelta,PRC1,0.35472729802131653,0.28090426325798035,0.35,0.85,0.6113972679391119
TopDelta,PRDM4,0.3416139483451843,0.27295228838920593,0.5,0.9,0.8425283102131613
TopDelta,PRELID1,0.7256361842155457,0.6861758828163147,0.6,1.0,0.9773344579551712
TopDelta,PRELID3B,0.7415053248405457,0.718517005443573,0.8,1.0,0.9763912039391947
TopDelta,PRIM1,0.6076074242591858,0.5755199790000916,0.75,1.0,0.9709896708723458
TopDelta,PRIM2,0.58716881275177,0.5411245822906494,0.65,1.0,0.964955898097281
TopDelta,PRKCA,0.3555684983730316,0.29945796728134155,0.3,0.95,0.7342557554447124
TopDelta,PRORP,0.3879655599594116,0.30751094222068787,0.55,0.95,0.8132356488936269
TopDelta,PRPF19,0.6205559968948364,0.6057900786399841,0.55,1.0,0.8846096485927882
TopDelta,PRPF3,0.677452802658081,0.6698737144470215,0.65,1.0,0.9631760045777531
TopDelta,PRPF31,0.6860064268112183,0.6694032549858093,0.65,1.0,0.963011626130621
TopDelta,PRPF39,0.49554476141929626,0.4032135009765625,0.4,1.0,0.9275133263112483
TopDelta,PRPF4,0.6755048036575317,0.6611181497573853,0.75,1.0,0.9264606482111898
TopDelta,PRPF40A,0.610893189907074,0.5795716047286987,0.6,1.0,0.9247448396019907
TopDelta,PRPF4B,0.5130620002746582,0.4327639937400818,0.6,1.0,0.9131384758956553
TopDelta,PRPF8,0.6764716506004333,0.6491560339927673,0.7,1.0,0.9569903045366372
TopDelta,PRRC2A,0.5831551551818848,0.5326868295669556,0.6,1.0,0.940867090228899
TopDelta,PSAT1,0.3756265640258789,0.33405986428260803,0.4,0.95,0.7652110101489562
TopDelta,PSMA3,0.7611939907073975,0.7659908533096313,0.65,1.0,0.976572193322093
TopDelta,PSMA4,0.7510241866111755,0.7660945057868958,0.55,1.0,0.972453437954854
TopDelta,PSMB1,0.6733751893043518,0.6521199345588684,0.7,1.0,0.9846004487595262
TopDelta,PSMB2,0.7448272705078125,0.7578608393669128,0.7,1.0,0.9694423315551356
TopDelta,PSMB3,0.7516978979110718,0.7501458525657654,0.65,1.0,0.9787059730722598
TopDelta,PSMB5,0.7566888928413391,0.7731456756591797,0.65,1.0,0.9735154043356762
TopDelta,PSMC1,0.7555544972419739,0.7629522085189819,0.65,1.0,0.9654570419162318
TopDelta,PSMC4,0.723162829875946,0.7310477495193481,0.8,1.0,0.9769017397579062
TopDelta,PSMC5,0.7603776454925537,0.7818053960800171,0.6,1.0,0.9789840203785025
TopDelta,PSMD11,0.7320170402526855,0.7418147921562195,0.7,1.0,0.9806759835246005
TopDelta,PSMD14,0.7243890762329102,0.7297056317329407,0.8,1.0,0.9818165809177365
TopDelta,PSMD4,0.6247941255569458,0.5634549260139465,0.65,1.0,0.9760920303350805
TopDelta,PSME1,0.32338497042655945,0.2771419584751129,0.3,0.95,0.6755685349249569
TopDelta,PSME2,0.3554448187351227,0.3158782720565796,0.3,1.0,0.6710585493804296
TopDelta,PSMG1,0.35142281651496887,0.3261200487613678,0.1,0.95,0.5061261309806986
TopDelta,PSMG2,0.3179926574230194,0.254629909992218,0.3,0.9,0.6799270061381348
TopDelta,PTCD1,0.4999840557575226,0.3931940793991089,0.55,1.0,0.8640526452729381
TopDelta,PTCD3,0.39690324664115906,0.33975058794021606,0.35,1.0,0.81216818407288
TopDelta,PTEN,0.4517447054386139,0.39626196026802063,0.5,1.0,0.8219450262303587
TopDelta,PTGR2,0.3690341114997864,0.3024198114871979,0.25,0.95,0.6492695317969378
TopDelta,PTMA,0.5300769209861755,0.5530315637588501,0.55,1.0,0.6965675979630197
TopDelta,PTPMT1,0.3339115381240845,0.2793434262275696,0.3,0.9,0.6338253944923091
TopDelta,PTPN1,0.3250682055950165,0.2625281512737274,0.35,1.0,0.765416725799446
TopDelta,PTPN11,0.34819310903549194,0.2790968120098114,0.5,0.95,0.7639906103933854
TopDelta,PUF60,0.5066649317741394,0.4748765826225281,0.25,0.95,0.7352420219156671
TopDelta,PXN,0.5361915230751038,0.4519496560096741,0.65,1.0,0.9809519391503624
TopDelta,PYROXD1,0.453605592250824,0.3586317300796509,0.55,0.95,0.9193751024061779
TopDelta,PYURF,0.6314822435379028,0.5506125092506409,0.75,1.0,0.938611195858267
TopDelta,QARS,0.6974074244499207,0.691123902797699,0.6,1.0,0.962236016597827
TopDelta,QRSL1,0.38776007294654846,0.31075647473335266,0.45,1.0,0.871064441338902
TopDelta,RAB4A,0.3831515908241272,0.3292481601238251,0.3,0.9,0.6692263053153098
TopDelta,RAB4B,0.33281409740448,0.26302042603492737,0.3,0.95,0.8309695059416883
TopDelta,RAB6A,0.4574095904827118,0.3939674496650696,0.45,0.95,0.9017829871207595
TopDelta,RABGGTA,0.6696442365646362,0.6874068379402161,0.6,1.0,0.9632620117008734
TopDelta,RABGGTB,0.6510318517684937,0.6210257411003113,0.7,1.0,0.9576995523053691
TopDelta,RAC1,0.36789894104003906,0.31344491243362427,0.1,0.8,0.7118234859027891
TopDelta,RAC3,0.6487328410148621,0.6160278916358948,0.6,1.0,0.9839844357500513
TopDelta,RAD51,0.5901637077331543,0.5196160674095154,0.75,1.0,0.9632081562680036
TopDelta,RAD51C,0.40520575642585754,0.3456805944442749,0.35,0.95,0.8446423344248652
TopDelta,RAD51D,0.3290441632270813,0.26105839014053345,0.2,0.75,0.6511627136599577
TopDelta,RAD9A,0.4077666997909546,0.33006757497787476,0.45,0.9,0.8427135049006529
TopDelta,RAE1,0.6429165005683899,0.5743431448936462,0.8,0.95,0.9577544088480631
TopDelta,RAMAC,0.4902653694152832,0.3680027723312378,0.55,0.95,0.9239300858812705
TopDelta,RAN,0.6369701027870178,0.5995875000953674,0.65,1.0,0.9707611184238397
TopDelta,RARS,0.6928621530532837,0.6449226140975952,0.7,1.0,0.9689894064748239
TopDelta,RARS2,0.585423469543457,0.5334749221801758,0.65,1.0,0.9602778610866081
TopDelta,RBBP4,0.30264922976493835,0.24769404530525208,0.3,0.8,0.5161226103102254
TopDelta,RBBP5,0.5628178119659424,0.498080849647522,0.6,1.0,0.9346919058680436
TopDelta,RBBP8,0.6167771220207214,0.5401528477668762,0.75,1.0,0.9805182355950588
TopDelta,RBM10,0.44015035033226013,0.3960234820842743,0.35,0.95,0.7609939184957729
TopDelta,RBM15,0.47331729531288147,0.41999804973602295,0.35,1.0,0.8377068220560252
TopDelta,RBM17,0.4922974705696106,0.43526360392570496,0.4,0.95,0.864987676798137
TopDelta,RBM19,0.634163498878479,0.5712408423423767,0.6,1.0,0.9605386531089515
TopDelta,RBM28,0.6805741190910339,0.6377596855163574,0.75,1.0,0.9746495182332876
TopDelta,RBM33,0.40578263998031616,0.34566575288772583,0.15,0.85,0.7550663917704418
TopDelta,RBM4,0.38190218806266785,0.3156988024711609,0.35,0.8,0.6376570288035448
TopDelta,RBM42,0.6059452295303345,0.5327528715133667,0.65,1.0,0.926774137403274
TopDelta,RBM48,0.45552024245262146,0.3603236675262451,0.6,1.0,0.9303052065454824
TopDelta,RBMX2,0.6155316233634949,0.6413293480873108,0.3,0.95,0.8925079538455248
TopDelta,RBMXL1,0.41728368401527405,0.33933401107788086,0.4,0.95,0.8106179892352516
TopDelta,RBX1,0.5659359693527222,0.49696528911590576,0.5,1.0,0.9383268790955395
TopDelta,RCC1,0.550214409828186,0.47762027382850647,0.55,1.0,0.9426688457340492
TopDelta,RCL1,0.709725022315979,0.6898188591003418,0.8,1.0,0.9695503734780435
TopDelta,RFC2,0.5748994946479797,0.4859693944454193,0.8,1.0,0.9489824536137375
TopDelta,RFC3,0.5866538286209106,0.5216871500015259,0.65,1.0,0.9442478191123888
TopDelta,RFC4,0.5491002798080444,0.46509888768196106,0.7,1.0,0.9590521995143232
TopDelta,RFC5,0.4252258241176605,0.34885892271995544,0.35,0.95,0.8320181836192643
TopDelta,RHOQ,0.3817184865474701,0.3339542746543884,0.25,0.95,0.5762575297137027
TopDelta,RINT1,0.48941749334335327,0.4018779695034027,0.45,1.0,0.9251767633730866
TopDelta,RIOK1,0.7097175717353821,0.6750553846359253,0.75,1.0,0.9383776673355819
TopDelta,RMI1,0.3439318835735321,0.2760637104511261,0.25,0.9,0.6927200853901059
TopDelta,RNASEH2C,0.4700091481208801,0.4895387887954712,0.4,0.95,0.3658921273168683
TopDelta,RNF103,0.3830881714820862,0.29563915729522705,0.45,0.9,0.562685328800981
TopDelta,RNF113A,0.6687372922897339,0.6772664785385132,0.55,1.0,0.9477986615489234
TopDelta,RNF123,0.3045800030231476,0.25365427136421204,0.05,0.85,0.45695423618668557
TopDelta,RNF14,0.3014691174030304,0.2321750968694687,0.15,0.95,0.7009190759823318
TopDelta,RNF8,0.2827872335910797,0.23293960094451904,0.2,1.0,0.7302070887834158
TopDelta,RNGTT,0.414524108171463,0.3558059334754944,0.2,1.0,0.8278422141152035
TopDelta,RNPC3,0.5048207640647888,0.4308941960334778,0.5,1.0,0.9271907796516974
TopDelta,ROMO1,0.5159505605697632,0.40600118041038513,0.5,1.0,0.9213943220166564
TopDelta,RPA1,0.6299182176589966,0.5917988419532776,0.65,1.0,0.9636739111414003
TopDelta,RPA2,0.6370562314987183,0.6075440049171448,0.65,1.0,0.9480698916051139
TopDelta,RPA3,0.617582380771637,0.5854783058166504,0.6,1.0,0.9598145706604579
TopDelta,RPAP1,0.6981093287467957,0.6849251389503479,0.8,0.95,0.8020936147219908
TopDelta,RPAP2,0.6950598955154419,0.6667440533638,0.75,1.0,0.7555615532632726
TopDelta,RPAP3,0.5634838938713074,0.5048778653144836,0.45,1.0,0.8435488401269773
TopDelta,RPF1,0.6658191084861755,0.6262962818145752,0.65,1.0,0.9625270246441059
TopDelta,RPIA,0.45206519961357117,0.38909488916397095,0.35,1.0,0.4432939925969013
TopDelta,RPL10,0.6600015163421631,0.6768460273742676,0.55,1.0,0.7764900898736325
TopDelta,RPL10A,0.7054232954978943,0.705774188041687,0.6,1.0,0.9502746704958778
TopDelta,RPL11,0.6849985122680664,0.6755621433258057,0.7,1.0,0.9705903776227207
TopDelta,RPL13,0.6661192774772644,0.6982758641242981,0.65,1.0,0.7602320380087126
TopDelta,RPL14,0.6794050931930542,0.7019550204277039,0.5,1.0,0.8574417565336447
TopDelta,RPL15,0.6950713992118835,0.6699596047401428,0.55,1.0,0.952959027780081
TopDelta,RPL17,0.6901895999908447,0.723466694355011,0.5,1.0,0.8222320055604935
TopDelta,RPL18,0.7002546787261963,0.7024771571159363,0.55,1.0,0.9635488469137303
TopDelta,RPL18A,0.7023620009422302,0.6687787771224976,0.7,1.0,0.9649162997613254
TopDelta,RPL23,0.7156501412391663,0.7219016551971436,0.6,1.0,0.9483358730397584
TopDelta,RPL23A,0.6997462511062622,0.6960898637771606,0.6,1.0,0.9532533333827349
TopDelta,RPL24,0.7190271019935608,0.7111138701438904,0.75,1.0,0.9705362878562895
TopDelta,RPL26,0.6820616126060486,0.6564853191375732,0.65,1.0,0.9651861038208969
TopDelta,RPL27A,0.6932334899902344,0.6646510362625122,0.6,1.0,0.9542206814533533
TopDelta,RPL28,0.5143502354621887,0.4441695809364319,0.5,1.0,0.902694745358865
TopDelta,RPL29,0.3119834363460541,0.371420294046402,0.25,1.0,0.5383560744861265
TopDelta,RPL30,0.699092447757721,0.7043219208717346,0.5,1.0,0.9556694439924459
TopDelta,RPL31,0.6935147643089294,0.6878666877746582,0.4,1.0,0.9542980709931203
TopDelta,RPL32,0.6772482991218567,0.6970551609992981,0.5,1.0,0.8140303364575027
TopDelta,RPL34,0.6827684044837952,0.70244961977005,0.6,1.0,0.8210828105430704
TopDelta,RPL35,0.6958128213882446,0.6950796842575073,0.6,1.0,0.9651635323523514
TopDelta,RPL35A,0.7033444046974182,0.7118146419525146,0.55,1.0,0.9485554909122236
TopDelta,RPL36,0.698203980922699,0.6976479291915894,0.55,1.0,0.9528204208841659
TopDelta,RPL36A,0.5357286930084229,0.5273754000663757,0.75,1.0,0.6147757288037582
TopDelta,RPL37A,0.6651144623756409,0.6814082264900208,0.55,1.0,0.8074192839203278
TopDelta,RPL38,0.6881701946258545,0.6628211736679077,0.6,1.0,0.955415601571214
TopDelta,RPL4,0.7101974487304688,0.7095508575439453,0.6,1.0,0.9584783976019147
TopDelta,RPL41,0.3333500027656555,0.2697141468524933,0.2,0.75,0.6033504667781383
TopDelta,RPL5,0.7067427039146423,0.7009036540985107,0.65,1.0,0.9775118694808487
TopDelta,RPL6,0.6990917325019836,0.685748815536499,0.55,1.0,0.9596833766486588
TopDelta,RPL7,0.7047866582870483,0.7029455304145813,0.6,1.0,0.9586615061125444
TopDelta,RPL7L1,0.6779666543006897,0.6413037776947021,0.75,1.0,0.9632332174327171
TopDelta,RPL8,0.6883910894393921,0.6773398518562317,0.5,1.0,0.9471482401242405
TopDelta,RPL9,0.6921231150627136,0.6671055555343628,0.7,1.0,0.9600301361504707
TopDelta,RPLP0,0.7127842903137207,0.7097988128662109,0.6,1.0,0.9734519952033067
TopDelta,RPP14,0.6865251660346985,0.6615698337554932,0.7,1.0,0.9576470409135286
TopDelta,RPP21,0.4312272071838379,0.3477495610713959,0.45,1.0,0.8979765083673406
TopDelta,RPP30,0.6788510680198669,0.6511309146881104,0.7,1.0,0.9561125019689909
TopDelta,RPP40,0.6435782313346863,0.5733763575553894,0.65,1.0,0.9536499780503045
TopDelta,RPS11,0.7170608639717102,0.6966886520385742,0.75,1.0,0.9554400778553793
TopDelta,RPS12,0.7299028038978577,0.7149291634559631,0.7,1.0,0.9612873360859575
TopDelta,RPS13,0.7665166854858398,0.7747713327407837,0.75,1.0,0.9370804828463799
TopDelta,RPS14,0.7270127534866333,0.701991856098175,0.75,1.0,0.8928649043714161
TopDelta,RPS15,0.7361440658569336,0.7363755702972412,0.7,1.0,0.9508918962443808
TopDelta,RPS15A,0.7162341475486755,0.6996646523475647,0.7,1.0,0.9324438527278464
TopDelta,RPS18,0.668664813041687,0.715011477470398,0.75,1.0,0.7714593230603776
TopDelta,RPS19,0.6934360861778259,0.6931700706481934,0.7,1.0,0.9429257995180678
TopDelta,RPS19BP1,0.6748074889183044,0.6195418238639832,0.75,1.0,0.9721883698029323
TopDelta,RPS2,0.7484131455421448,0.7423521280288696,0.7,1.0,0.92968637164327
TopDelta,RPS20,0.7380896806716919,0.7268096804618835,0.6,1.0,0.9626121560581848
TopDelta,RPS21,0.676954984664917,0.6013814806938171,0.8,1.0,0.9583603942396282
TopDelta,RPS24,0.7021121978759766,0.7447696328163147,0.7,1.0,0.6285304009848734
TopDelta,RPS26,0.7470251321792603,0.7512009739875793,0.55,1.0,0.9465352480800285
TopDelta,RPS27,0.3513169586658478,0.4243208169937134,0.2,1.0,0.671100566122515
TopDelta,RPS27A,0.7313622832298279,0.7456129789352417,0.65,1.0,0.9392972812306971
TopDelta,RPS28,0.7188946008682251,0.6800779104232788,0.7,1.0,0.9320564030303914
TopDelta,RPS3,0.7481328248977661,0.7407238483428955,0.8,1.0,0.6809384302832671
TopDelta,RPS3A,0.7171271443367004,0.7145261168479919,0.7,1.0,0.9546543125663581
TopDelta,RPS4X,0.6427770256996155,0.5972371697425842,0.75,1.0,0.9704786511380887
TopDelta,RPS6,0.7073551416397095,0.7435978055000305,0.65,1.0,0.6049498115900918
TopDelta,RPS7,0.7255892157554626,0.7204126119613647,0.7,1.0,0.9544412828453612
TopDelta,RPS8,0.7182660698890686,0.7476975321769714,0.7,1.0,0.647423970536754
TopDelta,RPS9,0.7382434010505676,0.7364400029182434,0.8,1.0,0.9492328391290913
TopDelta,RPSA,0.7339957356452942,0.7254098057746887,0.65,1.0,0.9055998288586022
TopDelta,RPUSD3,0.5570893287658691,0.4784068167209625,0.65,1.0,0.9262185299928116
TopDelta,RPUSD4,0.41608837246894836,0.3260248601436615,0.4,0.95,0.88706919961754
TopDelta,RRN3,0.6400881409645081,0.5900782942771912,0.7,1.0,0.9327070835214839
TopDelta,RRP12,0.691927433013916,0.6513476967811584,0.75,1.0,0.9698858397685219
TopDelta,RRP15,0.4929869472980499,0.4049619734287262,0.5,1.0,0.9244323425053083
TopDelta,RRP7A,0.6821814775466919,0.6521843671798706,0.8,1.0,0.9674872005670958
TopDelta,RRP9,0.626029908657074,0.5254629850387573,0.75,0.95,0.9200278726042521
TopDelta,RRS1,0.6993751525878906,0.6737918853759766,0.75,1.0,0.9618075413227719
TopDelta,RSL24D1,0.6888452768325806,0.6360899209976196,0.8,1.0,0.9775951338876548
TopDelta,RTCB,0.3453744351863861,0.2582811117172241,0.25,0.9,0.8647136271841483
TopDelta,RTEL1,0.3352048695087433,0.27784666419029236,0.2,0.85,0.7136809044133113
TopDelta,RTRAF,0.47905129194259644,0.45823174715042114,0.75,1.0,0.7486766186372302
TopDelta,RTTN,0.3186958134174347,0.26573753356933594,0.15,0.8,0.44509909601901987
TopDelta,RUVBL1,0.644496738910675,0.6291123628616333,0.7,1.0,0.9131878152438259
TopDelta,RUVBL2,0.6409265995025635,0.6166644096374512,0.6,1.0,0.926042179472424
TopDelta,S100A1,0.36183860898017883,0.31644144654273987,0.25,0.95,0.809288938305472
TopDelta,SAE1,0.42711132764816284,0.3903198540210724,0.25,0.75,0.7211116639583821
TopDelta,SAMD4B,0.5075812935829163,0.3871304392814636,0.6,0.9,0.9153171950047346
TopDelta,SAP18,0.34739911556243896,0.2978646159172058,0.2,0.95,0.7205398795156042
TopDelta,SARS2,0.4174056053161621,0.32432645559310913,0.6,1.0,0.8961659043115857
TopDelta,SART1,0.716737687587738,0.7228634357452393,0.6,1.0,0.9562407506008539
TopDelta,SART3,0.6468382477760315,0.6392375230789185,0.5,0.95,0.7538166942502094
TopDelta,SASS6,0.45188573002815247,0.3626987934112549,0.5,1.0,0.8729426354012222
TopDelta,SBNO1,0.4016205072402954,0.3431550860404968,0.25,0.9,0.7237361359065673
TopDelta,SCAF1,0.6407225728034973,0.6221390962600708,0.7,1.0,0.9563143607167366
TopDelta,SCAP,0.5506700277328491,0.4734013080596924,0.65,0.95,0.916437147769396
TopDelta,SCD,0.5721529722213745,0.565442681312561,0.65,0.95,0.6624421242977012
TopDelta,SCFD1,0.6333358883857727,0.595079243183136,0.6,1.0,0.9516172209367718
TopDelta,SDAD1,0.6746821403503418,0.6321974396705627,0.7,1.0,0.963446842637387
TopDelta,SDC1,0.6217648983001709,0.537418782711029,0.75,1.0,0.934743819273002
TopDelta,SDHAF2,0.35466355085372925,0.33062392473220825,0.3,0.85,0.6276678617565804
TopDelta,SDHC,0.3990916311740875,0.3409263789653778,0.45,1.0,0.6618725045130937
TopDelta,SDR39U1,0.5565945506095886,0.4605977237224579,0.7,1.0,0.9677947731826033
TopDelta,SEC61B,0.5691074728965759,0.5068254470825195,0.6,1.0,0.9064417271626581
TopDelta,SEC61G,0.6757916212081909,0.6786725521087646,0.55,1.0,0.935374161882914
TopDelta,SEH1L,0.5331584811210632,0.4689105749130249,0.55,1.0,0.9008861706508214
TopDelta,SEM1,0.5177333354949951,0.4753570556640625,0.45,1.0,0.8773962549069607
TopDelta,SEPHS2,0.2829596698284149,0.24353095889091492,0.25,0.9,0.4593186505622448
TopDelta,SEPSECS,0.33075064420700073,0.27414843440055847,0.25,0.9,0.7385881455406521
TopDelta,SERPINB1,0.4300661087036133,0.3868456482887268,0.35,1.0,0.838108870822826
TopDelta,SETD1A,0.7059409022331238,0.681490421295166,0.55,1.0,0.9763747487762358
TopDelta,SETD5,0.5190520286560059,0.4822958707809448,0.6,1.0,0.8174885784793641
TopDelta,SETDB1,0.3352951109409332,0.27806219458580017,0.35,1.0,0.6393047063605122
TopDelta,SETX,0.41532284021377563,0.3727068305015564,0.15,0.9,0.7700003617180953
TopDelta,SF3B3,0.715842604637146,0.7367613315582275,0.6,1.0,0.9734628842204216
TopDelta,SF3B4,0.6656099557876587,0.6443157196044922,0.8,1.0,0.9810457533407682
TopDelta,SF3B5,0.7081946134567261,0.7206099033355713,0.55,1.0,0.9751151211132427
TopDelta,SHC1,0.27596065402030945,0.23007997870445251,0.15,0.8,0.6792290637115265
TopDelta,SHOC2,0.4830494821071625,0.46051663160324097,0.3,1.0,0.7672859535697907
TopDelta,SHQ1,0.3780474066734314,0.34860819578170776,0.25,0.95,0.6882486018177244
TopDelta,SKA3,0.6084937453269958,0.5474410653114319,0.65,1.0,0.9558213365175027
TopDelta,SKP1,0.5435826778411865,0.5124390125274658,0.65,1.0,0.9553275225089995
TopDelta,SLBP,0.5730096101760864,0.5325338244438171,0.6,1.0,0.9449937999543779
TopDelta,SLC16A5,0.6023610830307007,0.5375849008560181,0.7,1.0,0.9566584129841672
TopDelta,SLC1A5,0.3260062634944916,0.26667118072509766,0.3,0.95,0.8341945593067337
TopDelta,SLC2A8,0.6199904084205627,0.5475816130638123,0.75,1.0,0.966036775694359
TopDelta,SLC39A7,0.6566513776779175,0.5714749693870544,0.7,1.0,0.9567953743577368
TopDelta,SLC39A9,0.3716751039028168,0.31763219833374023,0.1,0.9,0.8070039314796007
TopDelta,SLC7A6OS,0.6710495352745056,0.6231065988540649,0.75,1.0,0.8057154152432059
TopDelta,SLU7,0.7056705355644226,0.7050392031669617,0.6,1.0,0.976721655441784
TopDelta,SMC1A,0.5348532199859619,0.5064968466758728,0.4,0.9,0.7901769402057084
TopDelta,SMC5,0.3187257647514343,0.26245036721229553,0.25,0.9,0.6079565832889617
TopDelta,SMC6,0.4689921736717224,0.3569630980491638,0.65,1.0,0.9033875357637827
TopDelta,SMG5,0.8621565103530884,0.8574521541595459,0.85,1.0,0.9743188467980438
TopDelta,SMG7,0.8320550918579102,0.7278127074241638,0.9,1.0,0.9626951731546035
TopDelta,SMN2,0.7069442868232727,0.7186363935470581,0.6,1.0,0.9642414404068336
TopDelta,SMNDC1,0.5861010551452637,0.5488812327384949,0.4,1.0,0.9404203346548493
TopDelta,SMUG1,0.5257289409637451,0.41572222113609314,0.65,1.0,0.9144667657707566
TopDelta,SNAPC2,0.6075464487075806,0.5934426188468933,0.35,1.0,0.9638658769615163
TopDelta,SNAPC3,0.37399861216545105,0.29545894265174866,0.4,0.9,0.8688817513010177
TopDelta,SNAPC5,0.3450174927711487,0.2784099280834198,0.3,1.0,0.8561179438209324
TopDelta,SNRNP200,0.6739588975906372,0.6782501935958862,0.65,1.0,0.9144521040551764
TopDelta,SNRNP25,0.4662385582923889,0.4090600311756134,0.4,0.9,0.7467295602655151
TopDelta,SNRNP27,0.5558066964149475,0.46607455611228943,0.55,0.95,0.8568280673460512
TopDelta,SNRNP35,0.6003947854042053,0.5286537408828735,0.7,1.0,0.9534585864988693
TopDelta,SNRNP40,0.5071142315864563,0.4539858400821686,0.4,0.95,0.8858247548371827
TopDelta,SNRNP48,0.6316192150115967,0.5529626607894897,0.6,1.0,0.9318290804713937
TopDelta,SNRNP70,0.6132572889328003,0.6075074672698975,0.6,1.0,0.9504853370691051
TopDelta,SNRPA1,0.6838405728340149,0.6680244207382202,0.7,1.0,0.9778676343318482
TopDelta,SNRPB,0.6869762539863586,0.658903956413269,0.7,1.0,0.9778106665882297
TopDelta,SNRPC,0.5997524261474609,0.5769931674003601,0.7,1.0,0.9531089887875743
TopDelta,SNRPD1,0.6987320184707642,0.6773995161056519,0.75,1.0,0.9846446184612263
TopDelta,SNRPD3,0.6961893439292908,0.6728855967521667,0.7,1.0,0.975159274699105
TopDelta,SNRPE,0.6981087327003479,0.6899124383926392,0.75,1.0,0.9704690327597901
TopDelta,SNRPF,0.6897774934768677,0.6711867451667786,0.7,1.0,0.9743591878008822
TopDelta,SNUPN,0.3892192840576172,0.3470311462879181,0.35,1.0,0.6375481107261867
TopDelta,SOD2,0.3382490873336792,0.2719299793243408,0.35,0.9,0.6953042131993029
TopDelta,SP1,0.44471681118011475,0.3772684931755066,0.3,1.0,0.7949368086968174
TopDelta,SPAG7,0.3950229585170746,0.3247283399105072,0.3,1.0,0.765320343302923
TopDelta,SPATA5L1,0.5694447159767151,0.4742289185523987,0.55,1.0,0.9319687166008078
TopDelta,SPC25,0.6930172443389893,0.6509793400764465,0.8,1.0,0.9718158286936969
TopDelta,SPCS3,0.5616126656532288,0.5006241202354431,0.6,1.0,0.9131653690510663
TopDelta,SPG7,0.33287420868873596,0.2667727768421173,0.35,0.85,0.7356730628578991
TopDelta,SPOUT1,0.6523487567901611,0.5913119912147522,0.65,1.0,0.9689960413593155
TopDelta,SPRTN,0.32603222131729126,0.2745991349220276,0.25,0.9,0.8281580929869325
TopDelta,SPTSSA,0.2874187231063843,0.23803870379924774,0.1,0.9,0.6402458332114291
TopDelta,SRA1,0.36662280559539795,0.299919456243515,0.2,0.95,0.7032625876612352
TopDelta,SRBD1,0.5892127752304077,0.5160284638404846,0.75,1.0,0.8553465678860855
TopDelta,SRF,0.3510037958621979,0.2887502610683441,0.4,1.0,0.7975104866563287
TopDelta,SRFBP1,0.6671181321144104,0.6254763603210449,0.7,1.0,0.9587853588963307
TopDelta,SRP14,0.48865896463394165,0.44593560695648193,0.3,1.0,0.7848581336166599
TopDelta,SRP54,0.7092040777206421,0.7273663282394409,0.8,1.0,0.9082624828401454
TopDelta,SRP68,0.6666644811630249,0.6662692427635193,0.55,1.0,0.8140075632828421
TopDelta,SRP72,0.6165702939033508,0.5913076400756836,0.4,1.0,0.7698979541000216
TopDelta,SRP9,0.41306328773498535,0.3578430414199829,0.25,1.0,0.8069503232500114
TopDelta,SRPRB,0.5374717116355896,0.45340409874916077,0.5,1.0,0.9486880613019165
TopDelta,SRRM1,0.4201389253139496,0.347700834274292,0.55,1.0,0.8907710299288578
TopDelta,SRRM2,0.4308188259601593,0.37623918056488037,0.35,1.0,0.9033889093758136
TopDelta,SRSF1,0.5235004425048828,0.4582196772098541,0.65,0.95,0.7979464532145157
TopDelta,SRSF6,0.4179503321647644,0.3336560130119324,0.5,0.85,0.8121297552927056
TopDelta,SRSF7,0.6412330865859985,0.6022947430610657,0.8,1.0,0.9621183711672079
TopDelta,SS18L2,0.4724198281764984,0.39192095398902893,0.6,1.0,0.8789713513876599
TopDelta,SSBP3,0.3440319895744324,0.3100552558898926,0.2,0.9,0.6090443024789961
TopDelta,SSU72,0.5514777898788452,0.528529703617096,0.55,1.0,0.9525350054070797
TopDelta,STAT5B,0.5709776878356934,0.5354763269424438,0.55,1.0,0.8902548152937017
TopDelta,STIL,0.5858319997787476,0.547514021396637,0.6,1.0,0.963561870937347
TopDelta,STRAP,0.537682831287384,0.4690731465816498,0.6,1.0,0.9457750183601629
TopDelta,STRIP1,0.41342785954475403,0.34933578968048096,0.5,0.9,0.858451638974286
TopDelta,STT3B,0.35643208026885986,0.3313453197479248,0.3,0.95,0.7220091569324886
TopDelta,STX5,0.5212869048118591,0.45556575059890747,0.3,1.0,0.9024978167964051
TopDelta,STXBP4,0.4112318456172943,0.37256136536598206,0.25,0.9,0.8852480980785615
TopDelta,SUDS3,0.47250813245773315,0.447430282831192,0.35,0.9,0.7415755594890019
TopDelta,SUGT1,0.4045603573322296,0.37143075466156006,0.45,1.0,0.8350680970589182
TopDelta,SUMO2,0.3544631004333496,0.31817159056663513,0.2,0.95,0.7368360175399542
TopDelta,SUPT16H,0.6379286646842957,0.5653146505355835,0.85,1.0,0.9650791047683164
TopDelta,SUPT20H,0.5142585039138794,0.5062092542648315,0.35,0.9,0.7786530069892583
TopDelta,SURF6,0.6896471381187439,0.6374329328536987,0.75,1.0,0.9754261995099143
TopDelta,SYMPK,0.6727638840675354,0.6567556858062744,0.55,1.0,0.9311627568633296
TopDelta,SYS1,0.5999897718429565,0.5136994123458862,0.7,1.0,0.9651079171458296
TopDelta,TACC3,0.5867239832878113,0.5225325226783752,0.65,1.0,0.9469446861201486
TopDelta,TADA1,0.5115506052970886,0.4836353659629822,0.3,0.95,0.7792544907396246
TopDelta,TADA2B,0.44311726093292236,0.3980259895324707,0.35,0.95,0.7512359860257339
TopDelta,TADA3,0.37455758452415466,0.28470298647880554,0.4,0.9,0.8326702346546233
TopDelta,TAF10,0.7056937217712402,0.6648380756378174,0.6,0.95,0.8959568622699989
TopDelta,TAF11,0.45023858547210693,0.38147109746932983,0.4,0.95,0.7601365352765719
TopDelta,TAF12,0.6854187250137329,0.6438592076301575,0.7,1.0,0.8493860970967341
TopDelta,TAF13,0.5996730327606201,0.5502215623855591,0.55,1.0,0.8756497070856577
TopDelta,TAF1B,0.46804288029670715,0.3768589198589325,0.5,1.0,0.9112557874172277
TopDelta,TAF1C,0.5636301040649414,0.4553776979446411,0.65,1.0,0.945429649321432
TopDelta,TAF1D,0.6133196949958801,0.5412533283233643,0.65,1.0,0.852663621092367
TopDelta,TAF2,0.676262617111206,0.6505505442619324,0.5,0.95,0.9035243917738353
TopDelta,TAF3,0.6021475195884705,0.5365705490112305,0.6,0.95,0.7910904695187677
TopDelta,TAF5,0.7536446452140808,0.7239008545875549,0.55,1.0,0.9398399468931766
TopDelta,TAF6,0.6016815900802612,0.5416380763053894,0.7,0.95,0.9094740661507902
TopDelta,TAF6L,0.44468027353286743,0.39679864048957825,0.3,0.95,0.8547633761451873
TopDelta,TAF7,0.6240431070327759,0.5954251885414124,0.4,0.95,0.8303880681010885
TopDelta,TAF8,0.6829337477684021,0.6753360629081726,0.55,1.0,0.9496359429262045
TopDelta,TAMM41,0.4265364110469818,0.3880711793899536,0.35,1.0,0.8866597794197596
TopDelta,TARS,0.640993595123291,0.5512180924415588,0.75,1.0,0.9587106794088607
TopDelta,TARS2,0.5853047370910645,0.5738766193389893,0.45,0.95,0.9360141548327803
TopDelta,TAZ,0.35922127962112427,0.31522202491760254,0.15,0.85,0.7438603296434794
TopDelta,TBCA,0.32568779587745667,0.24307800829410553,0.35,0.9,0.8605140876367687
TopDelta,TBCB,0.6261101365089417,0.5938941836357117,0.55,1.0,0.27447233693970957
TopDelta,TBCD,0.4457552433013916,0.3683803379535675,0.65,0.95,0.9372315881388557
TopDelta,TBP,0.48271164298057556,0.3866242468357086,0.5,1.0,0.8644060146741506
TopDelta,TBPL1,0.3413589596748352,0.3111792206764221,0.3,0.95,0.5244828949548943
TopDelta,TCERG1,0.44698455929756165,0.3761802613735199,0.35,1.0,0.8087843629523296
TopDelta,TCOF1,0.4743400812149048,0.46288153529167175,0.3,0.95,0.694360170281134
TopDelta,TEAD3,0.38450828194618225,0.2969990372657776,0.45,0.95,0.772422839591794
TopDelta,TEN1,0.40351468324661255,0.3180471658706665,0.55,1.0,0.8176974591540147
TopDelta,TERF2,0.6615769267082214,0.6180793046951294,0.85,1.0,0.938958355724955
TopDelta,TEX10,0.6953393816947937,0.6652970314025879,0.8,1.0,0.9710021513503962
TopDelta,TFAM,0.6836717128753662,0.5903342366218567,0.45,0.95,0.9677769967559608
TopDelta,TFB1M,0.4185011088848114,0.3616684675216675,0.35,0.95,0.7181465844403775
TopDelta,TFDP1,0.48403045535087585,0.4381159245967865,0.5,1.0,0.615796421768795
TopDelta,TFRC,0.5713211894035339,0.4919634461402893,0.85,0.95,0.9049910522635835
TopDelta,TGS1,0.4713035523891449,0.41124090552330017,0.35,0.95,0.7372266143739455
TopDelta,THAP1,0.7142859101295471,0.7094815969467163,0.75,1.0,0.9673285447319241
TopDelta,THAP11,0.3698025941848755,0.32327818870544434,0.35,0.9,0.6527710558225238
TopDelta,THOC1,0.4896889626979828,0.4362068176269531,0.4,1.0,0.8776582402387111
TopDelta,THOC2,0.6406862735748291,0.6359460353851318,0.5,0.95,0.9404530922436772
TopDelta,THOC3,0.4642847776412964,0.3739165663719177,0.4,1.0,0.8453581865774386
TopDelta,THOC5,0.5745913982391357,0.5312121510505676,0.55,0.95,0.9214729441503801
TopDelta,THOC6,0.3963850736618042,0.3214794397354126,0.35,0.95,0.8190470857400581
TopDelta,THOC7,0.467531681060791,0.3990095257759094,0.4,0.95,0.784972974672316
TopDelta,THRAP3,0.3763062655925751,0.3131661117076874,0.2,0.95,0.8638451812028641
TopDelta,TIGD1,0.33123695850372314,0.28529486060142517,0.25,0.9,0.7795739816091947
TopDelta,TIMM10,0.4303357005119324,0.3479408025741577,0.35,0.95,0.8233106258924704
TopDelta,TIMM13,0.6512789726257324,0.5742339491844177,0.65,1.0,0.9616140560945821
TopDelta,TIMM23B,0.7653239369392395,0.7484278082847595,0.6,1.0,0.9579856806706222
TopDelta,TIMM44,0.7326447367668152,0.6919670104980469,0.7,1.0,0.964188980896062
TopDelta,TIMM8A,0.3362921476364136,0.2620064616203308,0.25,0.85,0.5126819866687816
TopDelta,TIMM9,0.4884016215801239,0.41636547446250916,0.5,0.95,0.8998995419238839
TopDelta,TINF2,0.5581215620040894,0.47375422716140747,0.7,1.0,0.8009040269187264
TopDelta,TLCD1,0.4516870975494385,0.355976402759552,0.5,0.95,0.8825490564250444
TopDelta,TM7SF2,0.30674266815185547,0.2648704946041107,0.05,1.0,0.6626600689353621
TopDelta,TMA16,0.6366094946861267,0.5584304332733154,0.75,1.0,0.9614103872262485
TopDelta,TMED10,0.5317087769508362,0.47254112362861633,0.5,1.0,0.8959239854148136
TopDelta,TMEM127,0.32021564245224,0.3059941232204437,0.1,0.9,0.48214858644645253
TopDelta,TMEM199,0.4905349314212799,0.39574486017227173,0.55,1.0,0.9520840573763129
TopDelta,TMEM214,0.5025222897529602,0.42533984780311584,0.45,1.0,0.9364197676950137
TopDelta,TMEM242,0.608437716960907,0.5556058883666992,0.45,1.0,0.9205873571229631
TopDelta,TMSB10,0.48382139205932617,0.5490020513534546,0.25,0.9,0.8448433772062637
TopDelta,TMX2,0.5868629813194275,0.5479052066802979,0.5,0.95,0.9326085583253341
TopDelta,TNPO3,0.5900184512138367,0.5272011160850525,0.7,1.0,0.9255673344503056
TopDelta,TNRC6A,0.40962937474250793,0.3749777674674988,0.25,1.0,0.8286491058283195
TopDelta,TOE1,0.33893734216690063,0.28826603293418884,0.15,0.85,0.6735260187212347
TopDelta,TOMM22,0.67972731590271,0.6078210473060608,0.7,1.0,0.9652064139982215
TopDelta,TOMM40,0.5787035822868347,0.47322747111320496,0.55,1.0,0.9366967200456632
TopDelta,TOP3A,0.3104005455970764,0.2530422508716583,0.25,1.0,0.7429746125203036
TopDelta,TOPBP1,0.5635883212089539,0.48072874546051025,0.8,1.0,0.9685616609832974
TopDelta,TP53I13,0.5162496566772461,0.40907764434814453,0.6,0.9,0.8634627458487683
TopDelta,TP53RK,0.6189155578613281,0.5481807589530945,0.65,1.0,0.9805969679542784
TopDelta,TPR,0.5588496327400208,0.5114272236824036,0.55,1.0,0.8448552276745638
TopDelta,TPRKB,0.6285420656204224,0.5737466216087341,0.7,0.95,0.9380938862375765
TopDelta,TPT1,0.6596126556396484,0.6734933257102966,0.7,1.0,0.9525795247505074
TopDelta,TPX2,0.6796669363975525,0.6625553965568542,0.55,1.0,0.9639389894609962
TopDelta,TRA2B,0.48768144845962524,0.3985705077648163,0.45,1.0,0.8369590335474809
TopDelta,TRAIP,0.41230693459510803,0.3372623324394226,0.35,1.0,0.9456042325196022
TopDelta,TRAPPC1,0.477682501077652,0.39975154399871826,0.45,0.95,0.8542210070519518
TopDelta,TRAPPC11,0.45453906059265137,0.382988840341568,0.45,0.95,0.7475029786330198
TopDelta,TRAPPC3,0.36452117562294006,0.2973739802837372,0.3,0.95,0.8901413299092761
TopDelta,TRAPPC4,0.39530685544013977,0.33874017000198364,0.3,0.95,0.8839194406622652
TopDelta,TRAPPC5,0.6164299249649048,0.5610246062278748,0.55,1.0,0.9501978606135394
TopDelta,TRAPPC8,0.47626033425331116,0.40303948521614075,0.45,1.0,0.9182423285390977
TopDelta,TRIAP1,0.4256303012371063,0.34111446142196655,0.55,1.0,0.8952693062384082
TopDelta,TRMT112,0.6939094662666321,0.6681857705116272,0.7,1.0,0.9472079459475582
TopDelta,TRMT5,0.5468713641166687,0.45531535148620605,0.55,1.0,0.9563544822048511
TopDelta,TRMT6,0.39299753308296204,0.32083767652511597,0.2,1.0,0.7757271191356799
TopDelta,TRNT1,0.6997347474098206,0.6771448850631714,0.6,1.0,0.9641563070290863
TopDelta,TSEN2,0.6005447506904602,0.5382965207099915,0.55,1.0,0.9599984153688902
TopDelta,TSEN54,0.36199304461479187,0.2877032160758972,0.35,0.8,0.5754502959999513
TopDelta,TSFM,0.4051593542098999,0.37078043818473816,0.5,0.95,0.690398210387906
TopDelta,TSR1,0.7277182936668396,0.7037649750709534,0.7,1.0,0.9502334573920377
TopDelta,TSR2,0.7399115562438965,0.7437493801116943,0.75,1.0,0.9239505144078923
TopDelta,TTC1,0.45376744866371155,0.34882569313049316,0.5,0.95,0.8826931688220314
TopDelta,TTC27,0.4838988780975342,0.39697328209877014,0.65,0.95,0.8276273012082934
TopDelta,TTC4,0.5167303681373596,0.3786066770553589,0.8,1.0,0.8984259934223807
TopDelta,TTI1,0.545586109161377,0.4807182252407074,0.6,1.0,0.9300955324877662
TopDelta,TTK,0.6997789144515991,0.6785405278205872,0.8,1.0,0.9502169205299258
TopDelta,TUBA1B,0.467349648475647,0.5155000686645508,0.5,0.9,0.7785879603615183
TopDelta,TUBB,0.4855266809463501,0.5073349475860596,0.4,1.0,0.7493667365959641
TopDelta,TUBB2A,0.5128637552261353,0.4680365025997162,0.5,0.95,0.7752937724381319
TopDelta,TUBD1,0.4368927776813507,0.3871539533138275,0.4,0.95,0.8971637962448861
TopDelta,TUBE1,0.3156517744064331,0.24922828376293182,0.15,0.95,0.7452927120580578
TopDelta,TUBG1,0.4235934913158417,0.3821905553340912,0.5,1.0,0.5423474445112877
TopDelta,TUBGCP2,0.4970285892486572,0.4344625473022461,0.5,1.0,0.9115181861772698
TopDelta,TUBGCP4,0.4457727372646332,0.3875335156917572,0.4,1.0,0.912507462455602
TopDelta,TUBGCP5,0.5678460001945496,0.4985292851924896,0.55,1.0,0.9550900338339601
TopDelta,TUFM,0.3866206705570221,0.3011774718761444,0.35,0.95,0.8227857458625363
TopDelta,TVP23C,0.44689470529556274,0.3498901426792145,0.5,1.0,0.8503476595406085
TopDelta,TXNL4B,0.34220248460769653,0.3191337585449219,0.2,1.0,0.7083320024354764
TopDelta,U2SURP,0.586374044418335,0.5428991317749023,0.55,1.0,0.9427767034110262
TopDelta,UBA2,0.45124632120132446,0.4322795867919922,0.15,0.85,0.6675151875093546
TopDelta,UBAP1,0.6584584712982178,0.6408593058586121,0.6,1.0,0.9587966473117162
TopDelta,UBE2H,0.3359493017196655,0.28424450755119324,0.25,1.0,0.792243862697003
TopDelta,UBE2I,0.482169508934021,0.45770499110221863,0.15,0.85,0.7209115070549311
TopDelta,UBE2L3,0.47045573592185974,0.40962767601013184,0.6,0.95,0.7998333473470689
TopDelta,UBE3C,0.44998985528945923,0.3622744083404541,0.5,1.0,0.8327604794631656
TopDelta,UBE3D,0.38561683893203735,0.3410937488079071,0.25,0.95,0.8277137721608673
TopDelta,UBL5,0.6421003341674805,0.6325951814651489,0.55,1.0,0.9082115871294274
TopDelta,UBQLN4,0.6730291843414307,0.6696954369544983,0.7,0.95,0.8725120904790997
TopDelta,UBR5,0.41207966208457947,0.360416442155838,0.2,1.0,0.8016087968418258
TopDelta,UCHL5,0.4151337146759033,0.3190339505672455,0.5,1.0,0.6756659428029681
TopDelta,UFL1,0.531853199005127,0.4563632905483246,0.55,1.0,0.9441686283580639
TopDelta,UFM1,0.6283969283103943,0.5658197999000549,0.6,1.0,0.9528015184685423
TopDelta,UHRF1,0.4939507842063904,0.47583338618278503,0.2,0.9,0.7222204359025713
TopDelta,UMPS,0.36773449182510376,0.3061225712299347,0.2,0.95,0.7628837029911377
TopDelta,UPF2,0.6222917437553406,0.5106891989707947,0.6,1.0,0.8716454763134117
TopDelta,UQCC2,0.38517332077026367,0.3348678946495056,0.35,1.0,0.8712073207965775
TopDelta,URB1,0.6639567017555237,0.6113344430923462,0.7,0.95,0.9179753404567053
TopDelta,URB2,0.6909636855125427,0.6368586421012878,0.8,1.0,0.9682465898848907
TopDelta,URI1,0.694246232509613,0.6798464059829712,0.5,0.9,0.7931230993319898
TopDelta,URM1,0.44703245162963867,0.3695175051689148,0.4,0.95,0.9447095933885369
TopDelta,UROD,0.31659767031669617,0.2587508261203766,0.2,0.95,0.6531241892736834
TopDelta,USP10,0.4211488366127014,0.4016328752040863,0.25,1.0,0.5694835658141143
TopDelta,USP14,0.37252679467201233,0.3304347097873688,0.25,0.95,0.8997071389182048
TopDelta,USP5,0.5746636390686035,0.5092455148696899,0.7,1.0,0.96893293336124
TopDelta,USP8,0.4430800974369049,0.36547207832336426,0.4,0.95,0.8420570633940431
TopDelta,USP9X,0.34563758969306946,0.2898256182670593,0.2,0.95,0.8000796288848404
TopDelta,UTP11,0.6768231987953186,0.623622477054596,0.8,1.0,0.9658039996104718
TopDelta,UTP15,0.6588992476463318,0.6233400702476501,0.75,1.0,0.9640865809811631
TopDelta,UTP18,0.6928505897521973,0.6651955246925354,0.7,1.0,0.9632157531430542
TopDelta,UTP20,0.6920124292373657,0.6517248153686523,0.75,1.0,0.9746057640455646
TopDelta,UTP23,0.6826987862586975,0.6376532316207886,0.75,1.0,0.9638716931507618
TopDelta,UTP6,0.6645492911338806,0.6011227369308472,0.75,1.0,0.9587615519255669
TopDelta,UXS1,0.36935529112815857,0.3230232298374176,0.25,0.95,0.8820566925908556
TopDelta,UXT,0.6154654622077942,0.5617708563804626,0.45,0.95,0.8819095496701319
TopDelta,VARS,0.6931518316268921,0.6859931349754333,0.55,1.0,0.9437216378032764
TopDelta,VARS2,0.4127987325191498,0.34985804557800293,0.4,1.0,0.9027995254559977
TopDelta,VPS13D,0.38666966557502747,0.31505444645881653,0.25,0.9,0.7933968227985879
TopDelta,VPS29,0.4083418846130371,0.3405008018016815,0.3,0.95,0.8768128341171844
TopDelta,VPS35,0.44940000772476196,0.38455986976623535,0.3,0.95,0.7914684451954462
TopDelta,VPS41,0.5811799168586731,0.48880207538604736,0.5,1.0,0.8790709623914682
TopDelta,VPS54,0.4265645146369934,0.4099229574203491,0.4,1.0,0.5505921362887674
TopDelta,WARS,0.6368739604949951,0.5385545492172241,0.55,1.0,0.95847665447723
TopDelta,WBP1,0.3774278461933136,0.3416178524494171,0.2,0.85,0.7815483719478278
TopDelta,WBP1L,0.3189958333969116,0.2638397812843323,0.25,0.9,0.7682875782446749
TopDelta,WDFY3,0.3086697459220886,0.248012974858284,0.15,0.9,0.6438576088439224
TopDelta,WDHD1,0.5013272762298584,0.42261698842048645,0.4,1.0,0.8943187507389306
TopDelta,WDR1,0.6263626217842102,0.622232973575592,0.6,0.95,0.8030963361417776
TopDelta,WDR12,0.6861736178398132,0.6475114822387695,0.8,1.0,0.974748181720725
TopDelta,WDR18,0.5902202129364014,0.5451620221138,0.55,1.0,0.8457936716689032
TopDelta,WDR26,0.3984936773777008,0.37889060378074646,0.05,0.95,0.5030237718852336
TopDelta,WDR3,0.6835489273071289,0.623679518699646,0.85,1.0,0.9846013592625503
TopDelta,WDR33,0.6319872140884399,0.5643481612205505,0.65,1.0,0.9334721489926558
TopDelta,WDR36,0.6596079468727112,0.6040161848068237,0.75,1.0,0.9603567635483555
TopDelta,WDR4,0.38816800713539124,0.31836891174316406,0.35,1.0,0.8001565425548023
TopDelta,WDR43,0.6696765422821045,0.647789716720581,0.85,1.0,0.9604078139536536
TopDelta,WDR46,0.6767072677612305,0.6350359916687012,0.75,1.0,0.9759534065702502
TopDelta,WDR5,0.5756092071533203,0.560172975063324,0.5,1.0,0.9528168047348158
TopDelta,WDR70,0.6857064962387085,0.7086532115936279,0.45,1.0,0.9171950140880273
TopDelta,WDR75,0.6528317928314209,0.6216554641723633,0.75,1.0,0.9621202586387796
TopDelta,WDR77,0.4780179560184479,0.4509844481945038,0.4,1.0,0.9236587411747709
TopDelta,WDR83OS,0.4433805048465729,0.4000045359134674,0.5,1.0,0.8770593376598572
TopDelta,WTAP,0.4403533339500427,0.38692721724510193,0.25,1.0,0.897577897205449
TopDelta,XPO1,0.6295179724693298,0.5917090177536011,0.7,1.0,0.9677227202166321
TopDelta,XPO5,0.4178861379623413,0.323196142911911,0.45,0.95,0.7760153597641085
TopDelta,XRCC1,0.2848105728626251,0.21994614601135254,0.25,0.8,0.6347224661281039
TopDelta,XRCC2,0.3576697111129761,0.3287179470062256,0.25,0.95,0.7769429489035707
TopDelta,XRCC5,0.6428965926170349,0.5512680411338806,0.75,1.0,0.9461461394750553
TopDelta,XRCC6,0.5867254734039307,0.486977756023407,0.65,1.0,0.9673452553343673
TopDelta,XRN2,0.36842164397239685,0.29948240518569946,0.4,0.95,0.8527086711481199
TopDelta,YARS,0.7013230323791504,0.6399563550949097,0.6,0.95,0.9245299627487896
TopDelta,YARS2,0.5260114669799805,0.4339620769023895,0.4,0.95,0.8815019566470755
TopDelta,YEATS2,0.4883648455142975,0.4214613735675812,0.9,1.0,0.9023355105052719
TopDelta,YPEL5,0.38233545422554016,0.31882762908935547,0.25,0.85,0.7460877549595973
TopDelta,YTHDC1,0.6055922508239746,0.5833250880241394,0.45,1.0,0.9012775169148581
TopDelta,ZBTB17,0.45546382665634155,0.37605756521224976,0.35,0.85,0.8327187272930626
TopDelta,ZC3H13,0.6054898500442505,0.56698077917099,0.4,0.95,0.9151324805227169
TopDelta,ZC3H4,0.430754691362381,0.4127092957496643,0.25,0.9,0.6819683157804035
TopDelta,ZCCHC9,0.6861329078674316,0.6645381450653076,0.7,1.0,0.9610812554957385
TopDelta,ZCRB1,0.37215447425842285,0.3448198735713959,0.3,0.95,0.8088984812936474
TopDelta,ZDHHC7,0.6638131141662598,0.6613318920135498,0.55,0.95,0.7881376879362366
TopDelta,ZFC3H1,0.693304717540741,0.5657227039337158,0.75,1.0,0.8883910448244334
TopDelta,ZMAT2,0.6112250685691833,0.5993079543113708,0.45,1.0,0.7995352137756117
TopDelta,ZNF143,0.5347461104393005,0.4753386080265045,0.4,0.95,0.8544619887854389
TopDelta,ZNF207,0.5764818787574768,0.5344580411911011,0.5,1.0,0.8665336588880305
TopDelta,ZNF236,0.6667012572288513,0.6519728302955627,0.65,1.0,0.6453067472573265
TopDelta,ZNF292,0.3385932445526123,0.27586790919303894,0.3,0.85,0.6366299282208686
TopDelta,ZNF574,0.6121090054512024,0.5168666243553162,0.7,1.0,0.8780824653293213
TopDelta,ZNF720,0.41933706402778625,0.3325824737548828,0.45,0.95,0.42007688829307843
TopDelta,ZNF787,0.6376147866249084,0.5614495873451233,0.75,1.0,0.9503461120108974
TopDelta,ZNF84,0.7052047252655029,0.690716564655304,0.65,1.0,0.9581780402039496
TopDelta,ZNHIT1,0.4583871364593506,0.4118780195713043,0.35,0.95,0.8514062085620907
TopDelta,ZNHIT2,0.6201032400131226,0.6054105162620544,0.4,1.0,0.8984022250731605
TopDelta,ZNHIT3,0.5749182105064392,0.47845885157585144,0.6,1.0,0.9768943711092515
TopDelta,ZNHIT6,0.6482206583023071,0.5919150114059448,0.75,1.0,0.9536832228055178
TopDelta,ZNRD1,0.6321159601211548,0.5518869161605835,0.65,1.0,0.9614766446779379
Evoformer,AAAS,0.6514763236045837,0.5622401833534241,0.3,0.95,0.7608424508953486
Evoformer,AAR2,0.5815176367759705,0.48770377039909363,0.25,0.85,0.7560278077065841
Evoformer,AARS,0.9756183624267578,0.9745531678199768,0.75,1.0,0.973179487356523
Evoformer,AATF,0.9662786722183228,0.9494462609291077,0.7,1.0,0.9606547897426403
Evoformer,ABCB7,0.8566539883613586,0.8033152222633362,0.7,1.0,0.955323536469815
Evoformer,ABHD11,0.6586779952049255,0.5573896765708923,0.35,0.95,0.7697540447700061
Evoformer,ABT1,0.9902926683425903,0.9728821516036987,0.7,1.0,0.9728709360402117
Evoformer,ACSS2,0.7241875529289246,0.6091846823692322,0.5,0.95,0.7760291667079796
Evoformer,ACTR1B,0.553371012210846,0.4624936580657959,0.25,0.9,0.8397826952959997
Evoformer,ACTR2,0.6075619459152222,0.507792055606842,0.3,0.95,0.8187606391492244
Evoformer,ACTR5,0.7842050194740295,0.7524898052215576,0.35,1.0,0.9222837741140539
Evoformer,ACTR6,0.7538698315620422,0.7022925615310669,0.45,1.0,0.8853141187774588
Evoformer,ACTR8,0.8331239223480225,0.7775994539260864,0.5,1.0,0.9212050769591469
Evoformer,ADRM1,0.6414823532104492,0.5776851773262024,0.2,1.0,0.8197655911951822
Evoformer,AFG3L2,0.9275280237197876,0.8458895683288574,0.55,1.0,0.9706140657159289
Evoformer,AGBL5,0.7036381363868713,0.6517320275306702,0.3,0.95,0.8742810264342764
Evoformer,AHCTF1,0.9023862481117249,0.8265154957771301,0.55,1.0,0.9134592989366151
Evoformer,AIFM1,0.6759660243988037,0.5777581930160522,0.3,0.95,0.8827327798969179
Evoformer,AKIRIN2,0.6603502035140991,0.5915153622627258,0.4,0.85,0.6145373161353589
Evoformer,ALDOA,0.6130831837654114,0.5553340315818787,0.2,0.95,0.8354076506885117
Evoformer,ALG11,0.8296114802360535,0.7070684432983398,0.5,1.0,0.9118579595833306
Evoformer,ALG13,0.7742003202438354,0.6764065027236938,0.45,1.0,0.8429404277276318
Evoformer,ALG2,0.8216425776481628,0.6980066299438477,0.45,1.0,0.9320028394722254
Evoformer,ANAPC1,0.6963964104652405,0.610298752784729,0.4,1.0,0.8768069662470676
Evoformer,ANAPC10,0.629666268825531,0.5213703513145447,0.45,1.0,0.8887999223123033
Evoformer,ANAPC11,0.7042494416236877,0.5757940411567688,0.65,0.95,0.8386586458857274
Evoformer,ANAPC13,0.6633057594299316,0.5969368815422058,0.5,1.0,0.8970050347104415
Evoformer,ANAPC5,0.7990630865097046,0.7523356676101685,0.55,1.0,0.9304213814439172
Evoformer,ANKLE2,0.6173904538154602,0.5440176129341125,0.35,0.95,0.8854266711238317
Evoformer,ANKRD11,0.7178426384925842,0.632473349571228,0.25,0.9,0.9547623965630863
Evoformer,ANKRD39,0.7115070819854736,0.6428864598274231,0.2,0.9,0.863298641826585
Evoformer,ANKRD49,0.554337203502655,0.4588586390018463,0.4,0.85,0.7555327227912556
Evoformer,ANKS6,0.634111762046814,0.5466329455375671,0.3,1.0,0.6586751670152639
Evoformer,AP2M1,0.8496240377426147,0.7945190072059631,0.4,0.95,0.9024878817916205
Evoformer,ARGLU1,0.6716850996017456,0.6356080174446106,0.3,0.95,0.8845725473847537
Evoformer,ARL2,0.7059916853904724,0.6464500427246094,0.45,0.95,0.8395519950435354
Evoformer,ARL4D,0.5676723718643188,0.4932574927806854,0.3,0.85,0.8120714229088125
Evoformer,ARMC7,0.73518967628479,0.6810362935066223,0.45,1.0,0.9353462038455205
Evoformer,ARPC4,0.7939456701278687,0.7329998016357422,0.55,1.0,0.8946056146037253
Evoformer,ASCC3,0.6765015125274658,0.5610101819038391,0.45,1.0,0.9100251598311518
Evoformer,ASF1B,0.6478537917137146,0.555310845375061,0.35,0.95,0.7612595309611241
Evoformer,ATF5,0.9335725903511047,0.9114287495613098,0.65,1.0,0.9715009940172737
Evoformer,ATP11B,0.9967935681343079,0.9641724228858948,0.6,1.0,0.9676066302707467
Evoformer,ATP2A2,0.8050670623779297,0.6936050057411194,0.65,1.0,0.7940756903762123
Evoformer,ATP5ME,1.0031300783157349,0.9161438345909119,0.8,1.0,0.9799562265496409
Evoformer,ATP5MF,0.9638000726699829,0.920931339263916,0.65,1.0,0.9481634557692484
Evoformer,ATP5PD,1.0284322500228882,1.006980538368225,0.65,1.0,0.9673951102487308
Evoformer,ATP6AP1,1.0003736019134521,0.9903808236122131,0.75,1.0,0.9776201570168448
Evoformer,ATP6AP2,1.0102672576904297,1.0164037942886353,0.65,1.0,0.9807994249222095
Evoformer,ATP6V0B,0.9562456607818604,0.9200200438499451,0.75,1.0,0.9436039484113257
Evoformer,ATP6V0C,0.9593718647956848,0.929112434387207,0.5,1.0,0.9577207044487662
Evoformer,ATP6V0D1,0.8332808613777161,0.7039648294448853,0.65,1.0,0.9659581743868468
Evoformer,ATP6V1A,0.9953497648239136,0.9679014086723328,0.75,1.0,0.9690778098734452
Evoformer,ATP6V1B2,0.9558089375495911,0.8962887525558472,0.65,1.0,0.9767067711800103
Evoformer,ATP6V1F,0.9273626804351807,0.8576597571372986,0.75,1.0,0.9583278756557451
Evoformer,ATP6V1G1,0.9509108662605286,0.9118105173110962,0.75,1.0,0.9127027386038395
Evoformer,ATP6V1H,0.9759489893913269,0.9395472407341003,0.7,1.0,0.9770637183973505
Evoformer,ATR,0.9885283708572388,0.9652615189552307,0.7,1.0,0.9655283201883118
Evoformer,ATRIP,0.8865283131599426,0.7955157160758972,0.65,1.0,0.9371580447370526
Evoformer,AURKA,0.6752608418464661,0.6286753416061401,0.4,0.9,0.5785216014938477
Evoformer,AURKAIP1,0.7703345417976379,0.7087872624397278,0.65,0.95,0.8090455885872746
Evoformer,BAG6,0.7681376338005066,0.7161193490028381,0.45,1.0,0.9170429457909385
Evoformer,BANP,0.6013973355293274,0.5027734637260437,0.5,1.0,0.8678588009766564
Evoformer,BAP1,0.9095964431762695,0.8104854822158813,0.55,1.0,0.925501218763393
Evoformer,BARD1,0.6827952265739441,0.601721465587616,0.2,0.9,0.8402366127514449
Evoformer,BCLAF1,0.6694782972335815,0.5804969668388367,0.35,1.0,0.933393392804786
Evoformer,BCR,0.6603650450706482,0.5945591330528259,0.15,1.0,0.8427353024358716
Evoformer,BCS1L,0.656003475189209,0.5633728504180908,0.35,1.0,0.8989955482540828
Evoformer,BET1,0.8371607065200806,0.7644915580749512,0.5,1.0,0.9635930567467184
Evoformer,BMS1,0.9962168335914612,1.0095728635787964,0.75,1.0,0.9636866961152196
Evoformer,BOD1L1,0.6424512267112732,0.5692612528800964,0.45,0.95,0.7498673936004074
Evoformer,BORA,0.7435567378997803,0.6550611257553101,0.55,0.95,0.9156174769721476
Evoformer,BPTF,0.6896588802337646,0.6579216122627258,0.4,0.95,0.7652630326754326
Evoformer,BRCA1,0.8953596949577332,0.8063267469406128,0.65,1.0,0.9581978357601892
Evoformer,BRCA2,0.88075190782547,0.7920597195625305,0.6,1.0,0.9572378217136926
Evoformer,BRD2,0.6847996711730957,0.6174613833427429,0.5,1.0,0.8886033503151518
Evoformer,BRF1,0.8595612049102783,0.7662526965141296,0.5,1.0,0.9459975963273819
Evoformer,BRF2,0.6534405946731567,0.5940526723861694,0.2,1.0,0.8514947273296497
Evoformer,BRIP1,0.622056782245636,0.5434070825576782,0.25,1.0,0.8693312398462518
Evoformer,BRIX1,0.9957878589630127,0.9818809628486633,0.85,1.0,0.9560806688391722
Evoformer,BTAF1,0.6197662949562073,0.5410444140434265,0.35,0.95,0.7895442173798057
Evoformer,BTF3,0.8341978192329407,0.7651689052581787,0.55,1.0,0.8963160654669174
Evoformer,BTF3L4,0.6395874619483948,0.5709429383277893,0.3,0.9,0.7235928659916868
Evoformer,BUB1,0.8116400241851807,0.7028580904006958,0.65,1.0,0.7782243651427772
Evoformer,BUB1B,0.6971180438995361,0.6169377565383911,0.45,0.95,0.8703145361388128
Evoformer,BYSL,0.9687161445617676,0.9579449892044067,0.7,1.0,0.9567068853010792
Evoformer,C12orf45,0.9872996807098389,0.97162264585495,0.7,1.0,0.9472387251912625
Evoformer,C17orf58,0.7097277045249939,0.615161657333374,0.3,1.0,0.8900889536882141
Evoformer,C18orf21,0.9357036352157593,0.8628138899803162,0.7,1.0,0.9568826491332534
Evoformer,C19orf25,0.8037009835243225,0.6931464672088623,0.5,1.0,0.8873581190646943
Evoformer,C19orf53,0.6885630488395691,0.602634072303772,0.35,1.0,0.8408966506939382
Evoformer,C1orf131,0.9720228314399719,0.9413138031959534,0.75,1.0,0.973441333062629
Evoformer,C7orf26,0.8195405602455139,0.807914137840271,0.45,0.95,0.8601241570725087
Evoformer,C9orf16,0.5630075931549072,0.48571258783340454,0.3,0.95,0.6864553080851804
Evoformer,C9orf78,0.6721580028533936,0.6190779805183411,0.45,1.0,0.9425539480483466
Evoformer,CA5A,0.571906328201294,0.5190787315368652,0.3,1.0,0.8754078298258843
Evoformer,CABIN1,0.7716196775436401,0.6935690641403198,0.45,1.0,0.9216646449307946
Evoformer,CACTIN,0.9394325017929077,0.9583954215049744,0.35,1.0,0.9466062666388505
Evoformer,CADM4,0.5889902710914612,0.5011652708053589,0.35,0.9,0.863059588514156
Evoformer,CALR,0.6185280680656433,0.7730467915534973,0.5,1.0,0.8209024127382624
Evoformer,CASC3,0.8711661696434021,0.7444567680358887,0.7,0.95,0.9347485415040213
Evoformer,CBX1,0.5652371644973755,0.4800472557544708,0.25,1.0,0.9046888162108231
Evoformer,CCAR1,0.6731504201889038,0.5888025760650635,0.4,0.9,0.825555297579848
Evoformer,CCDC115,0.6822608113288879,0.5610026121139526,0.55,0.95,0.6890751655493441
Evoformer,CCDC174,0.8225744366645813,0.7576012015342712,0.4,1.0,0.8693998425318731
Evoformer,CCDC59,0.8815402984619141,0.7634868621826172,0.7,1.0,0.920269103982188
Evoformer,CCDC6,0.8299696445465088,0.7871288657188416,0.45,0.95,0.8831496453009375
Evoformer,CCDC86,1.0067675113677979,0.9588328003883362,0.75,1.0,0.9528237186443532
Evoformer,CCNB1,0.6080809831619263,0.5385937094688416,0.35,1.0,0.828868095018524
Evoformer,CCNC,0.7719343304634094,0.7247073650360107,0.3,0.95,0.9203502924257014
Evoformer,CCND3,0.518490195274353,0.45112842321395874,0.15,0.9,0.7661526176992534
Evoformer,CCNH,0.8156947493553162,0.7519969940185547,0.65,1.0,0.9162777883967559
Evoformer,CCP110,0.7167363166809082,0.5992937088012695,0.6,1.0,0.9386656320868697
Evoformer,CCT2,0.9767574667930603,0.9908267855644226,0.65,1.0,0.9718887016885654
Evoformer,CCT3,0.9660945534706116,0.9840837121009827,0.65,1.0,0.9636565104188615
Evoformer,CCT4,0.9641525149345398,0.9654235243797302,0.5,1.0,0.9723359304586664
Evoformer,CCT5,0.9855637550354004,0.9752411246299744,0.7,1.0,0.9821436739762537
Evoformer,CCT6A,0.9626882672309875,0.9808151125907898,0.6,1.0,0.9674062798078055
Evoformer,CCT7,0.9937185645103455,0.9996642470359802,0.6,1.0,0.9724513545928328
Evoformer,CCT8,0.9050151109695435,0.8664737939834595,0.5,1.0,0.944938725527565
Evoformer,CD2BP2,0.6113904714584351,0.5465617179870605,0.35,1.0,0.9045601369379045
Evoformer,CD3EAP,0.9961478114128113,0.9752594232559204,0.85,1.0,0.9729714187149922
Evoformer,CDC123,0.8381636142730713,0.7283726930618286,0.8,1.0,0.9442018569841836
Evoformer,CDC16,0.8234961032867432,0.7925267219543457,0.5,1.0,0.9303446201448105
Evoformer,CDC20,0.7492306232452393,0.6610521078109741,0.6,0.95,0.873142577860564
Evoformer,CDC42,0.854803204536438,0.7903760671615601,0.6,1.0,0.8478221836601475
Evoformer,CDC45,0.8247362971305847,0.7148703336715698,0.75,1.0,0.9507134950283836
Evoformer,CDC6,0.9987999200820923,0.972606360912323,0.8,1.0,0.9737168116610474
Evoformer,CDIPT,0.6588751673698425,0.5864372253417969,0.3,1.0,0.7877278247210282
Evoformer,CDK1,0.9824367761611938,0.967332124710083,0.85,1.0,0.9689930526272051
Evoformer,CDK2,0.6695778369903564,0.5617685317993164,0.45,0.95,0.8491853065841546
Evoformer,CDT1,0.9875606298446655,0.9444181323051453,0.75,1.0,0.9740172192215599
Evoformer,CEBPZ,1.0103251934051514,0.9868913888931274,0.8,1.0,0.9613258800984008
Evoformer,CENPC,0.753250002861023,0.6513728499412537,0.35,1.0,0.8760289165599031
Evoformer,CENPJ,0.9969000220298767,0.9697814583778381,0.7,1.0,0.9543318188319543
Evoformer,CENPK,0.8350645899772644,0.7210981845855713,0.7,1.0,0.8852902413803784
Evoformer,CENPN,0.7891875505447388,0.6951777338981628,0.5,1.0,0.902116190128806
Evoformer,CENPT,0.7900242209434509,0.7101691365242004,0.5,1.0,0.9176492606854811
Evoformer,CENPW,0.8388969898223877,0.7774055004119873,0.7,1.0,0.9630669944421419
Evoformer,CEP68,0.6541398167610168,0.5654813647270203,0.35,1.0,0.8834663932839776
Evoformer,CEP85,0.6546880006790161,0.5904935002326965,0.35,0.9,0.7511025362051227
Evoformer,CFL1,0.601923406124115,0.598035991191864,0.45,1.0,0.5186789061720029
Evoformer,CHAF1B,0.9400188326835632,0.8937634825706482,0.65,1.0,0.947405133786503
Evoformer,CHCHD1,0.6579278111457825,0.5892758369445801,0.35,0.95,0.8668576588780902
Evoformer,CHCHD2,0.6451565623283386,0.5561503171920776,0.35,0.95,0.8352464812749635
Evoformer,CHCHD4,1.0062148571014404,0.9619908332824707,0.65,1.0,0.9536848835981168
Evoformer,CHD4,0.6651939749717712,0.6130414009094238,0.25,0.95,0.7770551226264272
Evoformer,CHEK1,0.9212896227836609,0.866637647151947,0.6,1.0,0.957137679948404
Evoformer,CHERP,0.7756192088127136,0.7016876935958862,0.6,0.95,0.8579217835577428
Evoformer,CHMP4B,0.7275950908660889,0.6483874917030334,0.25,1.0,0.8423478751933808
Evoformer,CHMP6,0.990871012210846,1.0004948377609253,0.5,1.0,0.9146500310362742
Evoformer,CHMP7,0.5857632756233215,0.5311194062232971,0.3,0.9,0.8238363051570736
Evoformer,CHORDC1,0.653506875038147,0.571700394153595,0.45,0.95,0.7578678782687268
Evoformer,CHTOP,0.5818431377410889,0.4938613176345825,0.35,1.0,0.767300055381647
Evoformer,CIAO1,0.6158804297447205,0.5716975927352905,0.35,1.0,0.7370621372806121
Evoformer,CIAPIN1,0.9564635753631592,0.9570502042770386,0.65,1.0,0.9619740636040115
Evoformer,CLASRP,0.7297683954238892,0.6735498309135437,0.35,0.85,0.8084258575253993
Evoformer,CLPB,0.5945438146591187,0.5051833391189575,0.35,1.0,0.8709943798434248
Evoformer,CMPK1,0.6138448715209961,0.5359745621681213,0.3,0.95,0.8221255934126388
Evoformer,CMTR1,0.7749997973442078,0.6890106797218323,0.55,0.95,0.9146384582265257
Evoformer,CMTR2,0.6298988461494446,0.5587275624275208,0.3,1.0,0.8795799449321959
Evoformer,CNN2,0.5355004668235779,0.48610761761665344,0.35,0.9,0.8542247405635922
Evoformer,CNOT1,0.8799055218696594,0.8905375003814697,0.5,1.0,0.9153038178961364
Evoformer,CNOT10,0.6717178225517273,0.6408659815788269,0.4,1.0,0.8232270669033843
Evoformer,CNOT9,0.5709815621376038,0.5175349712371826,0.3,1.0,0.7817916316988309
Evoformer,COA5,0.8358983993530273,0.7579132914543152,0.45,1.0,0.829185153254857
Evoformer,COASY,0.6122519373893738,0.5484276413917542,0.35,0.9,0.7849341517859126
Evoformer,COG1,0.6776841878890991,0.5782753825187683,0.35,1.0,0.9034639242066986
Evoformer,COG2,0.8125596642494202,0.7748219966888428,0.6,1.0,0.9385773571806819
Evoformer,COG4,0.6212823390960693,0.5249850153923035,0.35,0.95,0.8861511406976492
Evoformer,COG6,0.6819344758987427,0.5994843244552612,0.35,1.0,0.8807776425008557
Evoformer,COMTD1,0.6683604121208191,0.5928522348403931,0.4,0.95,0.8634608084769319
Evoformer,COPS2,0.9889351725578308,0.9882867932319641,0.6,1.0,0.950195523894941
Evoformer,COPS3,0.9207644462585449,0.8751348257064819,0.7,1.0,0.9752018777884461
Evoformer,COPS4,0.9983307123184204,0.99493408203125,0.55,1.0,0.9556388853843795
Evoformer,COPS5,0.858788013458252,0.7908772230148315,0.5,1.0,0.9647648462506512
Evoformer,COPS8,0.5893966555595398,0.51598060131073,0.35,1.0,0.8255080616876364
Evoformer,COQ2,0.5676519870758057,0.4838661253452301,0.25,1.0,0.8214590126743027
Evoformer,COQ4,0.7350234985351562,0.6579901576042175,0.35,0.95,0.912737674517459
Evoformer,COQ5,0.5935560464859009,0.5107066631317139,0.25,0.95,0.792211162559305
Evoformer,COTL1,0.7803681492805481,0.7310697436332703,0.35,1.0,0.9399618366175342
Evoformer,COX10,0.7080178260803223,0.6080201864242554,0.3,1.0,0.4093859952955699
Evoformer,COX11,0.6095325350761414,0.5445601344108582,0.2,0.95,0.7211021619710115
Evoformer,COX5A,0.9914037585258484,0.9097390174865723,0.6,1.0,0.9444665780597817
Evoformer,COX7C,0.9540499448776245,0.8823436498641968,0.6,1.0,0.9392426966393475
Evoformer,CPSF1,0.7290160059928894,0.6971033811569214,0.6,0.9,0.8984573142050792
Evoformer,CPSF3,0.8487175107002258,0.8441187739372253,0.5,1.0,0.8597518862735467
Evoformer,CPSF4,0.8342474699020386,0.7756984233856201,0.6,1.0,0.8239709420345701
Evoformer,CPSF6,0.8433773517608643,0.8122435808181763,0.6,1.0,0.9304060076919761
Evoformer,CS,0.6517961621284485,0.6036391258239746,0.25,1.0,0.8793890028412058
Evoformer,CSDE1,0.7726102471351624,0.6919015049934387,0.65,1.0,0.928246836750664
Evoformer,CSE1L,0.959638237953186,0.9673337340354919,0.55,1.0,0.9604270374214466
Evoformer,CSNK2B,0.7676403522491455,0.7676329016685486,0.35,0.85,0.5431307465405986
Evoformer,CSTF1,0.7315500974655151,0.7472617626190186,0.4,0.95,0.6935323026916036
Evoformer,CSTF3,0.8167429566383362,0.7942104935646057,0.4,1.0,0.6944353385789509
Evoformer,CTCF,0.8493667840957642,0.7863987684249878,0.6,1.0,0.9586368215642868
Evoformer,CTDP1,0.6830165386199951,0.5966235995292664,0.35,0.9,0.8398602355615529
Evoformer,CTNNBL1,0.8608287572860718,0.7796663045883179,0.4,1.0,0.916379038412558
Evoformer,CTU2,0.8084343075752258,0.7131291627883911,0.55,1.0,0.9508088742415084
Evoformer,CUL1,0.7924042344093323,0.7359468936920166,0.45,1.0,0.9407594009060682
Evoformer,CUL2,0.9725277423858643,0.9124820828437805,0.75,1.0,0.9779754976021392
Evoformer,CUL7,0.9001284837722778,0.8848877549171448,0.5,0.95,0.8295711368616766
Evoformer,CWC15,0.9189801216125488,0.9119781851768494,0.45,1.0,0.9279930994813812
Evoformer,CWC22,0.8964912295341492,0.9124054312705994,0.55,1.0,0.904312963042322
Evoformer,CYC1,0.7110003232955933,0.6460745930671692,0.4,0.95,0.8687748525900499
Evoformer,CYFIP1,0.6563503742218018,0.5705795884132385,0.4,1.0,0.8839306739143905
Evoformer,CYREN,0.8531131148338318,0.7412018179893494,0.7,0.95,0.8747865157499533
Evoformer,DAP3,0.8036254048347473,0.7115228772163391,0.45,1.0,0.9398036744607121
Evoformer,DARS,0.9653536081314087,0.9432451725006104,0.75,1.0,0.9813549091080063
Evoformer,DAXX,0.8532209992408752,0.7803294658660889,0.45,1.0,0.8490981140301407
Evoformer,DBR1,0.8028756976127625,0.8241267800331116,0.5,1.0,0.8767835441381084
Evoformer,DCAF6,0.5590468049049377,0.46049192547798157,0.3,0.9,0.8832420715578356
Evoformer,DCTN1,0.8022516369819641,0.7477787137031555,0.4,1.0,0.8931910966622542
Evoformer,DCTN2,0.900660514831543,0.8142727017402649,0.65,1.0,0.9582572873603294
Evoformer,DCTN3,0.8749858736991882,0.8266435265541077,0.55,1.0,0.9739866831879875
Evoformer,DCTN4,0.8265997767448425,0.7318256497383118,0.55,1.0,0.9164261184728744
Evoformer,DCTN6,0.8008090257644653,0.708837628364563,0.55,1.0,0.9523887270877704
Evoformer,DCUN1D5,0.9589552283287048,0.9239508509635925,0.7,1.0,0.9721044503389782
Evoformer,DDOST,0.8434751629829407,0.748329758644104,0.65,1.0,0.9414555882505364
Evoformer,DDX1,0.6349254250526428,0.5510849952697754,0.4,1.0,0.8664771931904055
Evoformer,DDX10,0.9963216185569763,1.0077829360961914,0.8,1.0,0.962447200313495
Evoformer,DDX17,0.590406060218811,0.5545110702514648,0.25,0.9,0.7105774543351797
Evoformer,DDX18,0.9601722359657288,0.9637629985809326,0.7,1.0,0.9335115492895913
Evoformer,DDX19A,0.5534080266952515,0.47886866331100464,0.25,0.9,0.7000979112531386
Evoformer,DDX20,0.8583602905273438,0.8325651288032532,0.25,1.0,0.854464658251282
Evoformer,DDX21,0.9812842011451721,0.9824783802032471,0.7,1.0,0.953173520179462
Evoformer,DDX23,1.000561237335205,1.0045802593231201,0.7,1.0,0.9752394558992646
Evoformer,DDX27,1.0199872255325317,0.9933478236198425,0.8,1.0,0.9684710414917364
Evoformer,DDX3X,0.6026106476783752,0.5376315116882324,0.25,1.0,0.8885021675444645
Evoformer,DDX41,0.936090886592865,0.9552494287490845,0.4,1.0,0.9528064563768749
Evoformer,DDX5,0.8185623288154602,0.7967696785926819,0.5,1.0,0.8104347569120376
Evoformer,DDX51,1.0014698505401611,0.9913495779037476,0.75,1.0,0.9684119459278863
Evoformer,DDX52,0.9810830354690552,0.975976824760437,0.75,1.0,0.9676085299985833
Evoformer,DDX55,1.0458797216415405,1.028517723083496,0.8,1.0,0.972149220454694
Evoformer,DDX56,0.9509553909301758,0.9144734740257263,0.75,1.0,0.962131341594529
Evoformer,DDX6,0.8285647630691528,0.7815648317337036,0.4,0.95,0.8816272181557753
Evoformer,DENR,0.7849243879318237,0.703070342540741,0.55,1.0,0.9116360287275491
Evoformer,DERL2,1.0082236528396606,0.9790870547294617,0.65,1.0,0.9673230667432108
Evoformer,DESI1,0.6996495127677917,0.6735565066337585,0.35,0.95,0.806285473933997
Evoformer,DHODH,0.5938261151313782,0.4843394160270691,0.45,1.0,0.8658617371267975
Evoformer,DHPS,0.6944783926010132,0.6210796236991882,0.35,1.0,0.8643385409862313
Evoformer,DHX15,0.9767853617668152,0.9907993674278259,0.5,1.0,0.9571774031844138
Evoformer,DHX16,0.8869487643241882,0.9168133735656738,0.35,0.95,0.8934024724055775
Evoformer,DHX29,0.711710512638092,0.6573444604873657,0.45,0.95,0.8884797630462353
Evoformer,DHX33,0.9008165597915649,0.7834843993186951,0.7,1.0,0.9460032386890318
Evoformer,DHX36,0.6699722409248352,0.5864370465278625,0.35,1.0,0.8439579727526559
Evoformer,DHX37,0.8529509902000427,0.7532543540000916,0.7,1.0,0.9602361656591221
Evoformer,DIMT1,0.9789950847625732,0.9700144529342651,0.85,1.0,0.965999807927156
Evoformer,DKC1,0.9151743054389954,0.8529466986656189,0.7,1.0,0.944764411714509
Evoformer,DLD,0.963873565196991,0.9612778425216675,0.5,1.0,0.9021044566150352
Evoformer,DNAJA1,0.6229673027992249,0.5333057045936584,0.2,0.85,0.8887898590641979
Evoformer,DNAJA3,0.963259220123291,0.8665444254875183,0.55,1.0,0.9510474561399644
Evoformer,DNAJC17,0.9511958956718445,0.9712609648704529,0.55,1.0,0.9083834430575569
Evoformer,DNAJC19,0.58126300573349,0.49754366278648376,0.3,0.9,0.7680984134901506
Evoformer,DNAJC8,0.6304925084114075,0.5684701800346375,0.3,0.95,0.8142496183582553
Evoformer,DNM1L,0.6027810573577881,0.529055655002594,0.45,1.0,0.8469359092486132
Evoformer,DNMT1,0.8025926351547241,0.7617523670196533,0.55,0.95,0.8979993990965413
Evoformer,DNTTIP2,0.9787574410438538,0.9710310697555542,0.75,1.0,0.9489988176342214
Evoformer,DOHH,0.7007697224617004,0.6604663729667664,0.35,1.0,0.8852618449144314
Evoformer,DOLK,0.6670461297035217,0.5817811489105225,0.2,0.95,0.826222341487844
Evoformer,DPH2,0.6868656873703003,0.63255375623703,0.65,1.0,0.7084081471437431
Evoformer,DPH3,0.6131032705307007,0.522176206111908,0.4,1.0,0.8464572990000492
Evoformer,DPH6,0.6343795657157898,0.5560851693153381,0.2,1.0,0.915072694602778
Evoformer,DRAP1,0.6112320423126221,0.5364706516265869,0.35,0.9,0.8225249449785612
Evoformer,DRG1,0.6554386019706726,0.5799865126609802,0.45,0.95,0.8573380052699554
Evoformer,DSTYK,0.736242413520813,0.6548930406570435,0.6,0.95,0.9109735590464905
Evoformer,DTL,0.948168158531189,0.8819239139556885,0.8,1.0,0.9772325197292769
Evoformer,DYNC1I2,0.8188571333885193,0.728528618812561,0.55,1.0,0.9459252801916674
Evoformer,DYNLL1,0.7972846627235413,0.7484819889068604,0.75,1.0,0.5341190035353639
Evoformer,DYNLL2,0.6034602522850037,0.5351390838623047,0.2,0.85,0.6693014694387363
Evoformer,E2F6,0.6917055249214172,0.6270464658737183,0.35,0.95,0.8174666379014154
Evoformer,E4F1,0.95843106508255,0.913046658039093,0.8,1.0,0.9873395224619925
Evoformer,EARS2,0.8053742051124573,0.7166913747787476,0.5,1.0,0.8876076526755902
Evoformer,EBNA1BP2,0.9924508333206177,0.9840496778488159,0.7,1.0,0.9691741052474243
Evoformer,ECD,0.7929139733314514,0.6982887983322144,0.65,1.0,0.914628032168567
Evoformer,EDC4,0.8181329965591431,0.7819703221321106,0.5,1.0,0.902773689863045
Evoformer,EFR3A,0.6576848030090332,0.5859881639480591,0.4,1.0,0.8961887453376758
Evoformer,EFTUD2,0.9687836766242981,0.9521433115005493,0.65,1.0,0.9544707719906883
Evoformer,EHMT2,0.6224844455718994,0.6033008098602295,0.55,1.0,0.7162734558793732
Evoformer,EIF1,0.5895769000053406,0.6337757706642151,0.5,1.0,0.540748939994187
Evoformer,EIF1AD,0.6766468286514282,0.6076355576515198,0.45,1.0,0.9040699215856745
Evoformer,EIF1AX,0.7901790142059326,0.7157819271087646,0.5,1.0,0.9175483225658951
Evoformer,EIF2B1,1.0244269371032715,1.0108938217163086,0.7,1.0,0.9670420748687136
Evoformer,EIF2B2,1.0059576034545898,1.0199193954467773,0.65,1.0,0.9809779203264605
Evoformer,EIF2B3,0.9966209530830383,1.0028555393218994,0.65,1.0,0.9746990658731972
Evoformer,EIF2B4,0.9752788543701172,0.9617412686347961,0.7,1.0,0.9633767462362576
Evoformer,EIF2B5,1.001946210861206,1.01388680934906,0.6,1.0,0.968501712154007
Evoformer,EIF2S1,0.9457834362983704,0.9547910094261169,0.6,1.0,0.9680683284734372
Evoformer,EIF2S2,1.0020620822906494,0.9892261624336243,0.7,1.0,0.9861067949501241
Evoformer,EIF2S3,0.9631814956665039,0.9658635258674622,0.65,1.0,0.9722326965815374
Evoformer,EIF3A,0.9945223927497864,0.9923310875892639,0.6,1.0,0.9597910723988776
Evoformer,EIF3B,0.9667955040931702,0.9927955865859985,0.5,1.0,0.9246893879789938
Evoformer,EIF3I,0.9520412087440491,0.9860907793045044,0.4,1.0,0.9320950951247466
Evoformer,EIF3J,0.9035220146179199,0.8123032450675964,0.7,1.0,0.9775879928838594
Evoformer,EIF3L,0.8383253812789917,0.7501431703567505,0.7,1.0,0.9570041707213606
Evoformer,EIF4A1,0.9120279550552368,0.8417308330535889,0.6,1.0,0.9509281203234143
Evoformer,EIF4A3,0.9713788628578186,0.9620914459228516,0.7,1.0,0.9595738729467299
Evoformer,EIF4B,0.6925577521324158,0.8030637502670288,0.25,0.9,0.9732069033220669
Evoformer,EIF4E,0.9967870116233826,0.9397395253181458,0.75,1.0,0.9526629326691091
Evoformer,EIF4G1,0.8680723309516907,0.7954571843147278,0.65,1.0,0.9607268210170842
Evoformer,EIF4G2,0.694679856300354,0.649511456489563,0.35,0.9,0.7994302841925424
Evoformer,EIF4H,0.6030840277671814,0.5051044225692749,0.3,0.95,0.6975389374678526
Evoformer,EIF5A,0.8938880562782288,0.8993199467658997,0.5,1.0,0.9576161341498803
Evoformer,EIF6,0.9295663833618164,0.9476825594902039,0.85,1.0,0.9302659128753742
Evoformer,ELAC2,0.638886570930481,0.6114835143089294,0.45,0.95,0.561924587025076
Evoformer,ELL,0.8828675150871277,0.8190353512763977,0.45,1.0,0.9380356135634724
Evoformer,ELOB,0.9028984904289246,0.844977855682373,0.7,1.0,0.8391481647106599
Evoformer,ELOF1,0.8264745473861694,0.7734969854354858,0.65,1.0,0.9288130862534264
Evoformer,ELOVL1,0.5905788540840149,0.5323935151100159,0.35,0.95,0.8300965243730629
Evoformer,ELP3,0.9453548789024353,0.8570098876953125,0.7,1.0,0.9805803599940409
Evoformer,ELP5,0.929929792881012,0.8562197089195251,0.6,1.0,0.953066043458673
Evoformer,ELP6,0.8461636900901794,0.7420863509178162,0.7,1.0,0.9851121739746421
Evoformer,EMC1,0.7275626063346863,0.6734446287155151,0.25,0.95,0.8874745393964771
Evoformer,EMC4,0.6724716424942017,0.6209808588027954,0.35,1.0,0.8303951231802756
Evoformer,EMC7,0.6919944286346436,0.5979158878326416,0.5,1.0,0.6249668162822493
Evoformer,ENO1,0.4583333730697632,0.5960760712623596,0.15,0.9,0.8354543841455586
Evoformer,ENY2,0.8442967534065247,0.7839754223823547,0.5,1.0,0.8739956809796764
Evoformer,EPRS,0.9427537322044373,0.9518316388130188,0.55,1.0,0.9642669089430146
Evoformer,ERAL1,0.6149534583091736,0.5472331643104553,0.35,1.0,0.8371877212485372
Evoformer,ERCC2,0.7686212062835693,0.6971856355667114,0.4,1.0,0.9340291942141903
Evoformer,ERCC3,0.5838420391082764,0.509706437587738,0.25,1.0,0.8700891662872222
Evoformer,ESF1,0.8395267128944397,0.7420434951782227,0.75,1.0,0.9381132046542222
Evoformer,ETF1,0.9932166934013367,0.9705213308334351,0.65,1.0,0.9778934169919593
Evoformer,EXOC1,0.7141716480255127,0.6068026423454285,0.6,1.0,0.9641936982151106
Evoformer,EXOC2,0.6830839514732361,0.587982714176178,0.45,1.0,0.8873463714614864
Evoformer,EXOC3,0.5418453216552734,0.45370423793792725,0.2,0.95,0.7935497422460059
Evoformer,EXOC4,0.6988064646720886,0.6297198534011841,0.35,1.0,0.8747019262804118
Evoformer,EXOC5,0.6073267459869385,0.5302727818489075,0.4,0.95,0.844211265818235
Evoformer,EXOC7,0.8851406574249268,0.8268402218818665,0.55,1.0,0.9772631944602839
Evoformer,EXOSC1,0.672593355178833,0.5693011283874512,0.55,1.0,0.8855987250577065
Evoformer,EXOSC2,0.9746080636978149,1.0074834823608398,0.65,1.0,0.9559295637576029
Evoformer,EXOSC3,0.9540889859199524,0.9736203551292419,0.65,1.0,0.9454027366897
Evoformer,EXOSC4,0.9646486639976501,0.9915241599082947,0.6,1.0,0.9289965634107414
Evoformer,EXOSC5,0.9624459743499756,0.9667959213256836,0.7,1.0,0.9470406567698277
Evoformer,EXOSC7,0.8736463189125061,0.8330758810043335,0.7,1.0,0.8989415205349748
Evoformer,EXOSC8,0.9490343928337097,0.9629557132720947,0.65,1.0,0.936276073360189
Evoformer,EXOSC9,0.956517219543457,0.958875834941864,0.6,1.0,0.9397157782482978
Evoformer,F8A1,0.563668429851532,0.47999605536460876,0.15,0.95,0.8007128208595187
Evoformer,FAM136A,0.9548429846763611,0.908248782157898,0.55,1.0,0.9514122367157268
Evoformer,FAM207A,0.6351856589317322,0.5583642721176147,0.5,0.9,0.8691006080040412
Evoformer,FAM32A,0.9133472442626953,0.9112237691879272,0.5,0.95,0.9063578671670836
Evoformer,FARSA,0.9714438915252686,0.9703835248947144,0.6,1.0,0.9647396367817521
Evoformer,FASN,0.7786269783973694,0.7410903573036194,0.3,1.0,0.8212767477394975
Evoformer,FASTKD5,0.5562164187431335,0.593111515045166,0.45,0.75,0.6016058275710168
Evoformer,FAU,0.9804324507713318,0.9722274541854858,0.75,1.0,0.9258269596689891
Evoformer,FBLIM1,0.5577994585037231,0.47536391019821167,0.3,0.85,0.8033332707697758
Evoformer,FBXO42,0.6560052037239075,0.5904868245124817,0.35,0.95,0.7753517634849774
Evoformer,FCF1,0.9540433287620544,0.9102022051811218,0.75,1.0,0.9712197048307684
Evoformer,FDPS,0.7444638609886169,0.6824486255645752,0.4,1.0,0.9168710207698766
Evoformer,FDXR,0.5496622920036316,0.4889911711215973,0.35,0.9,0.5435306696690482
Evoformer,FGFR1OP,0.6271973848342896,0.5470045804977417,0.25,0.95,0.8457963455508155
Evoformer,FKBP9,0.8083838224411011,0.7717112898826599,0.5,1.0,0.8967929256293204
Evoformer,FNBP4,0.6831263303756714,0.626822292804718,0.5,1.0,0.901524069857717
Evoformer,FNTA,0.8771175146102905,0.8759862780570984,0.5,1.0,0.8988419844247996
Evoformer,FOXO1,0.5789734721183777,0.5418490171432495,0.15,0.9,0.8541605351545052
Evoformer,FXN,0.7374392151832581,0.7044025659561157,0.35,1.0,0.8539588422826873
Evoformer,GABPA,0.6979334950447083,0.6175796985626221,0.7,1.0,0.8243814291473994
Evoformer,GABPB1,0.8609393835067749,0.8090205192565918,0.7,0.9,0.8517364955257224
Evoformer,GAR1,0.8989148736000061,0.8279114365577698,0.65,1.0,0.9767238763244295
Evoformer,GART,0.7056680917739868,0.6308554410934448,0.2,1.0,0.8429556841315861
Evoformer,GCLC,0.6117522120475769,0.5497873425483704,0.3,0.9,0.6065558055685283
Evoformer,GEMIN4,0.7937033772468567,0.7323969602584839,0.25,1.0,0.6746947541677557
Evoformer,GEMIN5,0.9338229298591614,0.9332338571548462,0.35,1.0,0.9609759217639816
Evoformer,GFER,0.8440352082252502,0.753024160861969,0.7,1.0,0.9583305639830639
Evoformer,GFM1,1.0318714380264282,1.0162230730056763,0.7,1.0,0.9810186778392065
Evoformer,GFOD2,0.7215179204940796,0.6175019145011902,0.45,0.95,0.8975439667187766
Evoformer,GINS1,0.9389743804931641,0.9036442041397095,0.7,1.0,0.9612195775884794
Evoformer,GINS2,0.8199955821037292,0.7445158958435059,0.65,1.0,0.9036325375536267
Evoformer,GINS4,0.8841500282287598,0.847833514213562,0.55,1.0,0.9304763549759674
Evoformer,GLB1,0.9449860453605652,0.9397377371788025,0.7,1.0,0.9647256034403203
Evoformer,GLE1,0.8973329663276672,0.8810582756996155,0.45,1.0,0.9305470267048135
Evoformer,GLRX3,0.6328921914100647,0.5277140736579895,0.5,1.0,0.8606898634447823
Evoformer,GLRX5,0.653544545173645,0.5600304007530212,0.3,0.95,0.8104314299129549
Evoformer,GMPPB,0.7766444683074951,0.6574578881263733,0.65,1.0,0.9431180060152097
Evoformer,GNB1L,0.719586968421936,0.6330966949462891,0.55,1.0,0.9341059849465341
Evoformer,GNL2,0.9860132336616516,0.976513147354126,0.75,1.0,0.9550777072454845
Evoformer,GNL3,1.0192220211029053,0.9975281357765198,0.75,1.0,0.9611856784414593
Evoformer,GNL3L,0.9925187826156616,0.9559027552604675,0.65,1.0,0.9547583294151304
Evoformer,GNPAT,0.8511553406715393,0.7581177353858948,0.75,1.0,0.9539271824126143
Evoformer,GNPNAT1,0.6383727788925171,0.6508963704109192,0.3,1.0,0.9539409580181177
Evoformer,GOLT1B,0.7036341428756714,0.6241303086280823,0.35,1.0,0.8134285116528752
Evoformer,GPKOW,0.8422486186027527,0.8597564697265625,0.5,0.95,0.9378743118565268
Evoformer,GPN1,0.8972907662391663,0.8712591528892517,0.6,1.0,0.7859931779679049
Evoformer,GPN3,0.9447389245033264,0.9323958158493042,0.7,0.95,0.9043385129713846
Evoformer,GPS1,1.0268499851226807,1.0645476579666138,0.75,1.0,0.9583797649105976
Evoformer,GPS2,0.692248523235321,0.6284327507019043,0.3,1.0,0.9267161877977729
Evoformer,GRPEL1,1.0230295658111572,0.9825108647346497,0.65,1.0,0.9717762361628206
Evoformer,GRSF1,0.7856960892677307,0.676344633102417,0.55,1.0,0.9371313000864531
Evoformer,GRWD1,0.5805415511131287,0.5084689259529114,0.15,0.95,0.6372070318255363
Evoformer,GSK3B,0.6467714905738831,0.5892948508262634,0.35,0.95,0.831404086910141
Evoformer,GSPT1,1.0010403394699097,0.9693519473075867,0.7,1.0,0.9827582774747772
Evoformer,GTF2A1,0.9097082018852234,0.9481165409088135,0.55,1.0,0.9036312795945137
Evoformer,GTF2A2,0.6807624697685242,0.6549416780471802,0.5,1.0,0.8941967296648402
Evoformer,GTF2E1,0.7011534571647644,0.6118540167808533,0.4,0.95,0.8128407013986845
Evoformer,GTF2E2,0.9383997917175293,0.9487563371658325,0.55,0.95,0.8547605785602181
Evoformer,GTF2F2,0.903350293636322,0.8847729563713074,0.7,1.0,0.9287656719089719
Evoformer,GTF2H1,0.8678469657897949,0.8237332105636597,0.55,1.0,0.9424958948797751
Evoformer,GTF2H3,0.6948234438896179,0.5921244621276855,0.45,1.0,0.8820882888704784
Evoformer,GTF2H4,0.6826578378677368,0.6106773614883423,0.25,0.9,0.8223447876877824
Evoformer,GTF3A,0.8565245866775513,0.7818977236747742,0.55,1.0,0.9178448395421233
Evoformer,GTF3C1,0.6627702116966248,0.602780818939209,0.3,1.0,0.7648295541544781
Evoformer,GTF3C2,0.7949303984642029,0.7320931553840637,0.45,1.0,0.8222308321143438
Evoformer,GTF3C6,0.6978384256362915,0.5992602109909058,0.4,1.0,0.8875491230629718
Evoformer,GTPBP4,0.9876403212547302,0.9410842061042786,0.8,1.0,0.9528184579240719
Evoformer,GUK1,0.6437364220619202,0.6282036304473877,0.35,1.0,0.7865004146326053
Evoformer,GYG1,0.7321502566337585,0.6472791433334351,0.4,1.0,0.9642481375462532
Evoformer,H2AFX,0.7132593393325806,0.6649153828620911,0.35,0.95,0.7484080644852766
Evoformer,H2AFZ,0.5886585116386414,0.6509270668029785,0.4,0.9,0.7296163044187405
Evoformer,H3F3A,0.59559565782547,0.6162591576576233,0.25,1.0,0.36832285022303013
Evoformer,HAMP,0.6426972150802612,0.5737210512161255,0.35,0.9,0.7407102301836221
Evoformer,HARS,1.010140061378479,0.9698094725608826,0.7,1.0,0.9909753681083212
Evoformer,HAUS8,0.6886599659919739,0.5990760922431946,0.65,1.0,0.8874649238054219
Evoformer,HDAC3,0.7358057498931885,0.730782151222229,0.4,1.0,0.8578950113868975
Evoformer,HDAC7,0.8216938972473145,0.7837701439857483,0.5,1.0,0.9153783350286835
Evoformer,HECTD1,0.6978039145469666,0.6221301555633545,0.25,0.9,0.8449318124676007
Evoformer,HERC1,0.7346240878105164,0.6307957172393799,0.6,1.0,0.8972578124335788
Evoformer,HGS,1.0053335428237915,0.9576485753059387,0.8,1.0,0.9840127722902947
Evoformer,HHEX,0.6170405745506287,0.5582232475280762,0.2,0.95,0.8120977497762591
Evoformer,HIPK1,0.7041028141975403,0.6753354072570801,0.35,0.95,0.7581607253881911
Evoformer,HIST1H2BN,0.6967146396636963,0.5651978850364685,0.5,0.95,0.8390241891767147
Evoformer,HJURP,0.7023786306381226,0.6271260380744934,0.3,0.95,0.7117872119693309
Evoformer,HMBOX1,0.570293664932251,0.494931697845459,0.2,0.95,0.828919355762434
Evoformer,HMGA1,0.6636501550674438,0.5881262421607971,0.45,0.8,0.81628011405056
Evoformer,HMGB3,0.8899075388908386,0.778682291507721,0.8,1.0,0.9809205403600703
Evoformer,HMGCS1,0.9124246835708618,0.9017374515533447,0.5,0.95,0.8133484994856065
Evoformer,HNRNPA1,0.7317348122596741,0.6404374837875366,0.3,0.95,0.8698542031963429
Evoformer,HNRNPDL,0.8055077791213989,0.7443471550941467,0.45,0.95,0.892568589939685
Evoformer,HNRNPH1,0.6316578984260559,0.5863093733787537,0.35,0.95,0.8153888821630733
Evoformer,HNRNPK,0.9489064812660217,0.9024096131324768,0.65,1.0,0.8532457738118344
Evoformer,HNRNPL,0.7967645525932312,0.7276117205619812,0.65,1.0,0.9145809695601139
Evoformer,HPS5,0.756191074848175,0.6895776391029358,0.5,0.95,0.6883894909747726
Evoformer,HS6ST1,0.6068377494812012,0.5168017745018005,0.1,0.95,0.7679855708936177
Evoformer,HSCB,0.5584954619407654,0.4769814610481262,0.35,0.95,0.7794645800141372
Evoformer,HSD17B10,0.9414684772491455,0.9005075693130493,0.65,1.0,0.9740425908758212
Evoformer,HSD17B12,0.7181523442268372,0.6100683808326721,0.5,1.0,0.9205981924181178
Evoformer,HSP90B1,0.563467264175415,0.6425954699516296,0.35,1.0,0.8967585132322015
Evoformer,HSPA14,0.6991498470306396,0.5958165526390076,0.5,1.0,0.9175588941002728
Evoformer,HSPA8,0.7683762311935425,0.7566733360290527,0.55,0.95,0.8756213290741375
Evoformer,HSPA9,1.0159151554107666,1.0343230962753296,0.55,1.0,0.9629712008098299
Evoformer,HSPE1,1.006546139717102,0.9940416216850281,0.55,1.0,0.932082092939931
Evoformer,HUS1,0.5805370211601257,0.49524986743927,0.2,0.95,0.8634254415127101
Evoformer,HUWE1,0.8141252994537354,0.7411534190177917,0.5,1.0,0.8053602570049225
Evoformer,IARS,0.9117543697357178,0.8397339582443237,0.7,1.0,0.9565232893831811
Evoformer,IARS2,0.9949961304664612,0.9747605323791504,0.7,1.0,0.9766041991702118
Evoformer,ICE1,0.9703429341316223,0.945316731929779,0.6,1.0,0.9766508206995698
Evoformer,ILF2,0.8847419023513794,0.7832679152488708,0.65,1.0,0.8403544039347376
Evoformer,ILF3,0.7658677101135254,0.6835623979568481,0.45,0.95,0.7613735376449415
Evoformer,IMP4,0.9824857711791992,0.9664438366889954,0.8,1.0,0.9602102808034332
Evoformer,IMPA2,0.8858049511909485,0.8192078471183777,0.7,1.0,0.9669917501648757
Evoformer,IMPDH2,0.8697380423545837,0.7936229109764099,0.65,1.0,0.9502581117193569
Evoformer,INF2,0.62650465965271,0.5347025394439697,0.35,0.95,0.8802361587447584
Evoformer,INO80,0.6965967416763306,0.6239470839500427,0.4,1.0,0.8982814372335547
Evoformer,INO80B,0.6707876324653625,0.5833256244659424,0.45,0.9,0.865940521439511
Evoformer,INPPL1,0.8024002909660339,0.7129887938499451,0.6,0.95,0.8679865217454784
Evoformer,INTS1,0.67621910572052,0.623963475227356,0.15,0.95,0.8422847720803227
Evoformer,INTS10,0.717696487903595,0.6400820016860962,0.35,0.95,0.8160377710588245
Evoformer,INTS11,0.9821518659591675,0.929271399974823,0.85,1.0,0.9740746119200082
Evoformer,INTS12,0.6359314322471619,0.58043372631073,0.4,1.0,0.7455599699237621
Evoformer,INTS13,0.7244252562522888,0.6674579977989197,0.35,1.0,0.8875012694032913
Evoformer,INTS14,0.9056674242019653,0.87208491563797,0.5,1.0,0.8389507384698996
Evoformer,INTS2,0.9274328947067261,0.9512503147125244,0.45,1.0,0.9396806055073702
Evoformer,INTS3,0.9000365138053894,0.8834910988807678,0.6,1.0,0.9482278049980114
Evoformer,INTS4,0.9383019208908081,0.898493766784668,0.55,1.0,0.9323680271368004
Evoformer,INTS5,0.9256998300552368,0.9468744993209839,0.45,1.0,0.9469845423631236
Evoformer,INTS6,0.8204094767570496,0.7621492147445679,0.5,1.0,0.9444420796472381
Evoformer,INTS7,0.8642281889915466,0.8299633860588074,0.5,1.0,0.9441454405483074
Evoformer,INTS8,0.941587507724762,0.964490532875061,0.65,1.0,0.963448293940004
Evoformer,INTS9,0.9283372759819031,0.9138581156730652,0.6,1.0,0.8789173554719464
Evoformer,IPO11,0.7397879362106323,0.666203498840332,0.55,0.9,0.8602636459303411
Evoformer,IPO7,0.9326287508010864,0.8194248080253601,0.7,1.0,0.9762056759886985
Evoformer,IPO9,0.7718088030815125,0.6899306178092957,0.35,1.0,0.9018014517452874
Evoformer,ISCA2,0.7749247550964355,0.7118843793869019,0.55,1.0,0.6997405249400469
Evoformer,ISCU,0.6793529391288757,0.6174102425575256,0.3,0.9,0.832568644278154
Evoformer,ISG20L2,1.006824016571045,0.9811533689498901,0.75,1.0,0.9705124849409187
Evoformer,IST1,0.7204033732414246,0.6198058724403381,0.4,1.0,0.9090822269734125
Evoformer,ITGB1BP1,0.6369707584381104,0.5647878646850586,0.4,1.0,0.7291933369104036
Evoformer,IWS1,0.6938371658325195,0.6466646194458008,0.4,0.9,0.8714729230130206
Evoformer,JMJD6,0.5853407382965088,0.4994104504585266,0.3,0.95,0.8619417550904083
Evoformer,KAT7,0.6968984007835388,0.6213008165359497,0.45,0.95,0.8630017732260016
Evoformer,KCMF1,0.6893086433410645,0.5935370922088623,0.3,0.9,0.6733033088915816
Evoformer,KDM1A,0.7397072315216064,0.6883147954940796,0.3,1.0,0.914633841800658
Evoformer,KDM6A,0.6807588934898376,0.6360418200492859,0.1,0.95,0.8400958971030701
Evoformer,KEAP1,0.852182924747467,0.8557530641555786,0.5,0.95,0.8238325663433606
Evoformer,KIAA0586,0.8713238835334778,0.7972412705421448,0.7,1.0,0.9624260621258801
Evoformer,KIAA1143,0.5789783596992493,0.5047831535339355,0.35,0.95,0.8584661964675027
Evoformer,KIF11,0.6822482347488403,0.5873695611953735,0.6,1.0,0.8356508172413042
Evoformer,KIF18B,0.9908075928688049,0.9199059009552002,0.7,1.0,0.9585931011294392
Evoformer,KIN,1.0085331201553345,0.9909424781799316,0.8,1.0,0.9686583055075161
Evoformer,KRI1,0.9793537259101868,0.9643466472625732,0.85,1.0,0.9621683847137351
Evoformer,KRR1,0.8974792957305908,0.805780827999115,0.7,1.0,0.9439105714184375
Evoformer,KTI12,0.7461115717887878,0.6267609596252441,0.65,1.0,0.9539218702603516
Evoformer,LAMB1,0.8312318921089172,0.7655045390129089,0.55,1.0,0.9689633219986024
Evoformer,LAMTOR1,0.6559132933616638,0.6040154695510864,0.45,0.95,0.8216911583298577
Evoformer,LAMTOR4,0.6954787969589233,0.5829944014549255,0.55,1.0,0.8553875983070385
Evoformer,LARS,0.975506603717804,0.966463565826416,0.7,1.0,0.970051569311454
Evoformer,LARS2,0.8656599521636963,0.7589265704154968,0.5,1.0,0.8893616966131951
Evoformer,LAS1L,1.0283958911895752,0.9930955767631531,0.8,1.0,0.9627632662173978
Evoformer,LDB1,0.6408770680427551,0.5492393970489502,0.3,0.95,0.8397968834069409
Evoformer,LETM1,0.895625114440918,0.7836354970932007,0.7,1.0,0.9606046580236074
Evoformer,LIMS1,0.617610514163971,0.5366227626800537,0.25,0.95,0.8105648076023168
Evoformer,LIN52,0.6941179633140564,0.6760274171829224,0.45,1.0,0.9091256842038428
Evoformer,LONP1,0.908191978931427,0.8383170366287231,0.6,0.95,0.8922275327860577
Evoformer,LPIN1,0.5637134313583374,0.48167869448661804,0.35,0.9,0.8280370907574426
Evoformer,LRP5,0.5073294043540955,0.54609215259552,0.4,0.95,0.7114524908412722
Evoformer,LRR1,0.900459349155426,0.8172416090965271,0.65,1.0,0.9672885635432604
Evoformer,LSG1,1.0354994535446167,1.0123854875564575,0.75,1.0,0.9679993810889508
Evoformer,LSM10,0.8030415177345276,0.6492576003074646,0.45,1.0,0.9780404968144122
Evoformer,LSM12,0.8327122926712036,0.819366455078125,0.4,1.0,0.8557043674622713
Evoformer,LSM2,0.970299243927002,0.9394754767417908,0.6,1.0,0.9658060751546081
Evoformer,LSM3,0.8793891072273254,0.8248307704925537,0.4,1.0,0.8310243560120014
Evoformer,LSM4,0.9803283214569092,0.9464582800865173,0.85,1.0,0.9770299605315986
Evoformer,LSM5,0.9624195694923401,0.9538450837135315,0.7,1.0,0.9431504357274613
Evoformer,LSM6,0.9861627221107483,0.9766350984573364,0.6,1.0,0.9576469690320104
Evoformer,LSM7,0.9384214282035828,0.9245997071266174,0.6,1.0,0.958976645729673
Evoformer,LTBP3,0.6422045230865479,0.5726689100265503,0.4,1.0,0.7945354892846387
Evoformer,LTV1,0.9736701250076294,0.9675014019012451,0.7,1.0,0.9428712623441694
Evoformer,LYRM4,0.7187372446060181,0.5965958833694458,0.55,1.0,0.8815097726234863
Evoformer,MAD2L1,0.8282290697097778,0.7282909750938416,0.65,1.0,0.11748009149509216
Evoformer,MAD2L2,0.7312020063400269,0.6879807710647583,0.45,1.0,0.9141495624082925
Evoformer,MAK16,0.9770211577415466,0.9288422465324402,0.8,1.0,0.973663613190371
Evoformer,MALSU1,0.8013216853141785,0.6881837844848633,0.5,1.0,0.9528305469099
Evoformer,MANF,0.6101621389389038,0.5244826674461365,0.4,1.0,0.9258031519587102
Evoformer,MAP2K7,0.8452883958816528,0.7931492328643799,0.6,1.0,0.8797278665486307
Evoformer,MARS,0.9862374663352966,0.9546602964401245,0.7,1.0,0.9785689664108465
Evoformer,MASTL,0.6305875182151794,0.55379319190979,0.35,0.95,0.9050413455522166
Evoformer,MAT2A,0.6124377846717834,0.5430557131767273,0.4,0.95,0.8392024067670791
Evoformer,MAX,0.8307806253433228,0.731004536151886,0.5,0.95,0.9289201271742235
Evoformer,MBD3,0.7007342576980591,0.6418153047561646,0.5,1.0,0.9034038895889849
Evoformer,MBIP,0.6065198183059692,0.5254616141319275,0.4,1.0,0.9025840393344772
Evoformer,MBNL1,0.8652176260948181,0.8249982595443726,0.6,1.0,0.9018268189442535
Evoformer,MBTPS1,0.8375014662742615,0.815521240234375,0.65,1.0,0.7187889031500849
Evoformer,MBTPS2,0.8193938136100769,0.7577581405639648,0.7,1.0,0.5821225687754565
Evoformer,MCL1,0.7189069986343384,0.6465964913368225,0.45,0.95,0.8383153881432672
Evoformer,MCM2,0.9600220322608948,0.8963952660560608,0.8,1.0,0.9745871769439446
Evoformer,MCM3,0.9445621371269226,0.9260776042938232,0.65,1.0,0.9212049570936827
Evoformer,MCM3AP,0.6799339056015015,0.5879514813423157,0.6,1.0,0.8814446391926464
Evoformer,MCM5,0.8022732138633728,0.7304051518440247,0.55,0.95,0.8449267435376907
Evoformer,MCM6,0.9756332039833069,0.9720988273620605,0.75,1.0,0.9686772642330925
Evoformer,MCM7,0.7295302748680115,0.6341487169265747,0.4,1.0,0.9622908955132371
Evoformer,MCMBP,0.8654080629348755,0.8347135186195374,0.6,1.0,0.8732366150920737
Evoformer,MDN1,1.0193626880645752,0.9935753345489502,0.7,1.0,0.9665090127535416
Evoformer,MED11,0.983009397983551,0.963005781173706,0.65,1.0,0.6668805075502829
Evoformer,MED14,0.9660184979438782,0.9560166597366333,0.65,1.0,0.9657065928733225
Evoformer,MED16,0.6276679039001465,0.5654293298721313,0.25,1.0,0.8737087359522963
Evoformer,MED17,0.9226227402687073,0.8906075358390808,0.65,1.0,0.9640913586329256
Evoformer,MED19,0.9695242047309875,0.9612601399421692,0.6,1.0,0.9199695601197909
Evoformer,MED20,0.9459253549575806,0.9211806654930115,0.7,1.0,0.9784649232616758
Evoformer,MED21,0.9578038454055786,0.9257742166519165,0.7,1.0,0.9685947661303675
Evoformer,MED26,0.8087277412414551,0.7463944554328918,0.45,1.0,0.9490462915310807
Evoformer,MED29,0.9333304166793823,0.8908370733261108,0.55,1.0,0.9719801484020857
Evoformer,MED30,0.96336430311203,0.9535931348800659,0.75,1.0,0.9380819999373051
Evoformer,MED4,0.9935412406921387,0.9972668290138245,0.6,1.0,0.8875437229773034
Evoformer,MED6,0.9029020667076111,0.8499938249588013,0.6,1.0,0.9056318911042992
Evoformer,MED7,0.9787150621414185,0.9729556441307068,0.65,1.0,0.9304831380842533
Evoformer,MED8,0.9339905381202698,0.9063794016838074,0.7,1.0,0.9266583947147338
Evoformer,MED9,0.9615889191627502,0.9448797702789307,0.75,1.0,0.917995818416218
Evoformer,MEN1,0.7062281370162964,0.6298911571502686,0.25,1.0,0.8332314606671575
Evoformer,METAP1,0.7670895457267761,0.6806821227073669,0.45,1.0,0.9566516255170051
Evoformer,METAP2,0.6927042603492737,0.6093803644180298,0.3,0.95,0.8766395724203815
Evoformer,METTL1,0.6245419979095459,0.5529879927635193,0.35,0.95,0.8756091969829106
Evoformer,METTL14,0.7232638597488403,0.6365037560462952,0.45,0.95,0.8893078137455318
Evoformer,METTL17,0.702026903629303,0.6327548623085022,0.4,1.0,0.8756075745700614
Evoformer,METTL3,0.7935190796852112,0.7328170537948608,0.55,1.0,0.9262909621332619
Evoformer,MEX3A,0.8614510893821716,0.8026883006095886,0.65,1.0,0.9769681583814593
Evoformer,MICOS10,0.7353106141090393,0.6561599373817444,0.55,1.0,0.9290182524403051
Evoformer,MIOS,0.6998717784881592,0.6089380383491516,0.35,0.9,0.7983821381888888
Evoformer,MIPEP,0.6554037928581238,0.5795876979827881,0.45,1.0,0.819987581860575
Evoformer,MIS18BP1,0.9396599531173706,0.8400479555130005,0.75,1.0,0.9617605774430381
Evoformer,MLLT6,0.8978919386863708,0.8433873057365417,0.55,0.95,0.8273577500451427
Evoformer,MMS19,0.7762497663497925,0.6909899711608887,0.55,1.0,0.9301097981091956
Evoformer,MMS22L,0.8180099725723267,0.7299544215202332,0.55,1.0,0.9044428111503259
Evoformer,MNAT1,0.7674786448478699,0.7072761058807373,0.5,0.95,0.8811318638322944
Evoformer,MOB4,0.7956390380859375,0.6801222562789917,0.75,1.0,0.9390967500442587
Evoformer,MON1A,0.7811593413352966,0.6695601344108582,0.6,1.0,0.9077031231984409
Evoformer,MPG,0.7106784582138062,0.6360896229743958,0.35,1.0,0.8199141544465589
Evoformer,MPHOSPH10,0.9912455677986145,0.9778904318809509,0.75,1.0,0.9644922324960379
Evoformer,MPHOSPH6,0.9183815717697144,0.8182613253593445,0.7,1.0,0.9596159597284566
Evoformer,MRGBP,0.805853545665741,0.8195328712463379,0.4,0.95,0.7128322937681013
Evoformer,MRM1,0.9032585620880127,0.8982089161872864,0.7,1.0,0.9804111055277793
Evoformer,MRPL1,0.7175328731536865,0.6033161282539368,0.4,1.0,0.9392956737103811
Evoformer,MRPL10,0.9452959299087524,0.8604978919029236,0.5,1.0,0.9871331907516965
Evoformer,MRPL14,0.6762089729309082,0.5635413527488708,0.5,0.95,0.909488956970738
Evoformer,MRPL16,0.9377216696739197,0.8747884035110474,0.65,1.0,0.9824843576403264
Evoformer,MRPL18,0.9404400587081909,0.8804599642753601,0.6,1.0,0.9546705998668599
Evoformer,MRPL20,0.7516992092132568,0.6475933790206909,0.45,1.0,0.9385992193895196
Evoformer,MRPL24,0.9761629700660706,0.9028298854827881,0.65,1.0,0.9834035611262179
Evoformer,MRPL27,0.9838675856590271,0.9202286005020142,0.65,1.0,0.9716793040629863
Evoformer,MRPL3,0.900844156742096,0.7809889316558838,0.65,1.0,0.970107216673897
Evoformer,MRPL32,0.884761393070221,0.7900766730308533,0.6,1.0,0.9691502912379106
Evoformer,MRPL34,1.0374016761779785,1.0015053749084473,0.7,1.0,0.9898812987696249
Evoformer,MRPL35,1.0313260555267334,1.0237735509872437,0.6,1.0,0.9808365951924232
Evoformer,MRPL36,1.0283435583114624,1.0179545879364014,0.65,1.0,0.9867132431034261
Evoformer,MRPL37,0.8090664744377136,0.6897805333137512,0.55,1.0,0.9562933392055112
Evoformer,MRPL38,0.8537574410438538,0.7543096542358398,0.7,1.0,0.9608636907390247
Evoformer,MRPL39,0.8856545090675354,0.8018603324890137,0.6,0.95,0.9531839495165915
Evoformer,MRPL4,0.8780698180198669,0.7793766856193542,0.65,1.0,0.9680030586623464
Evoformer,MRPL41,0.9883940815925598,0.9234485626220703,0.65,1.0,0.9787782654249351
Evoformer,MRPL49,0.9549775123596191,0.8868376016616821,0.6,1.0,0.9385021940278898
Evoformer,MRPL50,0.7275555729866028,0.6339566707611084,0.5,1.0,0.9685146111263901
Evoformer,MRPL51,0.901131272315979,0.8332701921463013,0.65,1.0,0.9195597793427494
Evoformer,MRPL54,0.9107017517089844,0.8235078454017639,0.65,1.0,0.9810226364585374
Evoformer,MRPL9,0.8474106192588806,0.7396534085273743,0.6,1.0,0.9707469757771517
Evoformer,MRPS10,0.893498957157135,0.7915418148040771,0.65,1.0,0.9542040395796503
Evoformer,MRPS16,0.7438039183616638,0.6414745450019836,0.4,1.0,0.9097186425155287
Evoformer,MRPS17,0.8161934018135071,0.7287347316741943,0.35,1.0,0.9513342480173944
Evoformer,MRPS21,0.8849762082099915,0.8159692287445068,0.55,1.0,0.946681367156661
Evoformer,MRPS23,0.8745842576026917,0.7812516689300537,0.65,1.0,0.8076530733765422
Evoformer,MRPS25,0.8256894946098328,0.7394874095916748,0.55,1.0,0.7873079058269054
Evoformer,MRPS26,0.9123290777206421,0.8051965236663818,0.7,1.0,0.7061879523728986
Evoformer,MRPS30,0.9661971926689148,0.8735120296478271,0.6,1.0,0.9575202940009606
Evoformer,MRPS33,0.799396812915802,0.6840309500694275,0.65,1.0,0.9361120325082632
Evoformer,MRPS34,0.8759258389472961,0.7934891581535339,0.3,1.0,0.9352111174975087
Evoformer,MRPS35,0.9393532872200012,0.8329282402992249,0.8,1.0,0.9211955516368213
Evoformer,MRPS5,0.9480704069137573,0.8583694696426392,0.65,1.0,0.5733266291869973
Evoformer,MRPS6,0.7486209273338318,0.6817477941513062,0.3,1.0,0.9206263567918285
Evoformer,MRPS7,0.6455718874931335,0.5337271094322205,0.4,0.9,0.8773363387334217
Evoformer,MRPS9,0.8190390467643738,0.7066503167152405,0.55,1.0,0.9524746872636853
Evoformer,MSL1,0.7075335383415222,0.6871196627616882,0.3,0.95,0.8238477337785681
Evoformer,MSRB1,0.603334367275238,0.5519818067550659,0.35,1.0,0.833519790064783
Evoformer,MST1,0.5511512756347656,0.47015926241874695,0.35,0.9,0.7369300601548653
Evoformer,MTG2,0.6813004612922668,0.5919052362442017,0.3,0.95,0.7989754024980907
Evoformer,MTHFD1,0.6609391570091248,0.5777536630630493,0.3,1.0,0.8640334695380036
Evoformer,MTOR,0.7521461844444275,0.6738907098770142,0.45,1.0,0.8273716773212345
Evoformer,MVD,0.7976208329200745,0.676706075668335,0.6,1.0,0.9049551144806596
Evoformer,MVK,0.5371255278587341,0.4656909704208374,0.25,0.85,0.6211556690769513
Evoformer,MYBBP1A,1.0045461654663086,0.9791569709777832,0.8,1.0,0.9741430983168845
Evoformer,MYBL2,0.9139066934585571,0.8721697330474854,0.8,0.95,0.9013412699637477
Evoformer,MYC,0.9383119344711304,0.9209270477294922,0.4,1.0,0.9638107154619613
Evoformer,MYCBP,0.5701033473014832,0.4861353635787964,0.25,0.95,0.7993012206888728
Evoformer,MYSM1,0.6169949769973755,0.5382442474365234,0.25,0.95,0.7666797362931359
Evoformer,MZT1,0.6466201543807983,0.5363344550132751,0.35,1.0,0.8966208870927549
Evoformer,NAA10,0.8995167016983032,0.8585598468780518,0.6,1.0,0.9746672686438841
Evoformer,NAA15,0.7000367045402527,0.6459290385246277,0.3,0.95,0.8799447419027057
Evoformer,NAA20,0.647797703742981,0.5765534043312073,0.25,0.95,0.7987640960297894
Evoformer,NAA25,0.8194191455841064,0.7113623023033142,0.55,0.9,0.8833426146614719
Evoformer,NAA30,0.6951281428337097,0.6008138060569763,0.4,0.95,0.8959385111673162
Evoformer,NAA35,0.5760564208030701,0.48814669251441956,0.4,0.9,0.6381824327173963
Evoformer,NAA50,0.812745988368988,0.7225298881530762,0.65,1.0,0.9335315956718632
Evoformer,NACA,1.002462387084961,0.9751776456832886,0.75,1.0,0.9860515888403675
Evoformer,NAF1,0.8595996499061584,0.7586475014686584,0.75,1.0,0.9463123169752728
Evoformer,NAGLU,0.563957154750824,0.4905952513217926,0.2,0.95,0.7417922264294032
Evoformer,NAPG,0.6550238728523254,0.5718642473220825,0.5,0.95,0.8551067088110202
Evoformer,NARS,0.9876036047935486,0.9850567579269409,0.65,1.0,0.9604741068829736
Evoformer,NARS2,0.6016480922698975,0.5029449462890625,0.3,0.9,0.8367740023016083
Evoformer,NBAS,0.8859078884124756,0.8165093064308167,0.55,1.0,0.9067641125769548
Evoformer,NCAPD2,0.6442215442657471,0.577672004699707,0.25,1.0,0.8483086673261916
Evoformer,NCAPG2,0.8980188965797424,0.8245074152946472,0.6,1.0,0.9742426031430967
Evoformer,NCAPH2,0.9488447904586792,0.8776069283485413,0.8,1.0,0.9741498823454926
Evoformer,NCKAP1,0.6434171199798584,0.5815830230712891,0.35,1.0,0.8671629153420889
Evoformer,NDC1,0.6358689069747925,0.5833653807640076,0.35,0.95,0.7377608688197111
Evoformer,NDUFA11,0.8076440691947937,0.6996870636940002,0.65,1.0,0.8645732332053782
Evoformer,NDUFA2,0.9069795608520508,0.8953810930252075,0.55,0.95,0.8964862639562452
Evoformer,NDUFA3,0.9327771067619324,0.840496301651001,0.6,1.0,0.8116711864415033
Evoformer,NDUFA6,0.9291509389877319,0.8475857973098755,0.65,1.0,0.9513157900981922
Evoformer,NDUFAB1,1.006058931350708,0.9797402024269104,0.7,1.0,0.9618145873475049
Evoformer,NDUFAF3,0.6634353399276733,0.5699695944786072,0.45,1.0,0.7064159003041015
Evoformer,NDUFAF5,0.7174292802810669,0.6313998103141785,0.6,1.0,0.9594820410549121
Evoformer,NDUFAF7,0.9523160457611084,0.8408300280570984,0.8,1.0,0.9259684114781495
Evoformer,NDUFB3,0.773852527141571,0.6600819230079651,0.5,1.0,0.9027717964580217
Evoformer,NDUFB4,0.9476987719535828,0.8735275268554688,0.65,1.0,0.9508626533360623
Evoformer,NDUFB8,0.91263747215271,0.8161773085594177,0.7,1.0,0.9421883657835839
Evoformer,NDUFS3,0.8413951992988586,0.7218363285064697,0.45,1.0,0.8806528427165008
Evoformer,NELFA,0.8230684399604797,0.8151289820671082,0.55,0.95,0.8791570772248082
Evoformer,NELFB,0.7498149871826172,0.7248919606208801,0.4,1.0,0.8869263064001432
Evoformer,NELFCD,0.7350951433181763,0.6924373507499695,0.4,0.95,0.8916147234556545
Evoformer,NELFE,0.7546572089195251,0.7601953744888306,0.45,0.95,0.8799984062684804
Evoformer,NEMF,0.5726770758628845,0.500746488571167,0.2,1.0,0.848441198693694
Evoformer,NFATC2IP,0.5634031891822815,0.5039657950401306,0.35,1.0,0.7700175890095781
Evoformer,NFKBIE,0.728626012802124,0.6590362787246704,0.3,0.95,0.8309976707366294
Evoformer,NFRKB,0.8148332238197327,0.7469187378883362,0.35,1.0,0.8889086515047647
Evoformer,NFS1,0.9028128385543823,0.8402661681175232,0.65,1.0,0.9560633582503978
Evoformer,NFYB,0.6366072297096252,0.5831735134124756,0.3,1.0,0.8347195342612896
Evoformer,NFYC,0.7075857520103455,0.7639750242233276,0.25,0.95,0.8773245205142404
Evoformer,NHLRC2,0.5879188776016235,0.5153965353965759,0.25,0.95,0.8349327839270548
Evoformer,NHP2,0.8809570670127869,0.7681763172149658,0.8,1.0,0.9623412291837506
Evoformer,NIFK,0.9722498655319214,0.9759175181388855,0.75,0.95,0.9052318583541639
Evoformer,NIP7,0.9213718771934509,0.817141056060791,0.8,1.0,0.9553580551340154
Evoformer,NISCH,0.6484196782112122,0.5597660541534424,0.3,1.0,0.8027069021322856
Evoformer,NKAP,0.950777530670166,0.9520870447158813,0.6,1.0,0.9485573562217835
Evoformer,NKAPD1,0.6708663702011108,0.5995135307312012,0.35,1.0,0.8250652974174109
Evoformer,NLE1,1.0037418603897095,0.9928950667381287,0.7,1.0,0.9492652016124232
Evoformer,NMD3,1.018430233001709,0.990855872631073,0.7,1.0,0.9727454311358975
Evoformer,NOB1,0.9220884442329407,0.8422065377235413,0.55,1.0,0.9636072818801158
Evoformer,NOC3L,1.012075662612915,0.9843690991401672,0.7,1.0,0.970351570437696
Evoformer,NOC4L,0.96702641248703,0.9127287268638611,0.8,1.0,0.9576832074703427
Evoformer,NOL10,0.9543236494064331,0.9331609010696411,0.7,1.0,0.9631194750392617
Evoformer,NOL11,0.9882795214653015,0.9734393358230591,0.7,1.0,0.955114582433999
Evoformer,NOL12,0.9946030974388123,0.9677114486694336,0.75,1.0,0.9641882453164468
Evoformer,NOL6,0.9810267686843872,0.9473728537559509,0.7,1.0,0.9576882243673617
Evoformer,NOL7,0.6872615218162537,0.5871099829673767,0.35,1.0,0.9058661652821719
Evoformer,NOL8,1.0056023597717285,1.0020170211791992,0.75,1.0,0.9723966506191439
Evoformer,NOLC1,0.9185813665390015,0.8648549318313599,0.75,1.0,0.9376523886053263
Evoformer,NOM1,0.9571248292922974,0.949446439743042,0.75,1.0,0.9766942529699204
Evoformer,NOMO1,0.6135889291763306,0.5501480102539062,0.35,0.95,0.8308945477841574
Evoformer,NOP14,0.9855899214744568,0.9905650615692139,0.7,1.0,0.9637916553961621
Evoformer,NOP16,0.9896709322929382,0.9315782189369202,0.75,1.0,0.9617835802510847
Evoformer,NOP58,0.9684178233146667,0.9562253355979919,0.8,1.0,0.9542499212520329
Evoformer,NOP9,0.6536605358123779,0.5707363486289978,0.5,0.95,0.9105635304737197
Evoformer,NOS1AP,0.610748827457428,0.5242058038711548,0.3,0.95,0.8077122853100606
Evoformer,NPLOC4,0.9797539710998535,0.9790072441101074,0.6,1.0,0.9583175568174739
Evoformer,NPM1,0.7290357947349548,0.7833681106567383,0.65,1.0,0.5208769492242846
Evoformer,NRBP1,0.7395464777946472,0.6554315686225891,0.45,1.0,0.8082825125585203
Evoformer,NRDE2,0.8276909589767456,0.7813687920570374,0.55,1.0,0.816534527836154
Evoformer,NSA2,0.9993487000465393,0.9697583913803101,0.85,1.0,0.9711736957904559
Evoformer,NSMCE2,0.7442733645439148,0.6433191895484924,0.5,0.95,0.8019317531239547
Evoformer,NSUN4,0.611603319644928,0.5061769485473633,0.5,1.0,0.869174004409293
Evoformer,NUB1,0.6638014912605286,0.6248217821121216,0.3,0.9,0.8124392294181303
Evoformer,NUBP2,0.5907086133956909,0.5224183201789856,0.2,0.9,0.7753572089473374
Evoformer,NUDC,0.9369602203369141,0.8483134508132935,0.65,1.0,0.9333943739956697
Evoformer,NUDCD3,0.823687732219696,0.7876295447349548,0.55,1.0,0.8986981138114711
Evoformer,NUDT15,0.6327506899833679,0.5768925547599792,0.35,1.0,0.8282137821147441
Evoformer,NUFIP1,0.6924427151679993,0.5875787138938904,0.5,1.0,0.9644319645980655
Evoformer,NUP107,0.9453951716423035,0.950859010219574,0.5,1.0,0.9646532982125673
Evoformer,NUP133,0.8221784234046936,0.7751584649085999,0.6,1.0,0.9091697017710665
Evoformer,NUP153,0.8561418056488037,0.84823077917099,0.45,1.0,0.9233932573260326
Evoformer,NUP160,0.9262129068374634,0.9046905040740967,0.65,1.0,0.957296798192975
Evoformer,NUP214,0.7894181609153748,0.7231690287590027,0.55,1.0,0.8839809026387252
Evoformer,NUP35,0.6088632345199585,0.5223429203033447,0.25,1.0,0.9089925242361716
Evoformer,NUP43,0.610675573348999,0.5289297103881836,0.3,0.95,0.8578453236389212
Evoformer,NUP54,0.9532692432403564,0.8536095023155212,0.65,1.0,0.9397743003499262
Evoformer,NUP62,0.942333459854126,0.915248692035675,0.55,1.0,0.9777085365250023
Evoformer,NUP85,0.8162755966186523,0.7643101811408997,0.45,0.95,0.8846955736759967
Evoformer,NUP88,0.8954088091850281,0.885115385055542,0.6,1.0,0.8946586812439256
Evoformer,NUP98,0.964661717414856,0.9711970090866089,0.7,1.0,0.9726283227262803
Evoformer,NUTF2,0.9093148112297058,0.8921128511428833,0.55,1.0,0.9726207500172709
Evoformer,NVL,1.0094859600067139,0.9927516579627991,0.8,1.0,0.9759884599150842
Evoformer,OGFOD1,0.7525287866592407,0.6819319128990173,0.45,1.0,0.8740856844657635
Evoformer,OIP5,0.6051778197288513,0.5303233861923218,0.35,1.0,0.7781673106877403
Evoformer,OLFML3,0.6053202748298645,0.5392587780952454,0.2,0.95,0.854918894465209
Evoformer,OPA1,0.9158352613449097,0.7508684992790222,0.6,1.0,0.9692830771640715
Evoformer,ORC3,0.6107432842254639,0.5430965423583984,0.25,0.9,0.6684083897871523
Evoformer,ORC4,0.5706825852394104,0.5045351386070251,0.2,1.0,0.7007665218574183
Evoformer,ORC5,0.6422592401504517,0.5739885568618774,0.3,0.95,0.7394912753566825
Evoformer,ORC6,0.8997844457626343,0.8128790855407715,0.75,1.0,0.9551073828090743
Evoformer,OSGEP,0.7026185393333435,0.5984698534011841,0.45,1.0,0.9168122800461166
Evoformer,OSTC,0.7601000666618347,0.6496977806091309,0.5,0.9,0.8868148543597519
Evoformer,PABPC1,0.932449460029602,0.9706582427024841,0.6,1.0,0.9589873397628729
Evoformer,PABPC4,0.6683692932128906,0.6622471213340759,0.45,1.0,0.5844126302062148
Evoformer,PABPN1,0.79924076795578,0.818049430847168,0.25,1.0,0.8465021884761098
Evoformer,PAF1,0.9294496774673462,0.9085399508476257,0.55,1.0,0.9403123478515036
Evoformer,PALB2,0.6862998008728027,0.5987326502799988,0.25,0.95,0.7058684411207072
Evoformer,PAM16,1.0032507181167603,0.9634655714035034,0.6,1.0,0.9748420356914761
Evoformer,PARN,0.6688521504402161,0.5735493302345276,0.55,1.0,0.9245641343719037
Evoformer,PAXBP1,0.8022583723068237,0.7640687823295593,0.45,1.0,0.9164863419776972
Evoformer,PCBP1,0.9394181370735168,0.9199111461639404,0.7,1.0,0.9633178820573278
Evoformer,PCID2,0.6828826665878296,0.5992687344551086,0.35,1.0,0.8751310091671484
Evoformer,PCNA,0.9593231678009033,0.9550598859786987,0.65,1.0,0.9498586913880832
Evoformer,PCNX3,0.6341087222099304,0.5528537631034851,0.25,0.95,0.8693923342381948
Evoformer,PDAP1,0.6447075605392456,0.5450745820999146,0.25,1.0,0.8160917571450065
Evoformer,PDCD11,0.9853291511535645,1.005218744277954,0.75,1.0,0.9492460900313635
Evoformer,PDCD5,0.7424459457397461,0.6309600472450256,0.35,0.95,0.8541597308437522
Evoformer,PDCD6,0.5979602932929993,0.5471422672271729,0.3,1.0,0.9216368518495397
Evoformer,PDCD6IP,0.6267215013504028,0.539094865322113,0.3,1.0,0.7411050413131407
Evoformer,PDHA1,0.683722198009491,0.6167477965354919,0.35,0.95,0.7688110437732181
Evoformer,PDRG1,0.8800226449966431,0.8350288271903992,0.5,1.0,0.9454944128893361
Evoformer,PELP1,0.9933710694313049,0.9724923968315125,0.75,1.0,0.9684694639970918
Evoformer,PES1,0.9947775602340698,0.9810346961021423,0.85,1.0,0.9660497685938285
Evoformer,PET117,0.7545344233512878,0.6704161763191223,0.55,1.0,0.9202432788984937
Evoformer,PEX19,0.7410775423049927,0.6454396843910217,0.35,1.0,0.9192275513279115
Evoformer,PFDN2,0.8909059762954712,0.8604176044464111,0.5,0.95,0.729732217912102
Evoformer,PFDN4,0.603111982345581,0.5402987003326416,0.4,0.95,0.8857429733950273
Evoformer,PFDN6,0.6679077744483948,0.5829020142555237,0.45,1.0,0.8805916181158588
Evoformer,PFN1,0.6013380289077759,0.717604398727417,0.4,1.0,0.5871681372987767
Evoformer,PGAM1,0.6130964159965515,0.6908392310142517,0.2,0.9,0.9690422486057538
Evoformer,PGD,0.6815651655197144,0.5976356267929077,0.35,1.0,0.9039155064620172
Evoformer,PGK1,0.59981769323349,0.6105164885520935,0.4,0.95,0.8464130962156047
Evoformer,PGPEP1,0.8006738424301147,0.7172664999961853,0.6,1.0,0.9534449898542512
Evoformer,PGS1,0.7424201965332031,0.5982661247253418,0.5,1.0,0.9214869397648188
Evoformer,PHB,0.9903204441070557,0.9835761189460754,0.7,1.0,0.9703228285309238
Evoformer,PHB2,0.9952682256698608,0.9835411310195923,0.8,1.0,0.9841704929888205
Evoformer,PHF12,0.6772663593292236,0.6063116788864136,0.35,1.0,0.8791681294419671
Evoformer,PI4KA,0.8354396820068359,0.8119815587997437,0.4,1.0,0.8095370302279906
Evoformer,PIAS1,0.6898411512374878,0.6461823582649231,0.3,0.85,0.6990231399852297
Evoformer,PIGH,0.6771824359893799,0.5593773722648621,0.6,1.0,0.9161873018732488
Evoformer,PITRM1,0.6155514121055603,0.5468130111694336,0.3,0.95,0.7666028674601212
Evoformer,PLEKHN1,0.6868436932563782,0.5736859440803528,0.45,1.0,0.7411118947666265
Evoformer,PLK1,0.7899213433265686,0.7345676422119141,0.6,0.95,0.7884958232235155
Evoformer,PLK4,0.9584261775016785,0.9126085042953491,0.55,1.0,0.9359316929711685
Evoformer,PMF1,0.9736875295639038,0.9388958811759949,0.85,1.0,0.9778562754954416
Evoformer,PMPCA,0.9407025575637817,0.8394700884819031,0.75,1.0,0.9614804346668057
Evoformer,PMPCB,1.0369153022766113,1.0354759693145752,0.55,1.0,0.9811512666356942
Evoformer,PNKP,0.6978917121887207,0.6154783964157104,0.4,1.0,0.8918033255332175
Evoformer,PNN,0.842129111289978,0.7990343570709229,0.7,1.0,0.8956529287581967
Evoformer,PNO1,0.9657432436943054,0.964548647403717,0.75,1.0,0.9570261016274147
Evoformer,PNPT1,0.865526556968689,0.8455325961112976,0.55,0.95,0.8993746474281485
Evoformer,POGLUT3,0.7065104842185974,0.6345474720001221,0.3,1.0,0.9307139477056003
Evoformer,POGZ,0.6305332779884338,0.5175953507423401,0.4,0.9,0.7437735606634044
Evoformer,POLA1,0.92287278175354,0.8995528221130371,0.55,1.0,0.9463529630779309
Evoformer,POLD1,0.9438142776489258,0.9177071452140808,0.65,1.0,0.9296248713447868
Evoformer,POLD2,0.9370269179344177,0.894703209400177,0.6,1.0,0.9445620176676415
Evoformer,POLE,0.9113552570343018,0.8743431568145752,0.65,1.0,0.9387796168452781
Evoformer,POLG2,0.612259030342102,0.48936593532562256,0.35,0.95,0.7989184481465137
Evoformer,POLL,0.9243831038475037,0.9009242057800293,0.5,0.95,0.9167753245234446
Evoformer,POLR1D,0.9503110647201538,0.9298150539398193,0.75,1.0,0.9465646991338097
Evoformer,POLR1E,0.9854907393455505,0.9764391183853149,0.7,1.0,0.9595405462148164
Evoformer,POLR2B,0.948843240737915,0.955991804599762,0.65,1.0,0.6069997976034267
Evoformer,POLR2C,0.9446438550949097,0.9430736303329468,0.6,1.0,0.9268347135544389
Evoformer,POLR2E,0.948697566986084,0.942727267742157,0.7,1.0,0.9426969383632036
Evoformer,POLR2F,0.9283371567726135,0.8915138244628906,0.65,1.0,0.9387953670469557
Evoformer,POLR2G,0.945773720741272,0.9401341080665588,0.65,1.0,0.9118787623600859
Evoformer,POLR2H,0.9251941442489624,0.9004859328269958,0.6,1.0,0.954104150928872
Evoformer,POLR2I,0.9636756181716919,0.9694195985794067,0.7,1.0,0.9773538348150875
Evoformer,POLR2K,0.9459497332572937,0.928510308265686,0.7,0.95,0.9103234981021748
Evoformer,POLR2M,0.7546520829200745,0.7034618854522705,0.5,0.95,0.8310509185209358
Evoformer,POLR3B,0.9087374806404114,0.8452621698379517,0.75,1.0,0.9598556743653053
Evoformer,POLR3C,0.7601300477981567,0.6883872151374817,0.35,0.95,0.8629949575112587
Evoformer,POLR3D,0.9568009376525879,0.9216153621673584,0.45,1.0,0.9399808390570397
Evoformer,POLR3E,0.6734446287155151,0.5851482152938843,0.5,1.0,0.9173058735525045
Evoformer,POLR3F,0.7828596830368042,0.7192609310150146,0.3,1.0,0.9142737367441663
Evoformer,POLR3K,0.7569262981414795,0.7086244821548462,0.45,1.0,0.9599718142942225
Evoformer,POLRMT,1.0599840879440308,0.9252381920814514,0.65,1.0,0.9722112034450092
Evoformer,POP1,0.9697659611701965,0.9454721808433533,0.75,1.0,0.9587454894821055
Evoformer,POP4,0.9992356896400452,1.0039656162261963,0.8,1.0,0.9545710357446234
Evoformer,POP5,0.9371704459190369,0.8638820052146912,0.65,1.0,0.9642260267232869
Evoformer,POP7,0.9558478593826294,0.917987048625946,0.65,1.0,0.9118192885231815
Evoformer,PPA1,0.6833809614181519,0.6135929226875305,0.4,1.0,0.9524379216329204
Evoformer,PPA2,0.7214831113815308,0.6191281676292419,0.35,0.95,0.7726639281431149
Evoformer,PPAN,0.98240727186203,0.9575543403625488,0.75,1.0,0.9528400725716236
Evoformer,PPIA,0.643734872341156,0.6128107309341431,0.25,0.95,0.8938023277975965
Evoformer,PPIL2,0.9577661752700806,0.9055274128913879,0.65,1.0,0.9596349102577766
Evoformer,PPME1,0.7418646812438965,0.6368017792701721,0.5,0.95,0.891787116601449
Evoformer,PPP1R11,0.8840040564537048,0.8074933886528015,0.5,1.0,0.8814723085646199
Evoformer,PPP1R15B,0.8195918798446655,0.7332042455673218,0.5,1.0,0.938323221859797
Evoformer,PPP1R2,0.7803720235824585,0.726881742477417,0.5,1.0,0.8993416245416846
Evoformer,PPP1R37,0.6173327565193176,0.5573537349700928,0.35,0.95,0.8163713156746117
Evoformer,PPP1R8,0.7665921449661255,0.6999549269676208,0.45,1.0,0.8982372203988159
Evoformer,PPP2CA,0.6345829367637634,0.5381368398666382,0.55,1.0,0.8638519312461506
Evoformer,PPP2R1A,0.7295536994934082,0.6576709151268005,0.4,0.9,0.8811228749219733
Evoformer,PPP2R3C,0.7311436533927917,0.6402687430381775,0.55,0.95,0.6904908912114288
Evoformer,PPP6C,0.979285717010498,1.0141326189041138,0.5,0.95,0.9135655551342612
Evoformer,PPRC1,0.8726810216903687,0.7197613716125488,0.8,1.0,0.8271934414439889
Evoformer,PRC1,0.6073137521743774,0.5271255373954773,0.3,1.0,0.7433184827657081
Evoformer,PRDM4,0.6042286157608032,0.5090916752815247,0.5,1.0,0.9370803345378532
Evoformer,PRELID1,0.9668639898300171,0.9391617774963379,0.6,1.0,0.9736804971212191
Evoformer,PRELID3B,1.021733283996582,1.00569486618042,0.75,1.0,0.9677074008119985
Evoformer,PRIM1,0.9253265261650085,0.8839002847671509,0.75,1.0,0.9578210023019338
Evoformer,PRIM2,0.8836715221405029,0.8441452980041504,0.65,1.0,0.95117394439046
Evoformer,PRKCA,0.6608554720878601,0.5841986536979675,0.3,1.0,0.8468103227486508
Evoformer,PRORP,0.6607480645179749,0.5821275115013123,0.4,0.95,0.8265217161134472
Evoformer,PRPF19,0.8960407376289368,0.8955665230751038,0.65,1.0,0.942349805452259
Evoformer,PRPF3,0.9875302910804749,0.9944155812263489,0.65,1.0,0.9657354336561341
Evoformer,PRPF31,0.9902955889701843,0.9888097643852234,0.6,1.0,0.9600626861638114
Evoformer,PRPF39,0.7763981819152832,0.6757478713989258,0.5,1.0,0.9119643058414024
Evoformer,PRPF4,0.9821271300315857,0.9866898059844971,0.7,1.0,0.946472423101863
Evoformer,PRPF40A,0.9425728917121887,0.9281942844390869,0.6,1.0,0.9293836182192136
Evoformer,PRPF4B,0.8137562274932861,0.7327240705490112,0.55,0.9,0.8912141022220615
Evoformer,PRPF8,0.984467625617981,0.9630006551742554,0.7,1.0,0.9560322519347806
Evoformer,PRRC2A,0.8929319977760315,0.8197135925292969,0.5,1.0,0.9360487567335636
Evoformer,PSAT1,0.6661584377288818,0.6269233822822571,0.55,1.0,0.8666885397355524
Evoformer,PSMA3,0.9736030101776123,0.9842573404312134,0.6,1.0,0.9723903108654218
Evoformer,PSMA4,0.9808384776115417,1.0053104162216187,0.55,1.0,0.9631516145404513
Evoformer,PSMB1,0.9580199718475342,0.9357680678367615,0.7,1.0,0.9754399599157733
Evoformer,PSMB2,0.9859505295753479,1.0094140768051147,0.7,1.0,0.9671451417885074
Evoformer,PSMB3,0.9747568368911743,0.9778910875320435,0.75,1.0,0.9763487707046128
Evoformer,PSMB5,0.9735863208770752,0.9989218711853027,0.7,1.0,0.9634468790155641
Evoformer,PSMC1,0.9681603312492371,0.9847012758255005,0.65,1.0,0.9566178232439743
Evoformer,PSMC4,0.9870806336402893,1.0020073652267456,0.8,1.0,0.9814302151413467
Evoformer,PSMC5,0.9898338913917542,1.0223102569580078,0.7,1.0,0.9719043547667978
Evoformer,PSMD11,0.9831556677818298,0.9910511374473572,0.7,1.0,0.9811211755213062
Evoformer,PSMD14,0.9889854192733765,0.9972680807113647,0.8,1.0,0.9793496804205684
Evoformer,PSMD4,0.9250158667564392,0.8731127977371216,0.65,1.0,0.9755001339076596
Evoformer,PSME1,0.5792351961135864,0.518933892250061,0.35,0.95,0.8478011751208113
Evoformer,PSME2,0.5872529745101929,0.5231775045394897,0.3,1.0,0.822859715211732
Evoformer,PSMG1,0.6616358757019043,0.6281502842903137,0.2,1.0,0.40137548966526
Evoformer,PSMG2,0.6120485663414001,0.5218918323516846,0.35,1.0,0.8376992918405198
Evoformer,PTCD1,0.7403638958930969,0.6534751057624817,0.5,0.95,0.9077268011306296
Evoformer,PTCD3,0.6433394551277161,0.5477369427680969,0.25,1.0,0.695940237608923
Evoformer,PTEN,0.7338370084762573,0.65815269947052,0.4,1.0,0.8880113065304104
Evoformer,PTGR2,0.6274409890174866,0.5425077080726624,0.35,1.0,0.7754065176859711
Evoformer,PTMA,0.7422119379043579,0.8062366843223572,0.45,1.0,0.6051568516279232
Evoformer,PTPMT1,0.5894198417663574,0.5261285901069641,0.2,0.9,0.7064540026253097
Evoformer,PTPN1,0.6098085641860962,0.5205110907554626,0.35,1.0,0.8320392064163449
Evoformer,PTPN11,0.5883777141571045,0.5007820725440979,0.45,1.0,0.8440795022258492
Evoformer,PUF60,0.7640194296836853,0.7227447032928467,0.35,0.9,0.7899997574045833
Evoformer,PXN,0.824059009552002,0.7398298382759094,0.65,1.0,0.9793047498827733
Evoformer,PYROXD1,0.7225578427314758,0.600101113319397,0.55,1.0,0.9491175795718534
Evoformer,PYURF,0.9592286944389343,0.8712260127067566,0.7,1.0,0.9446761428145465
Evoformer,QARS,0.9730062484741211,0.9893360733985901,0.5,1.0,0.9605062321419483
Evoformer,QRSL1,0.6913844347000122,0.5858319997787476,0.3,1.0,0.9083090188342019
Evoformer,RAB4A,0.6621102094650269,0.5852293372154236,0.35,1.0,0.8183139731476716
Evoformer,RAB4B,0.5960598587989807,0.5160894989967346,0.3,1.0,0.8717022110952138
Evoformer,RAB6A,0.7350410223007202,0.6343727111816406,0.5,0.95,0.8893820441619962
Evoformer,RABGGTA,0.9981726408004761,1.0333009958267212,0.55,1.0,0.9625293902059682
Evoformer,RABGGTB,0.9525814652442932,0.9248595833778381,0.7,1.0,0.9515558802291798
Evoformer,RAC1,0.6415404081344604,0.5637445449829102,0.25,0.95,0.8136873781303742
Evoformer,RAC3,0.9188019633293152,0.8934842944145203,0.65,1.0,0.9755792478118224
Evoformer,RAD51,0.8832281231880188,0.8046795129776001,0.75,1.0,0.9496802621247268
Evoformer,RAD51C,0.677019476890564,0.5899953246116638,0.35,1.0,0.9055223204827035
Evoformer,RAD51D,0.5958312153816223,0.5054176449775696,0.25,0.85,0.692709596060973
Evoformer,RAD9A,0.7015607953071594,0.6110621094703674,0.6,0.9,0.886459648988726
Evoformer,RAE1,0.9238581657409668,0.8673720955848694,0.75,0.95,0.9445098615820697
Evoformer,RAMAC,0.7301362156867981,0.5850557684898376,0.5,1.0,0.9248578226481969
Evoformer,RAN,0.918053925037384,0.8874962329864502,0.65,1.0,0.9747107734965059
Evoformer,RARS,0.9694463014602661,0.9256339073181152,0.65,1.0,0.9709677528802764
Evoformer,RARS2,0.89326411485672,0.841623842716217,0.6,1.0,0.96729669452101
Evoformer,RBBP4,0.5478579998016357,0.4742841124534607,0.35,0.9,0.666472004223661
Evoformer,RBBP5,0.8636913299560547,0.8105546236038208,0.45,1.0,0.9314149637663033
Evoformer,RBBP8,0.943572461605072,0.8612766861915588,0.75,1.0,0.9740837100130821
Evoformer,RBM10,0.7143950462341309,0.6908506751060486,0.25,1.0,0.8789365768979374
Evoformer,RBM15,0.7229549884796143,0.6513373851776123,0.45,1.0,0.8586214318326585
Evoformer,RBM17,0.7883152365684509,0.7309849858283997,0.3,0.95,0.9001937936041786
Evoformer,RBM19,0.9250926375389099,0.8646066784858704,0.65,1.0,0.9585277395440607
Evoformer,RBM28,1.0057108402252197,0.9909142851829529,0.8,1.0,0.9689307353975518
Evoformer,RBM33,0.6677885055541992,0.5987699031829834,0.25,0.95,0.8790367678748023
Evoformer,RBM4,0.6573236584663391,0.5641592741012573,0.25,0.9,0.7847609016928623
Evoformer,RBM42,0.9142007827758789,0.8439726829528809,0.65,1.0,0.9341573992047382
Evoformer,RBM48,0.749822199344635,0.6294536590576172,0.65,1.0,0.9476242723632069
Evoformer,RBMX2,0.8636921048164368,0.9036375880241394,0.4,0.95,0.8929863600926933
Evoformer,RBMXL1,0.6899310350418091,0.5913121104240417,0.4,1.0,0.8103282220806661
Evoformer,RBX1,0.9394767880439758,0.8699111342430115,0.6,1.0,0.9661119859216567
Evoformer,RCC1,0.8490995168685913,0.7746549844741821,0.55,1.0,0.9624341424245472
Evoformer,RCL1,0.9989240765571594,1.0007091760635376,0.75,1.0,0.9649628547872051
Evoformer,RFC2,0.8565381765365601,0.7433691024780273,0.75,1.0,0.9465885803187946
Evoformer,RFC3,0.8941265344619751,0.8278778195381165,0.7,1.0,0.9433134143400146
Evoformer,RFC4,0.8490806818008423,0.7488591074943542,0.6,1.0,0.9467620892752635
Evoformer,RFC5,0.6958879232406616,0.5893588662147522,0.4,0.95,0.850068209361163
Evoformer,RHOQ,0.6276982426643372,0.5554528832435608,0.25,1.0,0.6704163943934418
Evoformer,RINT1,0.7919496297836304,0.6999913454055786,0.45,1.0,0.9371678581116079
Evoformer,RIOK1,0.9584192633628845,0.9279307126998901,0.7,1.0,0.9404360509790795
Evoformer,RMI1,0.6240309476852417,0.5188906788825989,0.3,0.95,0.7960078805148477
Evoformer,RNASEH2C,0.7860400676727295,0.7839165329933167,0.55,0.95,0.578888266604744
Evoformer,RNF103,0.6560623645782471,0.5409631133079529,0.4,1.0,0.526866661616806
Evoformer,RNF113A,0.9035917520523071,0.9090659618377686,0.5,1.0,0.9209582184586188
Evoformer,RNF123,0.5247456431388855,0.45559170842170715,0.15,0.9,0.7582972161272281
Evoformer,RNF14,0.5717266201972961,0.4737643301486969,0.3,0.95,0.8153049044044528
Evoformer,RNF8,0.5784947872161865,0.5066967010498047,0.3,1.0,0.8709261610474276
Evoformer,RNGTT,0.6761264204978943,0.5969870090484619,0.15,0.9,0.8465780799989809
Evoformer,RNPC3,0.770507276058197,0.7130448818206787,0.5,1.0,0.9311587709997844
Evoformer,ROMO1,0.774533748626709,0.642638623714447,0.55,1.0,0.9049368762289183
Evoformer,RPA1,0.9460042119026184,0.9013260006904602,0.65,1.0,0.9474113329930559
Evoformer,RPA2,0.9469488859176636,0.92525315284729,0.55,1.0,0.9353953410682214
Evoformer,RPA3,0.9677725434303284,0.9438855051994324,0.6,1.0,0.9389025934848224
Evoformer,RPAP1,0.9362384080886841,0.91744065284729,0.7,0.95,0.7559735560896368
Evoformer,RPAP2,0.9470540285110474,0.9122752547264099,0.75,1.0,0.6689415235556075
Evoformer,RPAP3,0.7988194227218628,0.7347739934921265,0.5,1.0,0.8891128111922231
Evoformer,RPF1,0.9887228608131409,0.9738067984580994,0.8,1.0,0.9600989403930208
Evoformer,RPIA,0.7054563760757446,0.6210507154464722,0.4,0.95,0.6463263654488023
Evoformer,RPL10,0.9599023461341858,1.0002385377883911,0.6,1.0,0.7679393380647124
Evoformer,RPL10A,0.9837592840194702,0.9900919795036316,0.65,1.0,0.9402264398949955
Evoformer,RPL11,0.9729810357093811,0.9615232944488525,0.7,1.0,0.9575965371186672
Evoformer,RPL13,0.9136396050453186,0.9605873823165894,0.65,1.0,0.7543753090606421
Evoformer,RPL14,0.9480665922164917,0.9751082062721252,0.55,1.0,0.833705361179951
Evoformer,RPL15,0.9699558615684509,0.9386378526687622,0.6,1.0,0.9312180129907365
Evoformer,RPL17,0.947238564491272,0.9791352152824402,0.6,1.0,0.8065880680922233
Evoformer,RPL18,0.9660047888755798,0.9640390276908875,0.65,1.0,0.9474827835304505
Evoformer,RPL18A,0.9736212491989136,0.9470728635787964,0.65,1.0,0.9428820585277223
Evoformer,RPL23,0.9794699549674988,0.9797251224517822,0.65,1.0,0.9340100477580099
Evoformer,RPL23A,0.9643365144729614,0.9564390778541565,0.65,1.0,0.9436683887981986
Evoformer,RPL24,1.011305809020996,0.9958012700080872,0.7,1.0,0.9713034471013308
Evoformer,RPL26,0.966788113117218,0.9586236476898193,0.75,1.0,0.9641442428864381
Evoformer,RPL27A,0.9777503609657288,0.9568526148796082,0.65,1.0,0.94836391143765
Evoformer,RPL28,0.8592861294746399,0.7729297280311584,0.55,1.0,0.9223379319973148
Evoformer,RPL29,0.5036899447441101,0.6277194023132324,0.35,1.0,0.44146891154969037
Evoformer,RPL30,0.9659722447395325,0.9639997482299805,0.6,1.0,0.9435186814487933
Evoformer,RPL31,0.9785431623458862,0.9739845991134644,0.6,1.0,0.9434364265335391
Evoformer,RPL32,0.9568802118301392,0.9778421521186829,0.6,1.0,0.8077739767006188
Evoformer,RPL34,0.9434292316436768,0.9586699604988098,0.65,1.0,0.8237419411729096
Evoformer,RPL35,0.9673891663551331,0.9666811227798462,0.7,1.0,0.9517777883027511
Evoformer,RPL35A,0.9723283648490906,0.9800577759742737,0.6,1.0,0.9376792059175765
Evoformer,RPL36,0.9704195261001587,0.966560959815979,0.65,1.0,0.9346561475505236
Evoformer,RPL36A,0.822771430015564,0.8525519967079163,0.85,1.0,0.6521528394619128
Evoformer,RPL37A,0.9431090354919434,0.9639406800270081,0.55,1.0,0.7983669002226612
Evoformer,RPL38,0.9606789350509644,0.9300273656845093,0.65,1.0,0.9567414273261925
Evoformer,RPL4,0.9746899008750916,0.9800515174865723,0.75,1.0,0.9547152197123495
Evoformer,RPL41,0.5946227312088013,0.5226483345031738,0.25,0.8,0.7740269499825148
Evoformer,RPL5,0.9840959906578064,0.9639677405357361,0.6,1.0,0.9676070570489647
Evoformer,RPL6,0.973567008972168,0.960966169834137,0.7,1.0,0.9506614597182109
Evoformer,RPL7,0.9695010781288147,0.9624065160751343,0.65,1.0,0.9530588678431241
Evoformer,RPL7L1,0.9818670749664307,0.9667011499404907,0.8,1.0,0.9572644412761893
Evoformer,RPL8,0.957508385181427,0.9479819536209106,0.7,1.0,0.9342419768768939
Evoformer,RPL9,0.9817006587982178,0.9674050211906433,0.8,1.0,0.9514704267462168
Evoformer,RPLP0,1.0128511190414429,1.0164761543273926,0.55,1.0,0.9709404527320351
Evoformer,RPP14,0.9806622266769409,0.9717720746994019,0.75,1.0,0.9529067939284137
Evoformer,RPP21,0.7101026773452759,0.6108343601226807,0.4,1.0,0.9382922198010404
Evoformer,RPP30,0.9708519577980042,0.9646754860877991,0.65,1.0,0.9518775892874992
Evoformer,RPP40,0.914520263671875,0.8615655303001404,0.7,1.0,0.9536520684167774
Evoformer,RPS11,0.9730306267738342,0.9545915126800537,0.7,1.0,0.9493463429792545
Evoformer,RPS12,0.9703008532524109,0.9572803378105164,0.75,1.0,0.9466791143972402
Evoformer,RPS13,0.9947864413261414,0.9906454682350159,0.7,1.0,0.9521747983223171
Evoformer,RPS14,0.9836663603782654,0.9614204168319702,0.8,1.0,0.8647016711883304
Evoformer,RPS15,0.9662744998931885,0.9592979550361633,0.6,1.0,0.9395777660922566
Evoformer,RPS15A,0.9618952870368958,0.9428427219390869,0.7,1.0,0.9511818836807417
Evoformer,RPS18,0.8966590166091919,0.9493744373321533,0.7,1.0,0.7450672367055826
Evoformer,RPS19,0.9575485587120056,0.9610795378684998,0.8,1.0,0.9405299219594102
Evoformer,RPS19BP1,0.976786196231842,0.9361976981163025,0.75,1.0,0.9645930133846226
Evoformer,RPS2,0.9790821075439453,0.9699553847312927,0.8,1.0,0.9174966148909135
Evoformer,RPS20,0.9793391823768616,0.9602455496788025,0.65,1.0,0.9617716303254225
Evoformer,RPS21,0.9353017210960388,0.8597599864006042,0.75,1.0,0.9477765532447493
Evoformer,RPS24,0.9317408204078674,0.9820648431777954,0.8,1.0,0.6064688266047285
Evoformer,RPS26,0.9705354571342468,0.9687711596488953,0.7,1.0,0.9566921212237763
Evoformer,RPS27,0.5626167058944702,0.7036052942276001,0.3,1.0,0.6511890401928235
Evoformer,RPS27A,0.9788318872451782,0.9903240203857422,0.65,1.0,0.9486798778426595
Evoformer,RPS28,0.959759533405304,0.9206290245056152,0.7,1.0,0.9237280845870116
Evoformer,RPS3,0.9700307846069336,0.9587772488594055,0.7,1.0,0.6410216173136843
Evoformer,RPS3A,0.9677196741104126,0.9589594006538391,0.75,1.0,0.9514988596359614
Evoformer,RPS4X,0.9390063285827637,0.8964861631393433,0.75,1.0,0.9624991182523355
Evoformer,RPS6,0.9484416246414185,0.9865474700927734,0.7,1.0,0.6441163019117214
Evoformer,RPS7,0.994741678237915,0.9938376545906067,0.75,1.0,0.9531762530902521
Evoformer,RPS8,0.9544123411178589,0.9844658970832825,0.7,1.0,0.6327176958079985
Evoformer,RPS9,0.9856566786766052,0.9798794388771057,0.8,1.0,0.9644853443719801
Evoformer,RPSA,0.9677969813346863,0.9546371698379517,0.65,1.0,0.905629847395793
Evoformer,RPUSD3,0.8311446309089661,0.7445439696311951,0.55,1.0,0.9317149745537622
Evoformer,RPUSD4,0.6731365323066711,0.5699324011802673,0.5,1.0,0.9289077111158315
Evoformer,RRN3,0.9196392297744751,0.887561559677124,0.7,0.95,0.9171297124974022
Evoformer,RRP12,0.9823546409606934,0.9675751328468323,0.75,1.0,0.9653545126240467
Evoformer,RRP15,0.8013911247253418,0.6917955279350281,0.65,1.0,0.9669773302501907
Evoformer,RRP7A,0.9620181322097778,0.9448973536491394,0.75,1.0,0.9623628562433869
Evoformer,RRP9,0.9064322710037231,0.8142294883728027,0.75,1.0,0.927344535786558
Evoformer,RRS1,1.0085550546646118,1.008471131324768,0.8,1.0,0.9566686338824412
Evoformer,RSL24D1,0.9809754490852356,0.9455306529998779,0.85,1.0,0.9728431965601506
Evoformer,RTCB,0.6389073729515076,0.5210782885551453,0.25,0.95,0.8873572529325726
Evoformer,RTEL1,0.5940302014350891,0.5392835140228271,0.2,0.95,0.8502214938841705
Evoformer,RTRAF,0.7689584493637085,0.7573832273483276,0.75,1.0,0.9042840581141521
Evoformer,RTTN,0.5709778070449829,0.49171045422554016,0.15,0.85,0.6092946335872265
Evoformer,RUVBL1,0.9481188654899597,0.9300686120986938,0.55,1.0,0.8815916875401942
Evoformer,RUVBL2,0.9299222826957703,0.9085851311683655,0.65,1.0,0.9359372952639443
Evoformer,S100A1,0.6405378580093384,0.5707864165306091,0.45,0.95,0.8706006495196319
Evoformer,SAE1,0.7118608355522156,0.6699710488319397,0.3,0.8,0.7220619736216941
Evoformer,SAMD4B,0.8283450603485107,0.6996316909790039,0.55,0.9,0.9179743761494765
Evoformer,SAP18,0.6095157861709595,0.5412973761558533,0.4,1.0,0.8300853088652644
Evoformer,SARS2,0.693573534488678,0.587035596370697,0.55,1.0,0.9178404750881627
Evoformer,SART1,0.9912254214286804,1.0055840015411377,0.7,1.0,0.9481884127205904
Evoformer,SART3,0.9681850671768188,0.9836683869361877,0.55,1.0,0.8365323959563198
Evoformer,SASS6,0.7453057169914246,0.6466988921165466,0.4,1.0,0.8524507730344962
Evoformer,SBNO1,0.70135897397995,0.6165264844894409,0.25,0.95,0.8773412418950315
Evoformer,SCAF1,0.933402955532074,0.9290134310722351,0.6,1.0,0.9368718813202729
Evoformer,SCAP,0.8553839325904846,0.7706424593925476,0.6,0.95,0.9213750954373168
Evoformer,SCD,0.832257866859436,0.8435489535331726,0.7,1.0,0.780935542895465
Evoformer,SCFD1,0.9131447672843933,0.8779450058937073,0.55,1.0,0.9411061331805207
Evoformer,SDAD1,1.0013788938522339,0.979145884513855,0.75,1.0,0.9638129730503865
Evoformer,SDC1,0.9385911822319031,0.8597716093063354,0.8,1.0,0.9266836270002117
Evoformer,SDHAF2,0.5961462259292603,0.577174723148346,0.2,0.85,0.5452439720046186
Evoformer,SDHC,0.6632742881774902,0.5790245532989502,0.45,1.0,0.7088262115088236
Evoformer,SDR39U1,0.8312752842903137,0.734514594078064,0.7,1.0,0.9689328140356159
Evoformer,SEC61B,0.8369147777557373,0.7577019929885864,0.65,1.0,0.8982568254602938
Evoformer,SEC61G,0.9676340818405151,0.9664585590362549,0.55,1.0,0.9384103698810564
Evoformer,SEH1L,0.8224960565567017,0.7657629251480103,0.5,1.0,0.9121349742002192
Evoformer,SEM1,0.8046754598617554,0.7682754397392273,0.5,1.0,0.9318026589312229
Evoformer,SEPHS2,0.5869166254997253,0.5451312065124512,0.3,0.9,0.9129444081986738
Evoformer,SEPSECS,0.624751091003418,0.5454893708229065,0.25,0.95,0.8594021977004285
Evoformer,SERPINB1,0.6710193157196045,0.6539137959480286,0.35,1.0,0.8249893451380832
Evoformer,SETD1A,0.9664803743362427,0.9611923694610596,0.6,1.0,0.973772514563434
Evoformer,SETD5,0.8265885710716248,0.7592759728431702,0.65,1.0,0.8805019074807626
Evoformer,SETDB1,0.6067964434623718,0.5477747321128845,0.3,0.95,0.7023903567603943
Evoformer,SETX,0.6774177551269531,0.6474738121032715,0.35,0.95,0.7964817299813578
Evoformer,SF3B3,0.9475463628768921,0.9702333211898804,0.55,1.0,0.9540223049151616
Evoformer,SF3B4,0.9336596131324768,0.9048712253570557,0.75,1.0,0.9862283094205555
Evoformer,SF3B5,0.943327784538269,0.9587865471839905,0.55,1.0,0.9658404280127015
Evoformer,SHC1,0.6003517508506775,0.5384650826454163,0.35,0.85,0.8511081684136295
Evoformer,SHOC2,0.8351478576660156,0.7993831038475037,0.3,0.95,0.6453435025626022
Evoformer,SHQ1,0.6416868567466736,0.6008880138397217,0.3,1.0,0.7344625255744925
Evoformer,SKA3,0.9024034738540649,0.8363627195358276,0.7,1.0,0.9579956008771903
Evoformer,SKP1,0.8842611908912659,0.8510271906852722,0.7,1.0,0.9590283981845467
Evoformer,SLBP,0.9268104434013367,0.8593361973762512,0.6,1.0,0.9365004609104712
Evoformer,SLC16A5,0.8929598927497864,0.8327699899673462,0.75,1.0,0.9724805075870903
Evoformer,SLC1A5,0.5802620053291321,0.5085398554801941,0.4,0.9,0.7827371154607985
Evoformer,SLC2A8,0.9069100022315979,0.8324244618415833,0.65,1.0,0.9585235138504286
Evoformer,SLC39A7,0.9496945738792419,0.8569614887237549,0.7,1.0,0.9521604776287934
Evoformer,SLC39A9,0.6353877782821655,0.5567194819450378,0.35,0.95,0.8498193365904101
Evoformer,SLC7A6OS,0.9380633234977722,0.9003314971923828,0.7,1.0,0.7864218883776433
Evoformer,SLU7,0.9839136600494385,0.9840682744979858,0.7,1.0,0.9639034979223264
Evoformer,SMC1A,0.8030247688293457,0.7745432257652283,0.4,0.95,0.8458900158673817
Evoformer,SMC5,0.6005111336708069,0.5168940424919128,0.3,0.85,0.728770154083025
Evoformer,SMC6,0.7307002544403076,0.6130275130271912,0.6,1.0,0.9360347519639433
Evoformer,SMG5,1.0433331727981567,1.031572699546814,0.9,1.0,0.9310678255775588
Evoformer,SMG7,1.009279489517212,0.913981556892395,1.0,1.0,0.9692798057717558
Evoformer,SMN2,0.9870322942733765,1.0072559118270874,0.6,1.0,0.9661799976080907
Evoformer,SMNDC1,0.878785252571106,0.8508431911468506,0.45,1.0,0.9784959976797301
Evoformer,SMUG1,0.8141877055168152,0.6837932467460632,0.65,1.0,0.9438628512989158
Evoformer,SNAPC2,0.8806305527687073,0.8559929728507996,0.4,1.0,0.9651575504945623
Evoformer,SNAPC3,0.6440342664718628,0.5634283423423767,0.3,1.0,0.9140224398815316
Evoformer,SNAPC5,0.586513340473175,0.5116007924079895,0.25,0.95,0.8878688964839834
Evoformer,SNRNP200,0.9541903138160706,0.9776591658592224,0.6,1.0,0.9385438057666502
Evoformer,SNRNP25,0.7060624957084656,0.63802570104599,0.3,1.0,0.8476647632250953
Evoformer,SNRNP27,0.8322124481201172,0.7399742603302002,0.55,0.95,0.8681996828550725
Evoformer,SNRNP35,0.8974105715751648,0.8269205093383789,0.7,1.0,0.9550841088315691
Evoformer,SNRNP40,0.7610814571380615,0.6948482394218445,0.4,0.95,0.8692541868368114
Evoformer,SNRNP48,0.9026864767074585,0.827006459236145,0.65,1.0,0.9449946590890491
Evoformer,SNRNP70,0.8902217149734497,0.8925834894180298,0.55,0.95,0.9397199346708165
Evoformer,SNRPA1,0.914563000202179,0.8988879323005676,0.55,1.0,0.9749797324720524
Evoformer,SNRPB,0.9831802845001221,0.9521001577377319,0.75,1.0,0.979115978896435
Evoformer,SNRPC,0.8827869892120361,0.871657133102417,0.75,1.0,0.9690268732255299
Evoformer,SNRPD1,0.976963460445404,0.9500794410705566,0.75,1.0,0.9871105195290992
Evoformer,SNRPD3,0.9828045964241028,0.9573012590408325,0.65,1.0,0.9829423161542914
Evoformer,SNRPE,0.9648942947387695,0.957520604133606,0.55,1.0,0.9748921197541495
Evoformer,SNRPF,0.9763268828392029,0.9516176581382751,0.65,1.0,0.9739816482610183
Evoformer,SNUPN,0.649758517742157,0.580362856388092,0.35,1.0,0.7480557132905573
Evoformer,SOD2,0.5937865972518921,0.5316948294639587,0.3,1.0,0.8463386845331486
Evoformer,SP1,0.7493618726730347,0.6854660511016846,0.45,1.0,0.841604711734539
Evoformer,SPAG7,0.6412078142166138,0.5726360082626343,0.25,1.0,0.8547231933270101
Evoformer,SPATA5L1,0.9004307985305786,0.8145015239715576,0.5,1.0,0.9510176041870828
Evoformer,SPC25,0.9641897678375244,0.9381551146507263,0.7,1.0,0.9641188947429721
Evoformer,SPCS3,0.8363892436027527,0.7617111802101135,0.6,1.0,0.9193139883922067
Evoformer,SPG7,0.6133913993835449,0.525367021560669,0.3,1.0,0.7998390037510285
Evoformer,SPOUT1,0.9850780367851257,0.9408013224601746,0.7,1.0,0.9732778921362006
Evoformer,SPRTN,0.6413816809654236,0.5523772835731506,0.35,0.95,0.871317728018053
Evoformer,SPTSSA,0.5365906357765198,0.47819992899894714,0.1,0.95,0.7564640846338582
Evoformer,SRA1,0.6473647952079773,0.5714843273162842,0.3,0.95,0.8639599335234818
Evoformer,SRBD1,0.9197465181350708,0.8641489148139954,0.7,0.95,0.840138131392976
Evoformer,SRF,0.6159664392471313,0.5526103973388672,0.35,1.0,0.8419294670609682
Evoformer,SRFBP1,0.9583426117897034,0.9454160332679749,0.65,1.0,0.9563945438954075
Evoformer,SRP14,0.74891597032547,0.6736234426498413,0.35,1.0,0.8614426674678105
Evoformer,SRP54,0.9793992638587952,0.9992812275886536,0.8,1.0,0.8749561049461976
Evoformer,SRP68,0.9476008415222168,0.9652374982833862,0.6,1.0,0.8147803713861332
Evoformer,SRP72,0.905812680721283,0.8929835557937622,0.4,1.0,0.8050745693748929
Evoformer,SRP9,0.7020347714424133,0.6192830204963684,0.5,1.0,0.8308115947633844
Evoformer,SRPRB,0.8342651128768921,0.7453247904777527,0.4,1.0,0.9488909867506047
Evoformer,SRRM1,0.6970543265342712,0.6101002097129822,0.7,1.0,0.9311630654318348
Evoformer,SRRM2,0.6837525367736816,0.6146681308746338,0.3,1.0,0.9147344017902336
Evoformer,SRSF1,0.8151155114173889,0.7537792921066284,0.5,1.0,0.8572006125579099
Evoformer,SRSF6,0.6836940050125122,0.5957655906677246,0.35,1.0,0.9249296289781865
Evoformer,SRSF7,0.9366648197174072,0.9054492115974426,0.85,1.0,0.9425806373830138
Evoformer,SS18L2,0.7266455888748169,0.6329018473625183,0.6,1.0,0.9184275572304669
Evoformer,SSBP3,0.6082168817520142,0.5405355095863342,0.25,1.0,0.6162699934412617
Evoformer,SSU72,0.8751126527786255,0.8622111082077026,0.65,1.0,0.9637906735879279
Evoformer,STAT5B,0.9122209548950195,0.8751987814903259,0.6,1.0,0.8907706182592785
Evoformer,STIL,0.8757898211479187,0.8391205668449402,0.6,1.0,0.9667808389797186
Evoformer,STRAP,0.8548900485038757,0.7847888469696045,0.55,0.95,0.9600174798110122
Evoformer,STRIP1,0.6808000802993774,0.588141679763794,0.5,0.95,0.8854114226739019
Evoformer,STT3B,0.595458984375,0.5378263592720032,0.35,0.95,0.7954560062120697
Evoformer,STX5,0.7895506620407104,0.7249405384063721,0.3,1.0,0.9467562399111694
Evoformer,STXBP4,0.7026482820510864,0.6292731761932373,0.4,1.0,0.9349981835239514
Evoformer,SUDS3,0.7053543925285339,0.6798542141914368,0.35,0.95,0.7692191287985904
Evoformer,SUGT1,0.6708100438117981,0.6408318877220154,0.5,0.9,0.8559127639084005
Evoformer,SUMO2,0.6484271287918091,0.5926545262336731,0.2,0.85,0.6612147602807626
Evoformer,SUPT16H,0.9238383173942566,0.8372462391853333,0.65,1.0,0.9759467427753816
Evoformer,SUPT20H,0.8244534134864807,0.8163168430328369,0.35,0.95,0.8593104430821386
Evoformer,SURF6,0.9912632703781128,0.9631085395812988,0.75,1.0,0.9686774813627079
Evoformer,SYMPK,0.8849485516548157,0.8755055665969849,0.6,1.0,0.9031304489198131
Evoformer,SYS1,0.9007991552352905,0.8128436803817749,0.7,1.0,0.9613467350065759
Evoformer,TACC3,0.8855085968971252,0.8167925477027893,0.7,1.0,0.9502969979697888
Evoformer,TADA1,0.8025416135787964,0.7784140706062317,0.4,0.95,0.7929524113713213
Evoformer,TADA2B,0.6739557981491089,0.6412212252616882,0.35,1.0,0.8472978771459708
Evoformer,TADA3,0.627396285533905,0.5338917970657349,0.35,0.95,0.8785679177588742
Evoformer,TAF10,0.8910289406776428,0.8578159809112549,0.65,1.0,0.9459930971248863
Evoformer,TAF11,0.646450936794281,0.5812978744506836,0.4,1.0,0.7918012368947955
Evoformer,TAF12,0.9036260843276978,0.8763792514801025,0.6,1.0,0.8853939272451725
Evoformer,TAF13,0.801628053188324,0.7852222919464111,0.5,1.0,0.8825938066581425
Evoformer,TAF1B,0.7359492778778076,0.629233181476593,0.5,1.0,0.88351267282639
Evoformer,TAF1C,0.8294609189033508,0.7065280675888062,0.7,1.0,0.941874057344357
Evoformer,TAF1D,0.8944578766822815,0.8170429468154907,0.75,1.0,0.9138462201296811
Evoformer,TAF2,0.8753136992454529,0.870433509349823,0.5,0.95,0.9146888009758329
Evoformer,TAF3,0.7612049579620361,0.7005983591079712,0.55,0.95,0.8386909529641433
Evoformer,TAF5,0.8803588151931763,0.8419946432113647,0.55,1.0,0.9334739255892549
Evoformer,TAF6,0.7804228663444519,0.719484269618988,0.65,1.0,0.9063502105907916
Evoformer,TAF6L,0.7164661884307861,0.6659811735153198,0.5,1.0,0.9111805080427005
Evoformer,TAF7,0.8553324937820435,0.8413525223731995,0.35,1.0,0.8667549519434032
Evoformer,TAF8,0.8954558968544006,0.9006067514419556,0.5,1.0,0.9635135017391769
Evoformer,TAMM41,0.6839465498924255,0.6139075756072998,0.4,1.0,0.9462024351632015
Evoformer,TARS,0.9376070499420166,0.8460986018180847,0.75,1.0,0.966834804000534
Evoformer,TARS2,0.905559241771698,0.8890611529350281,0.4,0.95,0.9283411242399753
Evoformer,TAZ,0.6369491219520569,0.5812543630599976,0.1,1.0,0.8863071773756911
Evoformer,TBCA,0.6140620708465576,0.5109255313873291,0.45,0.95,0.8893201541716677
Evoformer,TBCB,0.8877999782562256,0.85433429479599,0.45,1.0,0.5521469750398357
Evoformer,TBCD,0.7326118350028992,0.6449356079101562,0.65,1.0,0.9503672757397369
Evoformer,TBP,0.7359200119972229,0.6466469168663025,0.6,0.95,0.831564180665496
Evoformer,TBPL1,0.5894407629966736,0.5839343070983887,0.2,0.85,0.6468385544188716
Evoformer,TCERG1,0.700531005859375,0.6434643268585205,0.25,0.95,0.8211338210613386
Evoformer,TCOF1,0.7824233174324036,0.7894129753112793,0.35,1.0,0.8566171975536645
Evoformer,TEAD3,0.6552733182907104,0.547539472579956,0.5,1.0,0.9178059086818589
Evoformer,TEN1,0.7026352882385254,0.5789359211921692,0.5,1.0,0.8441535066303785
Evoformer,TERF2,0.9845396876335144,0.9541670083999634,0.8,1.0,0.9275727705115919
Evoformer,TEX10,1.019312858581543,1.0228034257888794,0.75,1.0,0.9682450868051504
Evoformer,TFAM,1.0406408309936523,0.9748026132583618,0.35,0.95,0.9591943194499887
Evoformer,TFB1M,0.7003687620162964,0.6010370254516602,0.3,1.0,0.7878767598270403
Evoformer,TFDP1,0.7627547979354858,0.6903447508811951,0.6,1.0,0.7310890399966576
Evoformer,TFRC,0.8825337886810303,0.799496054649353,0.7,1.0,0.9224197221999492
Evoformer,TGS1,0.7253626585006714,0.650002658367157,0.25,1.0,0.789384002079806
Evoformer,THAP1,0.9915431141853333,1.0025557279586792,0.7,1.0,0.9697760967009941
Evoformer,THAP11,0.6730899810791016,0.6168950796127319,0.4,0.95,0.8105440300213546
Evoformer,THOC1,0.760144054889679,0.7001319527626038,0.55,1.0,0.9321963920292387
Evoformer,THOC2,0.9148210287094116,0.9178823232650757,0.65,1.0,0.9741181432463791
Evoformer,THOC3,0.7132908701896667,0.6375076770782471,0.45,1.0,0.8781486355993855
Evoformer,THOC5,0.8790276646614075,0.8391211032867432,0.45,0.95,0.9440406461338119
Evoformer,THOC6,0.664038896560669,0.5899171829223633,0.45,1.0,0.8737198555655129
Evoformer,THOC7,0.7161325812339783,0.6333492398262024,0.45,0.95,0.8304636891194305
Evoformer,THRAP3,0.6399319171905518,0.5717431902885437,0.4,0.95,0.904931486515461
Evoformer,TIGD1,0.6221230030059814,0.5367730259895325,0.45,1.0,0.9191781751170451
Evoformer,TIMM10,0.6773181557655334,0.5813943147659302,0.5,0.95,0.8641098311602362
Evoformer,TIMM13,0.8959967494010925,0.7927359342575073,0.6,1.0,0.9637137461064167
Evoformer,TIMM23B,1.0267270803451538,1.031137228012085,0.65,1.0,0.970468466255468
Evoformer,TIMM44,1.0016095638275146,0.9782750606536865,0.65,1.0,0.977310440524486
Evoformer,TIMM8A,0.5836101174354553,0.4869671165943146,0.4,0.85,0.6727325128380257
Evoformer,TIMM9,0.7754372358322144,0.6905346512794495,0.55,0.95,0.9140724439158416
Evoformer,TINF2,0.858876645565033,0.7568928003311157,0.5,0.95,0.835745984448578
Evoformer,TLCD1,0.7421399354934692,0.6141175627708435,0.5,1.0,0.9289990644491092
Evoformer,TM7SF2,0.5737771987915039,0.5035345554351807,0.1,0.95,0.7039279360269269
Evoformer,TMA16,0.978116512298584,0.9088760018348694,0.7,1.0,0.9594703335096008
Evoformer,TMED10,0.7994838953018188,0.7338743209838867,0.7,1.0,0.9561208029484394
Evoformer,TMEM127,0.599294900894165,0.5513336062431335,0.3,0.9,0.7018495101851576
Evoformer,TMEM199,0.740915060043335,0.6506666541099548,0.6,0.95,0.9497800257725351
Evoformer,TMEM214,0.7685452103614807,0.6929835677146912,0.45,1.0,0.9650323012265576
Evoformer,TMEM242,0.9086155891418457,0.8679210543632507,0.45,0.95,0.9245284102610108
Evoformer,TMSB10,0.6288014054298401,0.7584574222564697,0.3,1.0,0.6937935367781269
Evoformer,TMX2,0.9177009463310242,0.8752909898757935,0.45,1.0,0.9529729224778571
Evoformer,TNPO3,0.8920008540153503,0.8431304693222046,0.6,1.0,0.9167800145196217
Evoformer,TNRC6A,0.6962546110153198,0.6651086807250977,0.35,1.0,0.8335472698799774
Evoformer,TOE1,0.58636873960495,0.5119515657424927,0.25,0.9,0.768109166863183
Evoformer,TOMM22,0.9969756603240967,0.9095326066017151,0.75,1.0,0.9437955594418598
Evoformer,TOMM40,0.8285033702850342,0.6893717050552368,0.65,1.0,0.924458913185787
Evoformer,TOP3A,0.5865734219551086,0.4941023886203766,0.4,0.95,0.8796952077931035
Evoformer,TOPBP1,0.8543751239776611,0.7660828232765198,0.7,1.0,0.9508827507413156
Evoformer,TP53I13,0.7917780876159668,0.6567603349685669,0.65,1.0,0.9170218505186386
Evoformer,TP53RK,0.9386624097824097,0.8608139157295227,0.6,1.0,0.9745085568350206
Evoformer,TPR,0.8559595346450806,0.8239401578903198,0.6,1.0,0.8766703274363287
Evoformer,TPRKB,0.9289034605026245,0.8715038895606995,0.65,0.95,0.9092066355472004
Evoformer,TPT1,0.8875952959060669,0.9812975525856018,0.6,1.0,0.7812355710937117
Evoformer,TPX2,1.0016473531723022,0.9945604205131531,0.5,1.0,0.9620196946065861
Evoformer,TRA2B,0.7743933200836182,0.6707229018211365,0.35,0.95,0.8365553840714878
Evoformer,TRAIP,0.6855931282043457,0.5773696899414062,0.45,1.0,0.9313750498464808
Evoformer,TRAPPC1,0.7525343894958496,0.6579082012176514,0.3,0.95,0.8984528771219632
Evoformer,TRAPPC11,0.743610143661499,0.671774685382843,0.4,1.0,0.8651547617094213
Evoformer,TRAPPC3,0.6251714825630188,0.55291748046875,0.3,1.0,0.8631467142250534
Evoformer,TRAPPC4,0.6594218015670776,0.5898459553718567,0.25,0.95,0.8691054420105667
Evoformer,TRAPPC5,0.9165202975273132,0.8569372296333313,0.55,1.0,0.9573152336964341
Evoformer,TRAPPC8,0.7195899486541748,0.6291453838348389,0.3,1.0,0.941386500329118
Evoformer,TRIAP1,0.6978673934936523,0.600303590297699,0.55,1.0,0.9393764930964558
Evoformer,TRMT112,0.9506763219833374,0.9340142011642456,0.75,1.0,0.9446089915864142
Evoformer,TRMT5,0.7832929491996765,0.6619294881820679,0.6,1.0,0.9585696553467289
Evoformer,TRMT6,0.6562333106994629,0.5697130560874939,0.2,0.95,0.8216585109046769
Evoformer,TRNT1,0.9929794073104858,1.0029034614562988,0.7,1.0,0.9634616610006953
Evoformer,TSEN2,0.9186896085739136,0.8190776705741882,0.55,1.0,0.9737131416871313
Evoformer,TSEN54,0.6272623538970947,0.5363560914993286,0.4,0.95,0.7934565017382674
Evoformer,TSFM,0.6563674211502075,0.5905590057373047,0.45,0.95,0.7227092896341804
Evoformer,TSR1,1.004274845123291,1.0004568099975586,0.75,1.0,0.9406059196151256
Evoformer,TSR2,0.9806606769561768,0.9822931885719299,0.75,1.0,0.9128334957994995
Evoformer,TTC1,0.7155376076698303,0.5943155884742737,0.6,1.0,0.9327123536259909
Evoformer,TTC27,0.7714012861251831,0.6694777607917786,0.6,1.0,0.889830755537557
Evoformer,TTC4,0.7902751564979553,0.6633617281913757,0.7,0.95,0.8796768025538295
Evoformer,TTI1,0.8774774074554443,0.8042420148849487,0.6,1.0,0.9230337674715985
Evoformer,TTK,0.9900767207145691,0.9795339107513428,0.8,1.0,0.9651387006053898
Evoformer,TUBA1B,0.6323809623718262,0.7404989004135132,0.45,0.95,0.7119102724128463
Evoformer,TUBB,0.6719234585762024,0.7339490652084351,0.4,0.95,0.6476059117292355
Evoformer,TUBB2A,0.7162936329841614,0.6515097618103027,0.5,0.95,0.7795153755651629
Evoformer,TUBD1,0.769869863986969,0.6983643770217896,0.35,0.95,0.9113926484260245
Evoformer,TUBE1,0.5750389695167542,0.4918827414512634,0.3,0.95,0.8280187168788883
Evoformer,TUBG1,0.6790382862091064,0.6781268119812012,0.6,1.0,0.7374535381026642
Evoformer,TUBGCP2,0.7535959482192993,0.6983049511909485,0.55,1.0,0.9170998313161359
Evoformer,TUBGCP4,0.7486757040023804,0.679612934589386,0.3,1.0,0.9445689509954153
Evoformer,TUBGCP5,0.8206051588058472,0.7627574801445007,0.65,1.0,0.952914047053344
Evoformer,TUFM,0.6564481854438782,0.573657751083374,0.25,0.95,0.7315953833827107
Evoformer,TVP23C,0.7373217940330505,0.6156136393547058,0.45,0.95,0.8341947030000155
Evoformer,TXNL4B,0.593991756439209,0.5324448347091675,0.25,1.0,0.7988147658634146
Evoformer,U2SURP,0.8513884544372559,0.801987886428833,0.6,1.0,0.9426256581684651
Evoformer,UBA2,0.7426339387893677,0.7299331426620483,0.3,0.85,0.6785229697852773
Evoformer,UBAP1,0.963377833366394,0.9642103910446167,0.55,1.0,0.9552567116231718
Evoformer,UBE2H,0.5888693928718567,0.5039991140365601,0.35,1.0,0.8406204886176075
Evoformer,UBE2I,0.7640284895896912,0.7311974167823792,0.3,0.85,0.672605315564759
Evoformer,UBE2L3,0.7925231456756592,0.7333734035491943,0.6,1.0,0.8228639836473761
Evoformer,UBE3C,0.7047149538993835,0.6042490005493164,0.5,1.0,0.8498748771694228
Evoformer,UBE3D,0.6762771010398865,0.6170651316642761,0.5,0.95,0.8330721274387763
Evoformer,UBL5,0.9157724380493164,0.9187273383140564,0.65,1.0,0.9279412553312782
Evoformer,UBQLN4,0.9303109049797058,0.9225606918334961,0.65,0.95,0.8685691966958772
Evoformer,UBR5,0.6721853017807007,0.5960552096366882,0.25,0.95,0.8654497888419879
Evoformer,UCHL5,0.6967434287071228,0.5948286652565002,0.6,1.0,0.7353670113295286
Evoformer,UFL1,0.8829044699668884,0.8157476186752319,0.6,1.0,0.9338410870597893
Evoformer,UFM1,0.9322987794876099,0.8606817126274109,0.7,1.0,0.9635753493395175
Evoformer,UHRF1,0.7466224431991577,0.7277857661247253,0.2,1.0,0.7985312760172973
Evoformer,UMPS,0.6330012679100037,0.5495409965515137,0.5,0.95,0.8442750355853383
Evoformer,UPF2,0.8726792335510254,0.7661199569702148,0.6,0.95,0.8789846897330859
Evoformer,UQCC2,0.6524766683578491,0.5772960782051086,0.45,0.95,0.8824017448901142
Evoformer,URB1,0.9912157654762268,0.9634221792221069,0.7,1.0,0.9375758950270465
Evoformer,URB2,1.0051966905593872,0.9689142107963562,0.7,1.0,0.9573205875158425
Evoformer,URI1,0.9130988121032715,0.9090660810470581,0.5,1.0,0.857441740998245
Evoformer,URM1,0.6842042207717896,0.5841189026832581,0.45,1.0,0.9231200822756163
Evoformer,UROD,0.5913893580436707,0.5113515257835388,0.3,1.0,0.8841083776224382
Evoformer,USP10,0.7108741998672485,0.6673511862754822,0.2,1.0,0.5756033779816224
Evoformer,USP14,0.588382363319397,0.5377084016799927,0.2,1.0,0.9408493548351656
Evoformer,USP5,0.8417102098464966,0.7795060276985168,0.65,1.0,0.9691641769322114
Evoformer,USP8,0.7697991728782654,0.6708543300628662,0.45,1.0,0.8880484697529267
Evoformer,USP9X,0.6245039105415344,0.5475731492042542,0.3,1.0,0.8876048855572635
Evoformer,UTP11,0.950144350528717,0.9020638465881348,0.8,1.0,0.9564890993526324
Evoformer,UTP15,0.9490920305252075,0.9305339455604553,0.75,1.0,0.9560769322319594
Evoformer,UTP18,0.9478816986083984,0.9177640080451965,0.7,1.0,0.9561527679153748
Evoformer,UTP20,0.987119197845459,0.9706059098243713,0.75,1.0,0.9738740045430121
Evoformer,UTP23,0.9871962666511536,0.964889645576477,0.75,1.0,0.9582508200632647
Evoformer,UTP6,0.9283462166786194,0.8705160617828369,0.65,1.0,0.9625924836253685
Evoformer,UXS1,0.5500326752662659,0.5278305411338806,0.25,0.95,0.7140100775387763
Evoformer,UXT,0.8145461678504944,0.7618874907493591,0.4,0.95,0.8764978193109436
Evoformer,VARS,0.9728727340698242,0.9996617436408997,0.6,1.0,0.9446682488084249
Evoformer,VARS2,0.6883147358894348,0.6066514849662781,0.45,1.0,0.9228578155527751
Evoformer,VPS13D,0.6675399541854858,0.5940515398979187,0.25,1.0,0.8918311146018181
Evoformer,VPS29,0.6580218076705933,0.568439245223999,0.35,0.95,0.8902476613381904
Evoformer,VPS35,0.7405951023101807,0.6601547598838806,0.4,0.95,0.7872679141937433
Evoformer,VPS41,0.8624572157859802,0.7630040049552917,0.5,1.0,0.8704050976734973
Evoformer,VPS54,0.6924713850021362,0.6522666215896606,0.3,1.0,0.5099945055645039
Evoformer,WARS,0.8971313238143921,0.786759078502655,0.6,1.0,0.9628103161172221
Evoformer,WBP1,0.6711556911468506,0.6001877188682556,0.3,0.9,0.8446061582097019
Evoformer,WBP1L,0.5918697118759155,0.5217635631561279,0.45,1.0,0.8695724852317412
Evoformer,WDFY3,0.5428527593612671,0.48117387294769287,0.25,1.0,0.8401482114827202
Evoformer,WDHD1,0.779141366481781,0.6978506445884705,0.45,1.0,0.9297568460573719
Evoformer,WDR1,1.0228675603866577,1.03481125831604,0.55,1.0,0.9042179109352706
Evoformer,WDR12,1.008859634399414,1.0010919570922852,0.8,1.0,0.9698563455654243
Evoformer,WDR18,0.9123028516769409,0.8993222713470459,0.6,1.0,0.9138723871667123
Evoformer,WDR26,0.6532976031303406,0.612919270992279,0.1,1.0,0.5997754094904952
Evoformer,WDR3,0.9626041650772095,0.9164038896560669,0.7,1.0,0.9748716492971711
Evoformer,WDR33,0.9198845028877258,0.8415384888648987,0.6,1.0,0.9417839674888656
Evoformer,WDR36,0.9342564940452576,0.9042148590087891,0.7,1.0,0.9537211513946262
Evoformer,WDR4,0.6815499663352966,0.5917176008224487,0.25,0.95,0.8232118442138644
Evoformer,WDR43,0.9542534351348877,0.9505445957183838,0.75,1.0,0.9504024733171839
Evoformer,WDR46,0.9753709435462952,0.9600430130958557,0.65,1.0,0.9642676428226613
Evoformer,WDR5,0.8051939010620117,0.8089433908462524,0.45,1.0,0.9209595261375892
Evoformer,WDR70,0.9390971660614014,0.9765759706497192,0.4,1.0,0.9103525079956406
Evoformer,WDR75,0.9488519430160522,0.9374273419380188,0.75,1.0,0.9558797337646128
Evoformer,WDR77,0.8003977537155151,0.7373340129852295,0.45,1.0,0.910025276261668
Evoformer,WDR83OS,0.7158077955245972,0.6580955386161804,0.35,1.0,0.9011790137814627
Evoformer,WTAP,0.7396884560585022,0.6816279888153076,0.35,0.9,0.8501794750568121
Evoformer,XPO1,0.9428329467773438,0.9155213832855225,0.7,1.0,0.9712041662732839
Evoformer,XPO5,0.6767087578773499,0.5754838585853577,0.35,1.0,0.7972852174441145
Evoformer,XRCC1,0.5596480369567871,0.485940158367157,0.4,0.9,0.7740116761397129
Evoformer,XRCC2,0.6277525424957275,0.5770044326782227,0.2,0.95,0.8276154058993559
Evoformer,XRCC5,0.9520785212516785,0.8526695370674133,0.75,1.0,0.9414404421663447
Evoformer,XRCC6,0.8654235005378723,0.7551342844963074,0.65,1.0,0.9488524521196247
Evoformer,XRN2,0.671095609664917,0.5866602063179016,0.4,0.95,0.8786908861497437
Evoformer,YARS,0.9472485184669495,0.8897749781608582,0.7,1.0,0.9586165401812486
Evoformer,YARS2,0.8088270425796509,0.7137143015861511,0.4,1.0,0.9696431371467376
Evoformer,YEATS2,0.7547631859779358,0.6892555356025696,0.8,1.0,0.845686606164281
Evoformer,YPEL5,0.6334335207939148,0.5591055154800415,0.4,0.9,0.821805641660222
Evoformer,YTHDC1,0.9306175708770752,0.9215379953384399,0.4,1.0,0.9342425607916641
Evoformer,ZBTB17,0.7303958535194397,0.639713704586029,0.35,0.95,0.8651336484130835
Evoformer,ZC3H13,0.8366976380348206,0.7795644998550415,0.45,1.0,0.9512024934120782
Evoformer,ZC3H4,0.6997174620628357,0.6685190796852112,0.3,0.9,0.7278197672334199
Evoformer,ZCCHC9,0.9759699106216431,0.9744762778282166,0.75,1.0,0.9569599746275378
Evoformer,ZCRB1,0.665785014629364,0.6172065138816833,0.25,1.0,0.9271225197235389
Evoformer,ZDHHC7,0.9019008874893188,0.9389827847480774,0.55,1.0,0.8154135150712745
Evoformer,ZFC3H1,0.823802649974823,0.7336876392364502,0.55,1.0,0.7625214327799706
Evoformer,ZMAT2,0.9073066711425781,0.9196210503578186,0.4,1.0,0.8328455660254122
Evoformer,ZNF143,0.8030876517295837,0.7330289483070374,0.4,1.0,0.8969726290435232
Evoformer,ZNF207,0.8666387796401978,0.828081488609314,0.35,1.0,0.9201634104720572
Evoformer,ZNF236,0.9408456087112427,0.9620668888092041,0.6,0.95,0.5995900326406306
Evoformer,ZNF292,0.5906498432159424,0.5239284634590149,0.3,1.0,0.8062514572973174
Evoformer,ZNF574,0.9281189441680908,0.832679808139801,0.7,1.0,0.8691676785376542
Evoformer,ZNF720,0.6734132170677185,0.5585426688194275,0.35,1.0,0.4418304821094852
Evoformer,ZNF787,0.9655600190162659,0.8985128402709961,0.65,1.0,0.9609922379378494
Evoformer,ZNF84,0.9556681513786316,0.9429123401641846,0.7,1.0,0.9635421507166897
Evoformer,ZNHIT1,0.7687584757804871,0.7069227695465088,0.3,1.0,0.8887058448347568
Evoformer,ZNHIT2,0.9010177850723267,0.8951839208602905,0.45,1.0,0.9402789696461608
Evoformer,ZNHIT3,0.8373194932937622,0.7475698590278625,0.6,1.0,0.9616673888139332
Evoformer,ZNHIT6,0.9334228038787842,0.8965672254562378,0.75,1.0,0.9613074465685122
Evoformer,ZNRD1,0.9040459990501404,0.8270555734634399,0.7,1.0,0.952438050122665
